population,glottocode,n_individuals,min_largest_share,max_largest_share,min_heterogeneity,max_heterogeneity,number_of_K_passing_component_screen
Adygei,adyg1241,18,0.38944444444444454,0.6072978333333334,0.569732051787753,0.6777966430344413,19
Adygei_Mamkheg,adyg1241,4,0.3738895,0.6217415000000001,0.5579815450628749,0.6769932876558126,19
Armenian,nucl1235,11,0.44986718181818186,0.6489954545454546,0.524977774406066,0.6140156389253884,19
Armenian_WGA,nucl1235,3,0.43343133333333334,0.588581,0.5466351378196666,0.6509859222751111,19
Ashkenazi_Jew,east2295,8,0.30727774999999996,0.46169487499999995,0.586912754365297,0.7632894008067187,11
Azeri_Azerbajan,nort2697,9,0.4389037777777778,0.5774416666666666,0.6149929406547283,0.6984367010665925,16
Azeri_Dagestan,nort2697,7,0.40273,0.594715,0.594321826915449,0.6789490179461225,16
Azeri_WGA,nort2697,2,0.4562695,0.6133705,0.5622780455859999,0.6674836867835,19
BantuSA_Zulu,zulu1248,1,0.796829,0.860709,0.24082982649500007,0.34642381066399985,19
Bashkir_IkskoBelsky_Kyrgyz,bash1264,6,0.3287841666666667,0.6001846666666667,0.5914772405070555,0.7626149693081111,9
Bashkir_IkskoBelsky_Uran,bash1264,8,0.343509375,0.6161265,0.5713790176547031,0.754582251371375,9
Bashkir_Ming_Miyakinsky,bash1264,9,0.31133600000000006,0.5483603333333333,0.6336044033348642,0.7852093585002098,3
Bashkir_North_Tabyn_Balysky,bash1264,7,0.31971642857142857,0.5476608571428572,0.6314265177285714,0.78626681181,3
Bashkir_North_Unlar,bash1264,4,0.33648749999999994,0.5857559999999999,0.5983360030151876,0.7712076274566875,6
Bashkir_Tamyan_Kypcak,bash1264,7,0.2820452857142857,0.4424347142857143,0.6922365922460001,0.8312372564701224,3
Belarusian,bela1254,10,0.5516627,0.8754839999999999,0.22687085375898008,0.53660583255614,19
Bergamo,ital1282,13,0.40679699999999996,0.6191583076923077,0.48811517379541414,0.6574108418260473,19
Bulgarian,bulg1262,10,0.40447570000000005,0.6300463999999999,0.5057773231731001,0.6965485998895,19
Czech,czec1258,10,0.5745833,0.8194217000000001,0.3067219781659898,0.5539111172605999,19
English_Cornwall,stan1293,5,0.5618328,0.8121778000000001,0.3118979418710398,0.55756802972572,19
English_Kent,stan1293,5,0.5598182,0.8134286,0.31045286757776,0.5542969270994399,19
Estonian,esto1258,10,0.5405872,0.9313775999999999,0.13139435371700015,0.51239821669152,9
Ezid,nort2641,7,0.4657752857142857,0.594773,0.5885938108787143,0.6795983717458367,16
Finnish,finn1318,8,0.49993249999999995,0.864372625,0.24649447566057814,0.5700622321560938,18
French_Central,stan1290,26,0.4739279615384614,0.745818653846154,0.3903889300214539,0.6048791637813462,19
French_East,stan1290,10,0.4943340000000001,0.7506929999999999,0.38630288083188014,0.6024225586647898,19
French_Northwest,stan1290,10,0.49023969999999994,0.7467103,0.3978398293743899,0.61015345813423,19
French_South,stan1290,7,0.4897142857142857,0.7671855714285715,0.3640300984644693,0.5351429499895102,19
French_West,stan1290,10,0.5728447,0.8251464000000001,0.2957864378414399,0.54223184631024,19
Georgian,nucl1302,12,0.4886743333333334,0.7387696666666667,0.4198703084672639,0.6336112254144652,19
German_Lipsian,stan1295,10,0.5912461000000001,0.8238628,0.2985848413465899,0.5430561664931401,19
Hungarian1,hung1274,10,0.5657623,0.7777016000000001,0.36104094210578974,0.57917184398495,19
Hungarian2,hung1274,10,0.5525127000000001,0.7588143999999999,0.3867225589929303,0.5948721452818,19
Icelandic,icel1247,12,0.6041764166666667,0.8612814166666666,0.24532092010407658,0.5172341626224028,19
Iran_Non-Zoroastrian_Fars,west2369,17,0.4446588235294118,0.6169648823529412,0.5697872519766158,0.6720057067182975,16
Irish_Cork_Kerry,iris1253,6,0.5947785,0.8380195,0.2784872838224165,0.5370446964661945,19
Irish_Leinster,iris1253,6,0.591887,0.8373471666666665,0.28107011861555586,0.543358437437861,19
Kabardinian,kaba1278,10,0.3808652,0.5148743,0.63892467969901,0.70275771209772,19
Kurd,nort2641,9,0.43811700000000003,0.5815117777777777,0.6045485033639134,0.6943863367801113,16
Kurd_WGA,nort2641,2,0.421103,0.5784365,0.5983051422357499,0.70276700748875,19
Lithuanian,lith1251,10,0.5569845999999999,0.9482366000000001,0.10002060230589982,0.4955495107375998,9
Mala,telu1262,16,0.5872663125,0.8101534374999999,0.3255239779776484,0.4976704500890038,19
Norwegian,norw1258,11,0.6042878181818181,0.8517727272727273,0.2604862602601734,0.5219709002246281,19
Polish_Lublin,poli1260,8,0.5689736249999999,0.84862175,0.26545248729214077,0.5446328044909374,19
Polish_Poznan,poli1260,15,0.5699538000000001,0.8639474666666668,0.24239400440067105,0.5333205102011467,19
Romanian,roma1327,10,0.44109980000000004,0.6684343,0.4770939778253399,0.6725763948719898,19
Russian,russ1263,23,0.4837903913043478,0.8419767826086957,0.2837620933561983,0.5858114712700379,14
Russian_Archangelsk_Krasnoborsky,russ1263,6,0.48679883333333335,0.8497410000000002,0.2694957652381387,0.5778662869061667,16
Russian_Archangelsk_Leshukonsky,russ1263,5,0.4568542,0.8162944,0.3139110486213601,0.60857690105856,19
Russian_Archangelsk_Pinezhsky,russ1263,5,0.4499158,0.8486461999999999,0.2678014151068002,0.5914513318754799,19
Russian_Belgorod,russ1263,4,0.551774,0.84767875,0.2692711356656874,0.5573037576778124,19
Russian_Kaluga,russ1263,5,0.5315125999999999,0.8701933999999998,0.23757794787648034,0.5516854422796802,18
Russian_Kursk,russ1263,4,0.5372592500000001,0.85296975,0.2632366856408126,0.5566638606748124,19
Russian_Oryol,russ1263,4,0.5306967499999999,0.84562575,0.2749348346995001,0.5660778438461875,19
Russian_Pskov_Ostrov,russ1263,4,0.5447855,0.91673125,0.15736215172412493,0.5104137505333124,11
Russian_Pskov_Porkhov,russ1263,3,0.5323483333333333,0.8804213333333334,0.22019016239944433,0.5372439207281112,18
Russian_Ryazan_Mihailovsky,russ1263,5,0.5144420000000001,0.8399574,0.28616994815656005,0.5786250308309601,19
Russian_Ryazan_Spassk_Ryazansky,russ1263,8,0.504955625,0.8401877499999999,0.2864384283685001,0.58218748759875,19
Russian_Smolensk,russ1263,7,0.5460677142857143,0.8724407142857143,0.2315586101355509,0.5411600767375102,19
Russian_Tver,russ1263,4,0.51439525,0.8466545,0.2762985884724375,0.5742791912088748,19
Russian_Yaroslavl,russ1263,3,0.533535,0.8763359999999999,0.2276428119142223,0.5457376881389999,17
Saami,nort2671,3,0.41942199999999996,0.7434543333333333,0.4017348992476667,0.6641915849440001,19
Spanish_Balearic,stan1288,4,0.42256075000000004,0.64053225,0.47689476007175,0.6473826156340625,19
Spanish_Cataluna,stan1289,5,0.45349780000000006,0.695974,0.44393424297492,0.6070959088239999,19
Spanish_Galicia,gali1258,5,0.42493759999999997,0.6602296000000001,0.4787965099661601,0.64489744145456,19
Spanish_Valencia,stan1289,5,0.4506622,0.6791126000000001,0.46309694383384004,0.61214729019076,19
Tatar_Kazan,tata1255,13,0.3493168461538461,0.6346586153846153,0.5619846893957456,0.7453120198484496,9
Tatar_Mishar,tata1255,9,0.41538433333333336,0.6967973333333333,0.48950037724764206,0.6986690344305926,18
Turkish_Adana,nucl1301,10,0.3653463,0.4975811,0.6500267585536801,0.73861307941405,13
Turkish_Aydin,nucl1301,10,0.2954753,0.41672089999999995,0.6911559637986799,0.77644975639161,1
Turkish_Balikesir,nucl1301,11,0.30265145454545456,0.40796263636363633,0.6843868427033057,0.7798293911789587,1
Turkish_Istanbul,nucl1301,11,0.3183729090909091,0.4414610909090909,0.6716489153592726,0.7549326646247356,3
Turkish_Kayseri,nucl1301,10,0.3733587,0.5299342,0.64964319741143,0.7142198051572499,18
Turkish_Trabzon,nucl1301,10,0.4288882000000001,0.6440374999999999,0.5182823363459002,0.63633913342512,19
Tuscan,ital1282,8,0.368539,0.5529208750000001,0.5276817818018437,0.699139011880578,19
Ukrainian_East,ukra1253,6,0.5294568333333335,0.8505775,0.26664375950672226,0.5644050195410834,19
Ukrainian_Rovenskaya,ukra1253,3,0.5558770000000001,0.8583706666666666,0.2518033150195558,0.544871356750111,19
Ukrainian_Sumskaya,ukra1253,5,0.5566842,0.8597618,0.25048209855756,0.5464212395174399,19
Ukrainian_West,ukra1253,3,0.5393703333333333,0.8058283333333334,0.33088899480666656,0.583075353437222,19
Ukrainian_Zhitomirskaya,ukra1253,3,0.540531,0.8460869999999999,0.2727699440946668,0.5627583468115553,19
