min,max,median,mean,var,lang,pos,num
0.8017241379310345,1,1,0.9727483524214491,0.0023838652795516355,ady,-adj-,200
0.7687687687687688,1,1,0.9726571646043556,0.0030872607928646885,ady,-n-,1000
0.76,1,1,0.9724431818181818,0.0039158715615120665,ady,-n-,200
0.8022388059701493,1,1,0.975596936282312,0.0023673832491124254,ady,-n-,2000
0.74,1,1,0.9682504965084247,0.004304163528298385,ady,-n-,500
0.29537366548042704,0.9323843416370107,0.6873822975517891,0.6910008727634707,0.026007543888160345,ang,-n-,1000
0.21568627450980393,0.8957345971563981,0.6297258709308966,0.6401591179475673,0.03004779072180377,ang,-n-,200
0.27037773359840955,0.9262948207171314,0.6923076923076923,0.6844417838522683,0.02890934195151204,ang,-n-,500
0.5503560528992879,0.9786368260427264,0.7517802644964394,0.7840225911396271,0.011246674097760137,ang,-v-,1000
0.5111940298507462,0.9850746268656716,0.7279629629629629,0.7629903242154815,0.014908003497027611,ang,-v-,200
0.5220700152207002,0.9756468797564688,0.7450532724505328,0.7748844803209495,0.01307353465208768,ang,-v-,500
0.815,1,0.995,0.9371944444444444,0.005015706148564295,aze,-n-,200
0.8323353293413174,1,0.9940119760479041,0.943313373253493,0.003935706599315667,aze,-n-,500
0.891,1,0.9938271604938271,0.9826619528619529,5.393120789704473e-4,bak,-n-,1000
0.785,1,0.9861305732484076,0.9606991893456862,0.0026103979391084516,bak,-n-,200
0.8872458410351202,1,0.9931113662456946,0.9822452921592161,5.901676987037905e-4,bak,-n-,2000
0.868,1,0.992,0.9792825311942959,7.412339593836849e-4,bak,-n-,500
0.9666666666666667,1,0.9809523809523809,0.9850649350649351,2.1283091075893697e-4,bel,-adj-,200
0.3752913752913753,0.9604651162790697,0.6321421601578594,0.6557812357256304,0.021876647265811715,bel,-n-,1000
0.33714285714285713,0.9318181818181818,0.589083402146986,0.6117264615053023,0.02296623691927197,bel,-n-,200
0.3664302600472813,0.9551886792452831,0.6378326736727173,0.6557438023131645,0.02183571537244261,bel,-n-,500
0.47419354838709676,0.9941176470588236,0.7058823529411765,0.7297258417285251,0.014816675629618397,bel,-V-,500
0.675,1,0.955,0.9477692307692308,0.0033717494370036735,bul,-adj-,200
0.7839080459770115,1,0.9770114942528736,0.9640813439434129,0.0013912266513568439,bul,-adj-,500
0.3557114228456914,1,0.9398797595190381,0.942052186968055,0.0017068694356836998,cat,-v-,1000
0.305,1,0.905,0.9111879432624114,0.0024118475884952273,cat,-v-,200
0.3948220064724919,1,0.9508408796895214,0.9494830574636828,0.0014907871809796101,cat,-v-,2000
0.314,1,0.93,0.931154255319149,0.002145164664811057,cat,-v-,500
0.5562310030395137,0.992992992992993,0.8156170497022414,0.8045772239424492,0.010252102769840569,ces,-n-,1000
0.5077720207253886,0.9949748743718593,0.7409326424870466,0.7571557595327022,0.011392672776613804,ces,-n-,200
0.48024012006003003,0.9949924887330996,0.8414387031408308,0.8230696440964486,0.009781353797104056,ces,-n-,2000
0.5262096774193549,0.996,0.7869266759325102,0.7803430902477544,0.011590303616762108,ces,-n-,500
0.530722699777141,0.9945842625039821,0.8448462118010869,0.8308043633212934,0.008519628769450156,ces,-n-,5000
0.705,1,0.986013986013986,0.9815272279642955,6.37916066653348e-4,ces,-v-,200
0.781563126252505,1,0.9916666666666667,0.9805558216505369,6.596770424089236e-4,ces,-v-,500
0.8583333333333333,1,0.986013986013986,0.9694616626251892,0.0017174644771750125,ckb,-n-,200
0.272108843537415,1,0.6339285714285714,0.7031536125166677,0.048220347956072815,ckb,-v-,200
0.931,0.999,0.9844999999999999,0.9733499999999999,4.831868421052631e-4,crh,-n-,1000
0.84,1,0.99,0.95625,0.003362828947368421,crh,-n-,200
0.9319371727748691,0.9982547993019197,0.9860383944153578,0.975174520069808,4.7573230060797463e-4,crh,-n-,2000
0.904,0.998,0.984,0.9664,0.0010705684210526303,crh,-n-,500
0.27976190476190477,1,0.8809523809523809,0.858745389673457,0.017319205584905496,cym,-v-,200
0.6925388082123185,0.998,0.7652652652652653,0.8021799438603788,0.009159888928179214,dan,-n-,1000
0.6080402010050251,1,0.7160804020100502,0.748463986599665,0.017092000701973448,dan,-n-,200
0.7175112895132966,0.9965,0.7913214052594311,0.8238065928773322,0.007707444629592232,dan,-n-,2000
0.6439317953861585,0.998,0.7314629258517034,0.7671335900152025,0.012122061374799337,dan,-n-,500
0.7475583512663466,0.9986803035301881,0.8203176704169424,0.8438426071232454,0.006130095505413926,dan,-n-,5000
0.9938271604938271,1,1,0.9975308641975309,9.626260438476248e-6,dan,-v-,200
0.424,1,0.648068669527897,0.6959931330472103,0.03534523798191162,deu,-n-,1000
0.32065217391304346,1,0.5163043478260869,0.5994420289855072,0.05194826179301653,deu,-n-,200
0.4622311155577789,0.9994997498749375,0.6858836206896552,0.7308003297900926,0.0294478264068723,deu,-n-,2000
0.326,1,0.6445652173913043,0.6762289855072464,0.04295786636247093,deu,-n-,500
0.5536,0.9998,0.7619715271786023,0.7853892205924647,0.01983041173936053,deu,-n-,5000
0.624618514750763,1,0.802,0.8068770172870096,0.007304088614215583,deu,-v-,1000
0.265,1,0.77,0.77317090828161406,0.010581079021165844,deu,-v-,200
0.7050433010697912,1,0.8467116058029014,0.8482101788231852,0.004581264350659629,deu,-v-,2000
0.598,1,0.8077709611451943,0.8101554192229039,0.008232356001628438,deu,-v-,500
0.7154136628904909,1,0.858922558922559,0.863863309650842,0.0037979468386064854,deu,-v-,5000
0.9659863945578231,1,1,0.9915900426104508,2.165152332785069e-4,dsb,-adj-,200
0.884,1,0.985,0.9787481884057971,3.661524468029147e-4,ell,-adj-,1000
0.895,1,0.985,0.9760597826086956,5.163430620216202e-4,ell,-adj-,200
0.8935,1,0.986,0.9818106884057971,2.4657525760146286e-4,ell,-adj-,2000
0.896,1,0.986,0.9804057971014493,3.0157005707672516e-4,ell,-adj-,500
0.8954790543343011,1,0.987557030277893,0.9824475982663998,2.5797210686661406e-4,ell,-adj-,5000
0.3813847900113507,1,0.7661748013620885,0.7547752351224258,0.024898693512884852,ell,-n-,1000
0.27586206896551724,1,0.6898275862068965,0.6888002873563218,0.039905568534632896,ell,-n-,200
0.42238892094633584,1,0.780757304834655,0.776899309961857,0.02243380795638454,ell,-n-,2000
0.32167832167832167,1,0.7442913752913753,0.7356202963702964,0.029294845642928096,ell,-n-,500
0.48837739288969917,1,0.8357440245882879,0.8122604094252746,0.018177900572239898,ell,-n-,5000
0.3648068669527897,0.9942279942279942,0.76657824933687,0.7998736043139538,0.02151515367727929,ell,-v-,1000
0.22346368715083798,1,0.6506849315068494,0.7082398346876472,0.04097673371208467,ell,-v-,200
0.362,0.9948119325551232,0.7594627594627594,0.7983674304760208,0.02181959155542831,ell,-v-,2000
0.2880184331797235,0.9883040935672515,0.7207977207977208,0.7686022856900301,0.02682157050133368,ell,-v-,500
0.6607407407407407,1,0.9185185185185185,0.9171350186165,0.004302669008611468,est,-n-,1000
0.51,1,0.91,0.8860251322751322,0.008940636453624863,est,-n-,200
0.606,1,0.904,0.9122328042328043,0.004787039770139109,est,-n-,500
0.6018957345971564,1,0.8199052132701422,0.8319120847556867,0.011583879857104405,est,-v-,200
0.67,1,0.8925000000000001,0.8942307692307693,0.006837146401985112,fao,-adj-,200
0.7109826589595376,1,0.9132947976878613,0.9086445827775308,0.00473837261281255,fao,-adj-,500
0.4397076735688185,0.9987834549878345,0.7579537712895377,0.7491409745095878,0.022928343488813483,fao,-n-,1000
0.3473053892215569,1,0.6974605168700646,0.6963832146069192,0.029154340383411446,fao,-n-,200
0.5194494314781568,1,0.8027495517035266,0.7943624484038063,0.017657835018842053,fao,-n-,2000
0.3840749414519906,1,0.7325105386416861,0.7215793325526932,0.028487132755954676,fao,-n-,500
0.5151175811870101,0.9994407158836689,0.8042877171578067,0.7959775164832407,0.017208649504574028,fao,-n-,5000
0.5268456375838926,0.9932885906040269,0.7508741258741258,0.7663863727622117,0.019873917473028715,fao,-v-,1000
0.42,1,0.7075,0.7085791594703512,0.028537421227975222,fao,-v-,200
0.504,0.994,0.7349833679833679,0.7570904596904597,0.022304994260610427,fao,-v-,500
0.55,1,0.85,0.8570382257691418,0.006751413320962732,fas,-v-,200
0.5311355311355311,1,0.8498168498168498,0.857136714006943,0.007536336309048793,fas,-v-,500
0.7877877877877878,1,0.9424714714714715,0.9345636205436205,0.0027751165330696277,fin,-adj-,1000
0.7135678391959799,1,0.8994974874371859,0.9022476227290298,0.0046887715120170325,fin,-adj-,200
0.8410230692076228,1,0.9545,0.9479604042897924,0.0016493268618652656,fin,-adj-,2000
0.75,1,0.916,0.9159261538461538,0.0036921609482043374,fin,-adj-,500
0.8702702702702703,0.9996,0.9606803803803804,0.9575991129591129,0.001085770359588533,fin,-adj-,5000
0.5946775844421699,1,0.8290685772773797,0.8365188915265862,0.010575396988353363,fin,-n-,1000
0.42328042328042326,1,0.7248677248677249,0.7537042806139771,0.02153793431977002,fin,-n-,200
0.6596617119425935,1,0.8660443995963674,0.8696979840195247,0.007099500731195601,fin,-n-,2000
0.511340206185567,1,0.7835051546391752,0.7948231689890978,0.015179107126183464,fin,-n-,500
0.7417503586800573,1,0.9024390243902439,0.9030691539704564,0.004143278214518539,fin,-n-,5000
0.74,1,0.927,0.9327783383426363,0.002669428937649889,fin,-v-,1000
0.475,1,0.83,0.8485170674109059,0.012847618301355983,fin,-v-,200
0.798,1,0.935,0.9417001663804208,0.0019930871520307137,fin,-v-,2000
0.672,1,0.91,0.9123612065264062,0.004367191727769701,fin,-v-,500
0.862,1,0.957,0.9574676041219408,0.0010660986638316786,fin,-v-,5000
0.8571428571428571,1,0.9586919104991394,0.9576969069356986,8.416171908146597e-4,frm,-v-,1000
0.8592964824120602,1,0.9484536082474226,0.9459439417174725,0.0015247506802239098,frm,-v-,200
0.8957915831663327,1,0.9589322381930184,0.9563348965721992,9.198842433723472e-4,frm,-v-,500
0.48262032085561496,1,0.8912579957356077,0.8779069475470971,0.00834862540818507,fro,-v-,1000
0.40522875816993464,1,0.8316326530612245,0.8258074172502889,0.013523004190051417,fro,-v-,200
0.5,1,0.9131274131274131,0.8966311428955116,0.007163846737344833,fro,-v-,2000
0.4530386740331492,1,0.8546637744034707,0.8540854509102043,0.00989920381341291,fro,-v-,500
0.22023809523809523,1,0.9520958083832335,0.9187726259585897,0.005455000465404509,fur,-v-,200
0.655,1,0.895,0.9004084866082314,0.004002490979220227,gal,-v-,200
0.6625514403292181,1,0.9136842105263158,0.9174491106002828,0.0031695774425501613,gal,-v-,500
0.5098039215686274,1,0.7257587966693526,0.7559714707541592,0.015729511683316894,gle,-adj-,200
0.22722722722722724,0.9970104633781763,0.6360239162929746,0.6322462457472339,0.03691105422231733,gle,-n-,1000
0.08396946564885496,1,0.5343511450381679,0.5413794239661514,0.047457056949032926,gle,-n-,200
0.2862862862862863,0.9954841946813848,0.6947929548002358,0.6908571779352648,0.02917851076515718,gle,-n-,2000
0.202,0.9979879275653923,0.6009080833720639,0.6043680574238046,0.042232929007208174,gle,-n-,500
0.3364036844213056,0.9969861362266426,0.740880244541053,0.7307747745888776,0.022967048888272234,gle,-n-,5000
0.42,1,0.8,0.8090661504242525,0.016145032065112128,gle,-v-,200
0.5306122448979592,1,0.8469387755102041,0.8497229440783021,0.01119531667339378,gle,-v-,500
0.7101449275362319,1,0.9927007299270073,0.9851205783969329,0.0020721234676589727,grc,-adj-,200
0.3807615230460922,1,0.6509781324410583,0.6733405750134562,0.02173176927798808,grc,-n-,1000
0.26,1,0.61,0.6128571428571429,0.02620663021189337,grc,-n-,200
0.38507761642463695,1,0.6679184609831206,0.6862396833300158,0.02151794801371281,grc,-n-,2000
0.298,1,0.593186372745491,0.61135690428476,0.028351622306701123,grc,-n-,500
0.40522287257991896,1,0.673420687894372,0.691241421845727,0.02083579511798734,grc,-n-,5000
0.9743589743589743,1,0.9970453027691065,0.994180512690375,4.05563775570688e-5,hbs,-adj-,1000
0.9345794392523364,1,0.9813084112149533,0.9848546414982823,2.703589046316102e-4,hbs,-adj-,200
0.8850687622789783,1,0.9990167158308751,0.9951334221638805,6.116600257422979e-5,hbs,-adj-,2000
0.7961538461538461,1,0.9961538461538462,0.9883253303418221,3.177101171350199e-4,hbs,-adj-,500
0.9336410848240047,1,0.9976945244956772,0.9946024726301549,7.556370232737702e-5,hbs,-adj-,5000
0.44620611551528877,0.9932049830124575,0.7845804988662132,0.7770621629247443,0.01504467647368279,hbs,-n-,1000
0.31666666666666665,1,0.7611111111111111,0.7522222222222222,0.017580973330605005,hbs,-n-,200
0.5152561888313184,0.9965457685664939,0.8011509798582666,0.801254777543,0.011866251211065925,hbs,-n-,2000
0.4584323040380047,0.996,0.7719714964370546,0.7680218911393102,0.013584355888743996,hbs,-n-,500
0.5651071675501268,0.9979267449896337,0.8248587148512712,0.8188766449541702,0.010023848028081888,hbs,-n-,5000
0.47547683923705725,1,0.9118236472945892,0.9028441458729292,0.006157628348367402,hbs,-v-,1000
0.40540540540540543,1,0.9045226130653267,0.8855088123312557,0.008675382520194282,hbs,-v-,200
0.5039840637450199,1,0.9280236003922739,0.9251708747258062,0.0037791689324142555,hbs,-v-,2000
0.47493403693931396,1,0.916,0.8918629090641309,0.007527651753137675,hbs,-v-,500
0.5377039088950446,1,0.9360196862503845,0.9372700590647485,0.00252203546329803,hbs,-v-,5000
0.4305555555555556,1,0.78125,0.8343634259259259,0.015441582673583204,heb,-n-,200
0.4,1,0.6685082872928176,0.6962277093072673,0.021039705263716037,heb,-v-,200
0.453551912568306,1,0.6827794561933535,0.7117875502268137,0.020861983601294,heb,-v-,500
0.8372093023255814,1,0.9457364341085271,0.9464148734158895,0.0019474797531935477,hin,-v-,200
0.9155645981688708,1,0.9510469755469755,0.964802485671349,8.437984523326563e-4,hye,-adj-,1000
0.8442211055276382,1,0.935,0.9500924452956248,0.0020408335920675206,hye,-adj-,200
0.923318667504714,1,0.961466749533872,0.9695337892599197,6.77616681296466e-4,hye,-adj-,2000
0.9064935064935065,1,0.9664948453608248,0.9677902263042265,8.654510906557561e-4,hye,-adj-,500
0.8346915017462165,1,0.9368453237410073,0.9374271925292142,0.0031688135832526687,hye,-n-,1000
0.7621951219512195,1,0.9240384615384616,0.9248606745869217,0.004781014178348127,hye,-n-,200
0.8494186046511628,1,0.9463629684055841,0.9478227493595934,0.0021975228829888447,hye,-n-,2000
0.8235294117647058,1,0.934,0.9389487853640327,0.0030351562996314427,hye,-n-,500
0.86785290628707,1,0.9553121310533526,0.9540065125378897,0.0018518400177390101,hye,-n-,5000
0.8217054263565892,1,0.982281284606866,0.952917758138451,0.0031245290096375703,hye,-v-,1000
0.785,1,0.98,0.9482277198348626,0.0040245056899192305,hye,-v-,200
0.82,1,0.98,0.9527058561024078,0.0032085470390820076,hye,-v-,500
0.29562982005141386,0.9974293059125964,0.787,0.7363879391602399,0.0324408453531363,isl,-n-,1000
0.2529411764705882,1,0.726764705882353,0.6945894607843137,0.036472943563808737,isl,-n-,200
0.3305679642629228,0.998085513720485,0.8070947670708359,0.7618568243458839,0.02791766597438444,isl,-n-,2000
0.25307125307125306,0.9975429975429976,0.7285012285012284,0.685219696969697,0.035093082383889584,isl,-n-,500
0.397542242703533,0.9985611510791367,0.8542684746212247,0.8061392406811878,0.021683289493868267,isl,-n-,5000
0.30413223140495865,1,0.8528925619834711,0.8203956101118283,0.015081073791865166,isl,-v-,1000
0.3282442748091603,1,0.8117154811715481,0.7847871865288147,0.018440465880832535,isl,-v-,200
0.286,1,0.8388746803069054,0.8064306482917515,0.016695647987226128,isl,-v-,500
0.36381909547738694,1,0.8724258844422917,0.8729663496721077,0.008435911999981489,ita,-v-,1000
0.305,1,0.825,0.8291799645390071,0.014220125469799186,ita,-v-,200
0.5373059589384076,1,0.8928392588883325,0.8917917154126836,0.006717818090195691,ita,-v-,2000
0.596,1,0.874,0.8730230496453901,0.007883355566039217,ita,-v-,500
0.6145979546821736,1,0.9062562662923601,0.9075394088644878,0.005455589225637137,ita,-v-,5000
0.6746031746031746,0.984,0.856,0.8409961199294532,0.01173138317642126,kan,-n-,200
0.682,1,0.952,0.9112720588235294,0.01238097368135446,kat,-n-,1000
0.635,1,0.955,0.8994117647058824,0.014676589971782072,kat,-n-,200
0.7395,1,0.9625,0.9266011029411765,0.008582258190660953,kat,-n-,2000
0.67,1,0.962,0.9078970588235294,0.014658469068808336,kat,-n-,500
0.7362788144895719,1,0.9637760702524698,0.9265260783237554,0.009026087087896012,kat,-n-,5000
0.7127659574468085,1,1,0.9649097356544165,0.005682110914207404,kbd,-n-,200
0.7131147540983607,1,1,0.9675300481932375,0.005404338951561179,kbd,-n-,500
0.45348837209302323,1,0.9118942731277533,0.8601324267457354,0.02049791430884659,klr,-v-,1000
0.34507042253521125,1,0.7278747742323901,0.7401734008776846,0.024227874431676653,klr,-v-,200
0.444141689373297,1,0.9046321525885559,0.8543785569457925,0.020687531995976824,klr,-v-,500
0.5029940119760479,0.9971811134601832,0.9930139720558883,0.9329753712606348,0.021062329652719147,kmr,-n-,1000
0.475,1,0.995,0.9336768219832736,0.023763150199096715,kmr,-n-,200
0.560939060939061,0.998001998001998,0.9975024975024975,0.9405282883443442,0.01766478715870981,kmr,-n-,2000
0.508,0.9960079840319361,0.9920159680638723,0.9337133808791539,0.019955835053748976,kmr,-n-,500
0.5546017169095628,0.9961072664359861,0.9948103792415169,0.9383639932283416,0.01765464256030553,kmr,-n-,5000
0.7025316455696202,1,0.9430379746835443,0.9422573839662447,0.0020100312284971385,lit,-adj-,200
0.46365638766519823,1,0.8013177391279329,0.7875111770633889,0.012029925579898326,lit,-n-,1000
0.42934782608695654,1,0.7236180904522613,0.7294802663462606,0.012584200812886677,lit,-n-,200
0.48556701030927835,0.9989827060020345,0.805699991694922,0.792452897055575,0.011302431278742564,lit,-n-,2000
0.40757238307349664,1,0.7639198218262806,0.7560902265464101,0.012390440453427428,lit,-n-,500
0.5879828326180258,1,0.8240343347639485,0.8387397278504175,0.015829918003992652,lit,-v-,200
0.7337662337662337,1,0.9849624060150376,0.9573269877231162,0.002712405551003508,lld,-v-,200
1,1,1,1,0,mkd,-adj-,1000
1,1,1,1,0,mkd,-adj-,200
1,1,1,1,0,mkd,-adj-,2000
1,1,1,1,0,mkd,-adj-,500
0.7339449541284404,1,0.921784472769409,0.9168964538556597,0.0064090350345243465,mkd,-n-,1000
0.5513513513513514,1,0.8324324324324325,0.8421848170812554,0.02214625816239113,mkd,-n-,200
0.7666666666666667,1,0.9272933766971245,0.923331529899365,0.0054804263161978275,mkd,-n-,2000
0.708,1,0.9178403755868545,0.9027503444052049,0.008694887337812445,mkd,-n-,500
0.7919890760127446,1,0.940157084797206,0.9329331549883011,0.004348261110578656,mkd,-n-,5000
0.5803571428571429,1,0.9329721306777475,0.9249074473868002,0.005063330889724328,mkd,-v-,1000
0.504,1,0.864,0.8714131578947368,0.011842026739341757,mkd,-v-,200
0.5837063563115488,1,0.9432534910683363,0.9352182004885675,0.00419075996653509,mkd,-v-,2000
0.5140845070422535,1,0.9154929577464789,0.911078546234965,0.006910107845908976,mkd,-v-,500
0.5966343702192759,1,0.9607343192248853,0.9505296628727692,0.0029365838475986458,mkd,-v-,5000
0.7503373819163293,0.9946018893387314,0.9095816464237517,0.9001331533963113,0.005124660721359354,nld,-adj-,1000
0.668918918918919,1,0.8902027027027026,0.862442084942085,0.009060159982234799,nld,-adj-,200
0.6504787961696307,0.9945280437756497,0.9316005471956224,0.9184630968666536,0.005083965907238655,nld,-adj-,2000
0.7560975609756098,0.994579945799458,0.9018644986449864,0.8896625371015615,0.0050940721560570395,nld,-adj-,500
0.6410133843212237,0.9947418738049714,0.9476577437858509,0.92885302986472,0.004773025470536732,nld,-adj-,5000
0.757,1,0.852,0.8701527777777778,0.006477511541471048,nld,-v-,1000
0.595,1,0.815,0.8065972222222222,0.01762241294992175,nld,-v-,200
0.833,1,0.9025,0.9052083333333334,0.0033906109154929584,nld,-v-,2000
0.654,1,0.801,0.8349722222222222,0.01307177386541471,nld,-v-,500
0.8352722196370405,1,0.9039087947882736,0.9086655291867018,0.0034173615652088505,nld,-v-,5000
0.8647342995169082,0.9319492502883506,0.8983417749026295,0.8983417749026295,0.002258924803603717,nob,-adj-,1000
0.797979797979798,0.8708133971291866,0.8343965975544922,0.8343965975544922,0.002652366582526909,nob,-adj-,200
0.8289205702647657,0.9194499017681729,0.8741852360164692,0.8741852360164692,0.004097779931226893,nob,-adj-,500
0.6663296258847321,0.9109461966604824,0.7778712828740044,0.7747611592880972,0.010007999522178103,nob,-n-,1000
0.6380090497737556,0.8883495145631068,0.7579958062024059,0.7525464677943807,0.010552699273686123,nob,-n-,200
0.6954751131221719,0.9203373945641987,0.7994703004547704,0.7980410470148475,0.008422920888327372,nob,-n-,2000
0.62,0.9119850187265918,0.7581890984241798,0.7513191664020487,0.014300659428442336,nob,-n-,500
0.7253153545019574,0.93184855233853,0.8250523597544825,0.8218305655706546,0.006878895538726502,nob,-n-,5000
0.572972972972973,0.9756756756756757,0.8211932289756606,0.8046426853292028,0.016941024385108968,nob,-v-,1000
0.544,0.9583333333333334,0.8040697674418604,0.7686208014482521,0.021440363919189156,nob,-v-,200
0.6026058631921825,0.9772727272727273,0.8303635258793252,0.8068287290053916,0.01618553014615797,nob,-v-,500
0.8323699421965318,1,0.9190751445086706,0.9284680946333602,0.0012114585125887192,oci,-v-,200
0.8703703703703703,1,1,0.9794973544973545,0.0015355623908255489,osx,-adj-,200
0.2849462365591398,0.9523809523809523,0.6498452012383902,0.6694160408486265,0.02505399562596923,osx,-n-,200
0.5711805555555556,1,0.7744943508116873,0.8314813718523004,0.010848213808241337,osx,-v-,1000
0.4630541871921182,1,0.6875046876171904,0.753737551831664,0.022906332607055158,osx,-v-,200
0.5434782608695652,1,0.7648826979472141,0.8208485812954129,0.011927029986233151,osx,-v-,500
0.948,1,0.999,0.9927773600026347,1.558828820522728e-4,pol,-adj-,1000
0.925,1,0.995,0.988291236127057,5.001555359497236e-4,pol,-adj-,200
0.9621136590229312,1,0.999,0.9955493222084093,5.1391160191644946e-5,pol,-adj-,2000
0.9560878243512974,1,0.996,0.993181965738852,1.1129029128815604e-4,pol,-adj-,500
0.9744459972050309,1,0.9984001599680064,0.9963179092563762,2.3095449245281405e-5,pol,-adj-,5000
0.6927651139742319,0.994005994005994,0.8406647116324536,0.8571893394129928,0.007078880007695494,pol,-n-,1000
0.612565445026178,1,0.7901060545039602,0.8059731632952607,0.010954198376993636,pol,-n-,200
0.7094147582697201,0.9905189620758483,0.8699745547073792,0.8736136884804306,0.005423163327835847,pol,-n-,2000
0.6605691056910569,0.9879759519038076,0.8055009823182712,0.831194246961681,0.007794331103938397,pol,-n-,500
0.7428917120387175,0.9921984396879376,0.8825967710191669,0.8881830839278804,0.004934909880075265,pol,-n-,5000
0.61,0.985,0.805,0.806,0.010981724137931035,pus,-n-,200
0.6259259259259259,0.9962962962962963,0.8351851851851853,0.8232098765432099,0.011568926099364586,pus,-n-,500
0.7520278099652375,1,0.9173497267759563,0.9059919652952306,0.004665262048712836,ron,-adj-,1000
0.7424242424242424,1,0.8886068809926677,0.8909045473367335,0.004521963180819191,ron,-adj-,200
0.7327935222672065,1,0.898323828940156,0.8936579657861451,0.004818103288437906,ron,-adj-,500
0.489,0.999,0.8975,0.864624053030303,0.013760439572562112,ron,-v-,1000
0.37,1,0.85,0.8131439393939394,0.019734039925319545,ron,-v-,200
0.5180921052631579,0.9991776315789473,0.9078947368421053,0.8711864221989634,0.012735398915583774,ron,-v-,2000
0.412,1,0.881,0.8483901515151515,0.015712962329455692,ron,-v-,500
0.15555555555555556,1,0.6722222222222223,0.6773456268741623,0.0162747036226804,san,-adj-,200
0.4450474898236092,1,0.6627390578873058,0.6716370785863065,0.01340378412609696,san,-n-,1000
0.3,1,0.5263157894736842,0.5499167745245975,0.019745534782209723,san,-n-,200
0.398,1,0.6291005015597056,0.6425368859608275,0.01647308366053304,san,-n-,500
0.5595984943538268,1,0.9119505928882554,0.8899052625988568,0.010225343425664474,slv,-n-,1000
0.503030303030303,1,0.9044585987261147,0.8791486505494561,0.01251047392111722,slv,-n-,200
0.6066536203522505,1,0.9347684279191129,0.9085533754695907,0.008096341054931157,slv,-n-,2000
0.47619047619047616,1,0.8858560794044665,0.8680869305322734,0.01272050277439998,slv,-n-,500
0.42718446601941745,1,0.6893203883495146,0.7265192012892575,0.03266858278068731,slv,-v-,200
0.5368536853685368,1,0.851772509089474,0.7871340525312285,0.02602643340335733,sme,-n-,1000
0.33,1,0.765,0.6699234693877552,0.06344686666417619,sme,-n-,200
0.44377510040160645,1,0.8054919062754085,0.7348529393452743,0.03916728194331502,sme,-n-,500
0.4668335419274093,1,0.8178206583427923,0.7954896314746064,0.02491133065645104,sme,-v-,1000
0.34782608695652173,1,0.765,0.7024342205207669,0.05415072346147933,sme,-v-,200
0.42444444444444446,1,0.795,0.7608291792841059,0.03175970357208975,sme,-v-,500
0.413,1,0.926,0.9310072115384616,0.001636243756589046,spa,-v-,1000
0.4577114427860697,0.9900497512437811,0.8955223880597015,0.901591800612323,0.002437357651067552,spa,-v-,200
0.5369261477045908,0.9970044932601099,0.9395906140788817,0.9414756560293331,0.0011741029331361022,spa,-v-,2000
0.446,1,0.92,0.9239956730769231,0.0018373580000277427,spa,-v-,500
0.4887203034537832,0.9964064683569575,0.9482930724695549,0.9498271319056989,9.64800969767118e-4,spa,-v-,5000
0.48520710059171596,1,0.7869822485207101,0.8419009151991722,0.01346339398839138,sqi,-n-,200
0.46178343949044587,1,0.7961783439490446,0.8548801243526978,0.011428266143561981,sqi,-n-,500
0.7090909090909091,1,0.9147982062780269,0.9219097831425647,0.0035729309973760773,sqi,-v-,200
0.8158158158158159,1,0.9254624624624626,0.9194221931350188,0.0037212888543050452,swe,-adj-,1000
0.73,1,0.86,0.86925,0.006974407894736842,swe,-adj-,200
0.8346176644931832,0.998221695317131,0.9383687847127602,0.9321440375553277,0.002826057976608351,swe,-adj-,2000
0.8096192384769539,1,0.9098997995991984,0.9149410821643287,0.003920846687109057,swe,-adj-,500
0.5386666666666666,0.9986684420772304,0.8227873945849977,0.8167925520909204,0.011078669110419223,swe,-n-,1000
0.4267515923566879,1,0.7611464968152867,0.745309372156506,0.018558194679270994,swe,-n-,200
0.6240995415848068,1,0.8474013933928247,0.8437765951031868,0.007888430289007289,swe,-n-,2000
0.4772117962466488,1,0.7828418230563002,0.7743663347376484,0.014587124809200243,swe,-n-,500
0.6742344244984161,1,0.8811760477062209,0.8777013323638955,0.005622687521514655,swe,-n-,5000
0.5406218655967904,0.9937264742785445,0.8833124215809285,0.8800352188189112,0.007846329378550327,swe,-v-,1000
0.46,0.9874213836477987,0.8018867924528302,0.8126669661575322,0.011639989553424159,swe,-v-,200
0.5634657836644592,0.9945280437756497,0.9242347716847404,0.9107365133372959,0.006729417664144753,swe,-v-,2000
0.5140562248995983,0.9976303317535545,0.8791469194312795,0.8664707885933262,0.009092264909186843,swe,-v-,500
0.8903225806451613,1,1,0.9837732160312805,0.0010698047348800775,syc,-n-,200
0.915,0.996,0.982,0.9684,6.42252631578947e-4,tat,-n-,1000
0.835,0.99,0.975,0.942,0.003901052631578948,tat,-n-,200
0.9072681704260651,0.9941520467836257,0.9837092731829573,0.9673350041771094,7.799842275227417e-4,tat,-n-,2000
0.888,0.994,0.988,0.9621,0.0013943052631578937,tat,-n-,500
0.957983193277311,1,0.991304347826087,0.9802110317811336,2.168934186401089e-4,tel,-v-,200
0.6338235294117647,1,0.9022058823529412,0.9088828850400404,0.005145265332522095,tur,-n-,1000
0.5907473309608541,1,0.8368794326241135,0.8389563769075171,0.01726813663434145,tur,-n-,200
0.6597938144329897,1,0.9186003683241253,0.9217123128443527,0.0038735035096091794,tur,-n-,2000
0.6716417910447762,1,0.8693283582089553,0.8822409188791457,0.008535328739063045,tur,-n-,500
0.6700100300902708,1,0.926009530975671,0.9308552327219765,0.003047462057214049,tur,-n-,5000
0.7210884353741497,1,0.95578231292517,0.9331144362506908,0.004285088381783065,tur,-v-,1000
0.56,1,0.915,0.8924649859943977,0.009152341374956035,tur,-v-,200
0.71,1,0.952,0.928952380952381,0.00459477383703674,tur,-v-,500
0.5289532293986637,1,0.8203563474387527,0.7989188499664617,0.017412653523607505,ukr,-n-,1000
0.436046511627907,1,0.74,0.7350089445438283,0.023185675467631967,ukr,-n-,200
0.5432300163132137,1,0.8344886864472693,0.8066383687999211,0.016579091309559684,ukr,-n-,2000
0.47,1,0.8073950591766492,0.7802901227838472,0.018942080526368574,ukr,-n-,500
0.46825396825396826,0.9920634920634921,0.9087301587301587,0.8341269841269842,0.03184482369946029,urd,-n-,200
0.7889447236180904,1,0.9860064935064935,0.9600669175158205,0.0023418140143875135,vec,-v-,200
0.7950819672131147,1,0.9917808219178083,0.966718584912475,0.002131414386672876,vec,-v-,500
0.2710843373493976,1,0.8889300165012771,0.8826130036091835,0.011385983367968469,xcl,-adj-,1000
0.20168067226890757,1,0.8151260504201681,0.8253283861537635,0.015797754575790607,xcl,-adj-,200
0.25193798449612403,1,0.87774353226860935,0.8757820688438509,0.011566329545089116,xcl,-adj-,500
0.264,0.9851714550509731,0.8547561339045622,0.8242144223411167,0.026962499305817855,xcl,-n-,2000
0.5626702997275205,1,0.9024822695035462,0.9135509424421897,0.006638846031395607,xcl,-v-,1000
0.38,1,0.8395061728395061,0.8663029090330977,0.013586656605061906,xcl,-v-,200
0.5644171779141104,1,0.8997995991983968,0.9102388465953388,0.006811000708334787,xcl,-v-,500
0.9189723320158103,1,0.9772727272727273,0.9731886656635821,5.486116741163716e-4,yid,-adj-,1000
0.9,1,0.9524999999999999,0.9551666666666667,0.001038764367816091,yid,-adj-,200
0.9158316633266533,1,0.9799599198396793,0.972010955243821,6.158499581523164e-4,yid,-adj-,500
0.7448979591836735,1,0.9086270871985158,0.8995855384943684,0.004589330759638695,yid,-v-,200
0.7849829351535836,1,0.9100346020761245,0.8999805895088777,0.0035570531434933514,yid,-v-,500
0.42758620689655175,1,0.8178790741615494,0.8675802629047868,0.01630895569677331,zul,-n-,200
0.5290322580645161,1,0.8387096774193549,0.88547406294596,0.012165005526031896,zul,-n-,500
0.8937875751503006,0.9960079840319361,0.9411507455093335,0.9538582041218913,8.72547505490306e-4,eng,-V-,1000
0.805,0.9900497512437811,0.9170731707317074,0.9246046196053959,0.0021184384499196283,eng,-V-,200
0.9129574678536103,0.9970044932601099,0.9549950544015826,0.9633229773826255,5.596416698512682e-4,eng,-V-,2000
0.854,1,0.9503494903594307,0.954386695698823,0.0012104895238203616,eng,-V-,500
0.9443443443443443,0.9984012789768185,0.9599762234991084,0.9697400655370818,3.9161169491803445e-4,eng,-V-,5000
0.5,1,0.929,0.9290039215686274,0.003525470365156654,fre,-V-,1000
0.17,1,0.9,0.8989941176470588,0.008625498199986153,fre,-V-,200
0.624,1,0.9445,0.9437945098039215,0.0024806419470919006,fre,-V-,2000
0.474,1,0.904,0.9092972549019608,0.0057114400473849795,fre,-V-,500
0.684,1,0.9649,0.9590210196078431,0.0018095730064138955,fre,-V-,5000
0.7890625,1,0.94972067039106145,0.9294268481548759,0.0043798784755724575,hun,-N-,1000
0.5977653631284916,1,0.9217877094972067,0.8660059692711208,0.01633011153226664,hun,-N-,200
0.8207547169811321,1,0.9683684794672586,0.942777996035139,0.0032842588113127682,hun,-N-,2000
0.732,1,0.9497816593886463,0.9190772659100137,0.006140478798208108,hun,-N-,500
0.8606831882116543,1,0.9732202633340772,0.9565974503536588,0.0018897235093082605,hun,-N-,5000
0.573170731707317,1,0.8830075418954633,0.8651492930753375,0.012167009681441817,lat,-N-,1000
0.3604060913705584,1,0.8163265306122449,0.8046494756035024,0.01610384213364061,lat,-N-,200
0.5857002938295789,1,0.8863858961802155,0.8672872745699425,0.011694653799328597,lat,-N-,2000
0.5816326530612245,1,0.8685024315225072,0.8511915002614988,0.011878685251951756,lat,-N-,500
0.6558891454965358,1,0.8026315789473685,0.8628880074141565,0.011039657768266873,lat,-V-,1000
0.4716981132075472,1,0.6894409937888198,0.7715022584325595,0.03095373791753019,lat,-V-,200
0.7598167539267016,1,0.8739710372485967,0.9072892780475471,0.005047161358699121,lat,-V-,2000
0.5347043701799485,1,0.7468671679197995,0.8276582928208226,0.018533491949280324,lat,-V-,500
0.7866621299761823,1,0.898779046868846,0.9227564672408968,0.003564714031410557,lat,-V-,5000
0.5697674418604651,1,0.9305917284620486,0.8925180802987268,0.01470787448561331,lav,-n-,1000
0.3617021276595745,1,0.8984771573604061,0.8572662934750577,0.019369295424348867,lav,-n-,200
0.5904334828101644,1,0.9467270848985725,0.9032128834776909,0.013857998611971033,lav,-n-,2000
0.528023598820059,1,0.9205875483351932,0.8824835328405619,0.01519691898137882,lav,-n-,500
0.6144,1,0.9532057585825028,0.912911789209232,0.012151454123266214,lav,-n-,5000
0.027472527472527472,1,0.2800214592274678,0.3670716872060155,0.060548550000513256,nav,-V-,1000
0.027586206896551724,0.9966666666666667,0.3436359776565962,0.41754487859990846,0.06126494996018869,nav,-V-,2000
0.029885057471264367,1,0.25686929465327507,0.3394281834809428,0.051868551072049095,nav,-V-,500
0.775,1,0.984,0.9381300085251492,0.0054006712203793755,por,-V-,1000
0.605,1,0.955,0.8875319693094629,0.014660982776508968,por,-V-,200
0.8276553106212425,1,0.9854709418837675,0.957146817078317,0.0026038258681140747,por,-V-,2000
0.69,1,0.982,0.9232838874680307,0.008064167525451412,por,-V-,500
0.5861723446893787,0.9939516129032258,0.8766349405960174,0.8585891876926615,0.008677778373799447,rus,-N-,1000
0.47474747474747475,1,0.8030372798939069,0.7945954548309387,0.014342497370178078,rus,-N-,200
0.47858942065491183,0.9869149471565174,0.8921078921078921,0.8650227242480082,0.009076850602693256,rus,-N-,2000
0.3474747474747475,0.9878542510121457,0.8343427582604153,0.8169656837355505,0.012400057645367975,rus,-N-,500
0.49477701888308556,0.9915611814345991,0.9179629738934132,0.8877444089905315,0.007524393420863517,rus,-N-,5000
0.06372549019607843,0.8676470588235294,0.32346153846153847,0.3314935223942474,0.030350339098090724,yai,-V-,200
0.10802469135802469,0.8996865203761756,0.36598934293969754,0.3707250615818666,0.02992499165031046,yai,-V-,500
0.405,0.925,0.5527638190954773,0.5901319095477388,0.03286248271106561,zen,-V-,200
0.375,0.9107142857142857,0.5841836734693877,0.5991614036919115,0.03289509996265549,zen,-V-,500
0.5,1,0.7536231884057971,0.7580130899587711,0.01751918694916227,ara,-v-,200
0.5158227848101266,1,0.8181818181818182,0.8044881723525954,0.015561491465733544,ara,-v-,500
0.5420974889217134,1,0.8320251177394035,0.809106470087704,0.017486279924057133,ara,-v-,1000
0.5354938271604939,1,0.8364197530864198,0.8097904657630678,0.017358181884029617,ara,-v-,2000
