unit_id,item_set,policy,pool_cap,budget,model,target_cell,n_lemmas,n_items,acc_micro,acc_macro_lemma,edit_distance_mean,norm_edit_distance_mean,n_missing,n_failed
fin.V.orth.mgn,core,high_entropy,500,100,ldl,1;ACT;COND;PL;POS;PRS,272.0,272.0,0.2095588235294117,0.2095588235294117,2.375,0.1804247026585284,0.0,0.0
fin.V.orth.mgn,core,high_entropy,500,100,ldl,1;ACT;COND;POS;PRS;SG,269.0,269.0,0.2007434944237918,0.2007434944237918,2.2862453531598512,0.2114237569950162,0.0,0.0
fin.V.orth.mgn,core,high_entropy,500,100,ldl,1;ACT;IMP;PL;POS;PRS,276.0,276.0,0.0253623188405797,0.0253623188405797,3.891304347826087,0.2954917112950664,0.0,0.0
fin.V.orth.mgn,core,high_entropy,500,100,ldl,1;ACT;IND;PL;POS;PRS,268.0,268.0,0.0634328358208955,0.0634328358208955,2.6828358208955225,0.2658531554040946,0.0,0.0
fin.V.orth.mgn,core,high_entropy,500,100,ldl,1;ACT;IND;PL;POS;PST,264.0,264.0,0.1818181818181818,0.1818181818181818,2.363636363636364,0.2231050412793833,0.0,0.0
fin.V.orth.mgn,core,high_entropy,500,100,ldl,1;ACT;IND;POS;PRS;SG,267.0,267.0,0.1722846441947565,0.1722846441947565,1.651685393258427,0.2084649591919915,0.0,0.0
fin.V.orth.mgn,core,high_entropy,500,100,ldl,1;ACT;IND;POS;PST;SG,260.0,260.0,0.2230769230769231,0.2230769230769231,1.7423076923076923,0.2055634278994007,0.0,0.0
fin.V.orth.mgn,core,high_entropy,500,100,ldl,1;ACT;PL;POS;POT;PRS,255.0,255.0,0.1647058823529411,0.1647058823529411,2.7411764705882353,0.2206180501577515,0.0,0.0
fin.V.orth.mgn,core,high_entropy,500,100,ldl,1;ACT;POS;POT;PRS;SG,270.0,270.0,0.1074074074074074,0.1074074074074074,2.2814814814814817,0.2248976684872797,0.0,0.0
fin.V.orth.mgn,core,high_entropy,500,100,ldl,2;ACT;COND;PL;POS;PRS,263.0,263.0,0.1863117870722433,0.1863117870722433,2.2813688212927756,0.1754798483649029,0.0,0.0
fin.V.orth.mgn,core,high_entropy,500,100,ldl,2;ACT;COND;POS;PRS;SG,259.0,259.0,0.1814671814671814,0.1814671814671814,2.1505791505791505,0.1961342448958548,0.0,0.0
fin.V.orth.mgn,core,high_entropy,500,100,ldl,2;ACT;IMP;PL;POS;PRS,268.0,268.0,0.0634328358208955,0.0634328358208955,3.6082089552238807,0.3646851788587961,0.0,0.0
fin.V.orth.mgn,core,high_entropy,500,100,ldl,2;ACT;IMP;POS;PRS;SG,267.0,267.0,0.048689138576779,0.048689138576779,2.99250936329588,0.4458412841839808,0.0,0.0
fin.V.orth.mgn,core,high_entropy,500,100,ldl,2;ACT;IND;PL;POS;PRS,263.0,263.0,0.0760456273764258,0.0760456273764258,2.2319391634980987,0.2256151555160372,0.0,0.0
fin.V.orth.mgn,core,high_entropy,500,100,ldl,2;ACT;IND;PL;POS;PST,265.0,265.0,0.1509433962264151,0.1509433962264151,2.2339622641509433,0.2167340673326712,0.0,0.0
fin.V.orth.mgn,core,high_entropy,500,100,ldl,2;ACT;IND;POS;PRS;SG,270.0,270.0,0.1481481481481481,0.1481481481481481,1.6962962962962962,0.2162082900154795,0.0,0.0
fin.V.orth.mgn,core,high_entropy,500,100,ldl,2;ACT;IND;POS;PST;SG,268.0,268.0,0.1902985074626865,0.1902985074626865,1.638059701492537,0.1926376493348618,0.0,0.0
fin.V.orth.mgn,core,high_entropy,500,100,ldl,2;ACT;PL;POS;POT;PRS,249.0,249.0,0.1405622489959839,0.1405622489959839,2.895582329317269,0.2411054962530213,0.0,0.0
fin.V.orth.mgn,core,high_entropy,500,100,ldl,2;ACT;POS;POT;PRS;SG,267.0,267.0,0.1610486891385767,0.1610486891385767,2.1872659176029963,0.2146802970693289,0.0,0.0
fin.V.orth.mgn,core,high_entropy,500,100,ldl,3;ACT;COND;PL;POS;PRS,277.0,277.0,0.0722021660649819,0.0722021660649819,3.3140794223826715,0.2615266805473688,0.0,0.0
fin.V.orth.mgn,core,high_entropy,500,100,ldl,3;ACT;COND;POS;PRS;SG,272.0,272.0,0.1875,0.1875,2.0808823529411766,0.214730519125495,0.0,0.0
fin.V.orth.mgn,core,high_entropy,500,100,ldl,3;ACT;IMP;PL;POS;PRS,268.0,268.0,0.0559701492537313,0.0559701492537313,3.764925373134328,0.3455472878623669,0.0,0.0
fin.V.orth.mgn,core,high_entropy,500,100,ldl,3;ACT;IMP;POS;PRS;SG,265.0,265.0,0.090566037735849,0.090566037735849,3.422641509433962,0.3130135455246443,0.0,0.0
fin.V.orth.mgn,core,high_entropy,500,100,ldl,3;ACT;IND;PL;POS;PRS,263.0,263.0,0.0380228136882129,0.0380228136882129,2.9771863117870723,0.2960228772863412,0.0,0.0
fin.V.orth.mgn,core,high_entropy,500,100,ldl,3;ACT;IND;PL;POS;PST,266.0,266.0,0.0601503759398496,0.0601503759398496,2.7857142857142856,0.2620658424376795,0.0,0.0
fin.V.orth.mgn,core,high_entropy,500,100,ldl,3;ACT;IND;POS;PRS;SG,261.0,261.0,0.057471264367816,0.057471264367816,2.2758620689655173,0.2897249827777211,0.0,0.0
fin.V.orth.mgn,core,high_entropy,500,100,ldl,3;ACT;IND;POS;PST;SG,259.0,259.0,0.2586872586872586,0.2586872586872586,1.5598455598455598,0.2057584254012825,0.0,0.0
fin.V.orth.mgn,core,high_entropy,500,100,ldl,3;ACT;PL;POS;POT;PRS,274.0,274.0,0.072992700729927,0.072992700729927,3.4927007299270074,0.2916994183749455,0.0,0.0
fin.V.orth.mgn,core,high_entropy,500,100,ldl,3;ACT;POS;POT;PRS;SG,268.0,268.0,0.0746268656716417,0.0746268656716417,2.544776119402985,0.2542270420510797,0.0,0.0
fin.V.orth.mgn,core,high_entropy,500,100,ldl,COND;PASS;POS;PRS,263.0,263.0,0.0418250950570342,0.0418250950570342,3.376425855513308,0.2315561450207199,0.0,0.0
fin.V.orth.mgn,core,high_entropy,500,100,ldl,IMP;PASS;POS;PRS,266.0,266.0,0.0526315789473684,0.0526315789473684,3.3721804511278197,0.2494059858090918,0.0,0.0
fin.V.orth.mgn,core,high_entropy,500,100,ldl,IND;PASS;POS;PRS,255.0,255.0,0.0313725490196078,0.0313725490196078,3.215686274509804,0.3038790906679269,0.0,0.0
fin.V.orth.mgn,core,high_entropy,500,100,ldl,IND;PASS;POS;PST,271.0,271.0,0.047970479704797,0.047970479704797,3.003690036900369,0.2667029871741238,0.0,0.0
fin.V.orth.mgn,core,high_entropy,500,100,ldl,PASS;POS;POT;PRS,264.0,264.0,0.0643939393939393,0.0643939393939393,3.5568181818181817,0.2619983208898042,0.0,0.0
fin.V.orth.mgn,core,low_confidence,250,100,ldl,1;ACT;COND;PL;POS;PRS,272.0,272.0,0.1764705882352941,0.1764705882352941,2.389705882352941,0.1805737723388481,0.0,0.0
fin.V.orth.mgn,core,low_confidence,250,100,ldl,1;ACT;COND;POS;PRS;SG,269.0,269.0,0.1598513011152416,0.1598513011152416,2.2118959107806693,0.2059832660526665,0.0,0.0
fin.V.orth.mgn,core,low_confidence,250,100,ldl,1;ACT;IMP;PL;POS;PRS,276.0,276.0,0.0253623188405797,0.0253623188405797,3.746376811594203,0.2858483418531036,0.0,0.0
fin.V.orth.mgn,core,low_confidence,250,100,ldl,1;ACT;IND;PL;POS;PRS,268.0,268.0,0.0634328358208955,0.0634328358208955,2.671641791044776,0.2682709386987435,0.0,0.0
fin.V.orth.mgn,core,low_confidence,250,100,ldl,1;ACT;IND;PL;POS;PST,264.0,264.0,0.1590909090909091,0.1590909090909091,2.5833333333333335,0.2450303925514135,0.0,0.0
fin.V.orth.mgn,core,low_confidence,250,100,ldl,1;ACT;IND;POS;PRS;SG,267.0,267.0,0.1385767790262172,0.1385767790262172,1.7602996254681649,0.2197199204799998,0.0,0.0
fin.V.orth.mgn,core,low_confidence,250,100,ldl,1;ACT;IND;POS;PST;SG,260.0,260.0,0.1846153846153846,0.1846153846153846,1.8076923076923077,0.217248637486194,0.0,0.0
fin.V.orth.mgn,core,low_confidence,250,100,ldl,1;ACT;PL;POS;POT;PRS,255.0,255.0,0.1176470588235294,0.1176470588235294,2.9568627450980394,0.2408361784987172,0.0,0.0
fin.V.orth.mgn,core,low_confidence,250,100,ldl,1;ACT;POS;POT;PRS;SG,270.0,270.0,0.1444444444444444,0.1444444444444444,2.2111111111111112,0.217085126091404,0.0,0.0
fin.V.orth.mgn,core,low_confidence,250,100,ldl,2;ACT;COND;PL;POS;PRS,263.0,263.0,0.1596958174904943,0.1596958174904943,2.269961977186312,0.1736697031342936,0.0,0.0
fin.V.orth.mgn,core,low_confidence,250,100,ldl,2;ACT;COND;POS;PRS;SG,259.0,259.0,0.22007722007722,0.22007722007722,1.8687258687258688,0.1674083804557046,0.0,0.0
fin.V.orth.mgn,core,low_confidence,250,100,ldl,2;ACT;IMP;PL;POS;PRS,268.0,268.0,0.0559701492537313,0.0559701492537313,3.705223880597015,0.3701473679963583,0.0,0.0
fin.V.orth.mgn,core,low_confidence,250,100,ldl,2;ACT;IMP;POS;PRS;SG,267.0,267.0,0.0449438202247191,0.0449438202247191,2.9700374531835205,0.4428475134935809,0.0,0.0
fin.V.orth.mgn,core,low_confidence,250,100,ldl,2;ACT;IND;PL;POS;PRS,263.0,263.0,0.0570342205323193,0.0570342205323193,2.376425855513308,0.2360712989401967,0.0,0.0
fin.V.orth.mgn,core,low_confidence,250,100,ldl,2;ACT;IND;PL;POS;PST,265.0,265.0,0.1283018867924528,0.1283018867924528,2.211320754716981,0.211316410400615,0.0,0.0
fin.V.orth.mgn,core,low_confidence,250,100,ldl,2;ACT;IND;POS;PRS;SG,270.0,270.0,0.1555555555555555,0.1555555555555555,1.6444444444444444,0.2119976960826633,0.0,0.0
fin.V.orth.mgn,core,low_confidence,250,100,ldl,2;ACT;IND;POS;PST;SG,268.0,268.0,0.2238805970149253,0.2238805970149253,1.6082089552238803,0.193105831162789,0.0,0.0
fin.V.orth.mgn,core,low_confidence,250,100,ldl,2;ACT;PL;POS;POT;PRS,249.0,249.0,0.1566265060240964,0.1566265060240964,2.8032128514056227,0.2322766098993298,0.0,0.0
fin.V.orth.mgn,core,low_confidence,250,100,ldl,2;ACT;POS;POT;PRS;SG,267.0,267.0,0.1947565543071161,0.1947565543071161,1.9625468164794009,0.1912179365613637,0.0,0.0
fin.V.orth.mgn,core,low_confidence,250,100,ldl,3;ACT;COND;PL;POS;PRS,277.0,277.0,0.0830324909747292,0.0830324909747292,3.299638989169675,0.2577052082559453,0.0,0.0
fin.V.orth.mgn,core,low_confidence,250,100,ldl,3;ACT;COND;POS;PRS;SG,272.0,272.0,0.1838235294117647,0.1838235294117647,2.0808823529411766,0.2149758329115743,0.0,0.0
fin.V.orth.mgn,core,low_confidence,250,100,ldl,3;ACT;IMP;PL;POS;PRS,268.0,268.0,0.0298507462686567,0.0298507462686567,3.951492537313433,0.3624186819423869,0.0,0.0
fin.V.orth.mgn,core,low_confidence,250,100,ldl,3;ACT;IMP;POS;PRS;SG,265.0,265.0,0.060377358490566,0.060377358490566,3.5622641509433963,0.3248831877827438,0.0,0.0
fin.V.orth.mgn,core,low_confidence,250,100,ldl,3;ACT;IND;PL;POS;PRS,263.0,263.0,0.0342205323193916,0.0342205323193916,2.973384030418251,0.2924508361817806,0.0,0.0
fin.V.orth.mgn,core,low_confidence,250,100,ldl,3;ACT;IND;PL;POS;PST,266.0,266.0,0.0827067669172932,0.0827067669172932,2.781954887218045,0.2629046710342248,0.0,0.0
fin.V.orth.mgn,core,low_confidence,250,100,ldl,3;ACT;IND;POS;PRS;SG,261.0,261.0,0.053639846743295,0.053639846743295,2.157088122605364,0.2756757603951654,0.0,0.0
fin.V.orth.mgn,core,low_confidence,250,100,ldl,3;ACT;IND;POS;PST;SG,259.0,259.0,0.2355212355212355,0.2355212355212355,1.6833976833976834,0.2175402675402675,0.0,0.0
fin.V.orth.mgn,core,low_confidence,250,100,ldl,3;ACT;PL;POS;POT;PRS,274.0,274.0,0.0583941605839416,0.0583941605839416,3.54014598540146,0.2942585300447269,0.0,0.0
fin.V.orth.mgn,core,low_confidence,250,100,ldl,3;ACT;POS;POT;PRS;SG,268.0,268.0,0.085820895522388,0.085820895522388,2.485074626865672,0.2465759762843423,0.0,0.0
fin.V.orth.mgn,core,low_confidence,250,100,ldl,COND;PASS;POS;PRS,263.0,263.0,0.0418250950570342,0.0418250950570342,3.6045627376425857,0.2476224021445528,0.0,0.0
fin.V.orth.mgn,core,low_confidence,250,100,ldl,IMP;PASS;POS;PRS,266.0,266.0,0.0488721804511278,0.0488721804511278,3.5601503759398496,0.2644779440230575,0.0,0.0
fin.V.orth.mgn,core,low_confidence,250,100,ldl,IND;PASS;POS;PRS,255.0,255.0,0.0274509803921568,0.0274509803921568,3.164705882352941,0.2985102095810528,0.0,0.0
fin.V.orth.mgn,core,low_confidence,250,100,ldl,IND;PASS;POS;PST,271.0,271.0,0.051660516605166,0.051660516605166,2.96309963099631,0.2622272759051174,0.0,0.0
fin.V.orth.mgn,core,low_confidence,250,100,ldl,PASS;POS;POT;PRS,264.0,264.0,0.0492424242424242,0.0492424242424242,3.772727272727273,0.2785824642550128,0.0,0.0
fin.V.orth.mgn,core,low_confidence,500,100,ldl,1;ACT;COND;PL;POS;PRS,272.0,272.0,0.25,0.25,2.202205882352941,0.1660130180100358,0.0,0.0
fin.V.orth.mgn,core,low_confidence,500,100,ldl,1;ACT;COND;POS;PRS;SG,269.0,269.0,0.1078066914498141,0.1078066914498141,2.2973977695167287,0.2115330755987586,0.0,0.0
fin.V.orth.mgn,core,low_confidence,500,100,ldl,1;ACT;IMP;PL;POS;PRS,276.0,276.0,0.0326086956521739,0.0326086956521739,3.9130434782608696,0.297535166975031,0.0,0.0
fin.V.orth.mgn,core,low_confidence,500,100,ldl,1;ACT;IND;PL;POS;PRS,268.0,268.0,0.0597014925373134,0.0597014925373134,2.593283582089552,0.2596829470883638,0.0,0.0
fin.V.orth.mgn,core,low_confidence,500,100,ldl,1;ACT;IND;PL;POS;PST,264.0,264.0,0.1893939393939394,0.1893939393939394,2.234848484848485,0.2142980499039639,0.0,0.0
fin.V.orth.mgn,core,low_confidence,500,100,ldl,1;ACT;IND;POS;PRS;SG,267.0,267.0,0.1647940074906367,0.1647940074906367,1.7116104868913855,0.2151104152756499,0.0,0.0
fin.V.orth.mgn,core,low_confidence,500,100,ldl,1;ACT;IND;POS;PST;SG,260.0,260.0,0.2307692307692307,0.2307692307692307,1.7115384615384617,0.2038525997632332,0.0,0.0
fin.V.orth.mgn,core,low_confidence,500,100,ldl,1;ACT;PL;POS;POT;PRS,255.0,255.0,0.1686274509803921,0.1686274509803921,2.9098039215686273,0.2351979478563889,0.0,0.0
fin.V.orth.mgn,core,low_confidence,500,100,ldl,1;ACT;POS;POT;PRS;SG,270.0,270.0,0.1407407407407407,0.1407407407407407,2.3185185185185184,0.2267123903183414,0.0,0.0
fin.V.orth.mgn,core,low_confidence,500,100,ldl,2;ACT;COND;PL;POS;PRS,263.0,263.0,0.1444866920152091,0.1444866920152091,2.4600760456273765,0.1894574582075317,0.0,0.0
fin.V.orth.mgn,core,low_confidence,500,100,ldl,2;ACT;COND;POS;PRS;SG,259.0,259.0,0.22007722007722,0.22007722007722,2.0154440154440154,0.1818193517994491,0.0,0.0
fin.V.orth.mgn,core,low_confidence,500,100,ldl,2;ACT;IMP;PL;POS;PRS,268.0,268.0,0.0597014925373134,0.0597014925373134,3.805970149253731,0.379863594970048,0.0,0.0
fin.V.orth.mgn,core,low_confidence,500,100,ldl,2;ACT;IMP;POS;PRS;SG,267.0,267.0,0.0411985018726591,0.0411985018726591,3.059925093632959,0.451227689289487,0.0,0.0
fin.V.orth.mgn,core,low_confidence,500,100,ldl,2;ACT;IND;PL;POS;PRS,263.0,263.0,0.0608365019011406,0.0608365019011406,2.338403041825095,0.2332941489672293,0.0,0.0
fin.V.orth.mgn,core,low_confidence,500,100,ldl,2;ACT;IND;PL;POS;PST,265.0,265.0,0.120754716981132,0.120754716981132,2.230188679245283,0.2141383161853107,0.0,0.0
fin.V.orth.mgn,core,low_confidence,500,100,ldl,2;ACT;IND;POS;PRS;SG,270.0,270.0,0.1555555555555555,0.1555555555555555,1.648148148148148,0.2088658896175236,0.0,0.0
fin.V.orth.mgn,core,low_confidence,500,100,ldl,2;ACT;IND;POS;PST;SG,268.0,268.0,0.2276119402985074,0.2276119402985074,1.5671641791044777,0.189978040628282,0.0,0.0
fin.V.orth.mgn,core,low_confidence,500,100,ldl,2;ACT;PL;POS;POT;PRS,249.0,249.0,0.1767068273092369,0.1767068273092369,2.78714859437751,0.2292080740437635,0.0,0.0
fin.V.orth.mgn,core,low_confidence,500,100,ldl,2;ACT;POS;POT;PRS;SG,267.0,267.0,0.1760299625468165,0.1760299625468165,2.1235955056179776,0.2102081572535011,0.0,0.0
fin.V.orth.mgn,core,low_confidence,500,100,ldl,3;ACT;COND;PL;POS;PRS,277.0,277.0,0.075812274368231,0.075812274368231,3.299638989169675,0.2579664542301877,0.0,0.0
fin.V.orth.mgn,core,low_confidence,500,100,ldl,3;ACT;COND;POS;PRS;SG,272.0,272.0,0.1801470588235294,0.1801470588235294,2.1875,0.2209086814054033,0.0,0.0
fin.V.orth.mgn,core,low_confidence,500,100,ldl,3;ACT;IMP;PL;POS;PRS,268.0,268.0,0.0522388059701492,0.0522388059701492,3.8917910447761193,0.3582738906542681,0.0,0.0
fin.V.orth.mgn,core,low_confidence,500,100,ldl,3;ACT;IMP;POS;PRS;SG,265.0,265.0,0.0566037735849056,0.0566037735849056,3.6566037735849055,0.3344827785976509,0.0,0.0
fin.V.orth.mgn,core,low_confidence,500,100,ldl,3;ACT;IND;PL;POS;PRS,263.0,263.0,0.0380228136882129,0.0380228136882129,2.9163498098859315,0.2877408656773334,0.0,0.0
fin.V.orth.mgn,core,low_confidence,500,100,ldl,3;ACT;IND;PL;POS;PST,266.0,266.0,0.0601503759398496,0.0601503759398496,2.9586466165413534,0.2817956349771569,0.0,0.0
fin.V.orth.mgn,core,low_confidence,500,100,ldl,3;ACT;IND;POS;PRS;SG,261.0,261.0,0.053639846743295,0.053639846743295,2.264367816091954,0.2875257186531696,0.0,0.0
fin.V.orth.mgn,core,low_confidence,500,100,ldl,3;ACT;IND;POS;PST;SG,259.0,259.0,0.2355212355212355,0.2355212355212355,1.5907335907335909,0.2084454048739763,0.0,0.0
fin.V.orth.mgn,core,low_confidence,500,100,ldl,3;ACT;PL;POS;POT;PRS,274.0,274.0,0.072992700729927,0.072992700729927,3.583941605839416,0.2979325997610895,0.0,0.0
fin.V.orth.mgn,core,low_confidence,500,100,ldl,3;ACT;POS;POT;PRS;SG,268.0,268.0,0.0746268656716417,0.0746268656716417,2.529850746268657,0.2491858094445486,0.0,0.0
fin.V.orth.mgn,core,low_confidence,500,100,ldl,COND;PASS;POS;PRS,263.0,263.0,0.0494296577946768,0.0494296577946768,3.714828897338403,0.2518027349216024,0.0,0.0
fin.V.orth.mgn,core,low_confidence,500,100,ldl,IMP;PASS;POS;PRS,266.0,266.0,0.0601503759398496,0.0601503759398496,3.612781954887218,0.2695145519557345,0.0,0.0
fin.V.orth.mgn,core,low_confidence,500,100,ldl,IND;PASS;POS;PRS,255.0,255.0,0.0235294117647058,0.0235294117647058,3.3254901960784315,0.3134796559801112,0.0,0.0
fin.V.orth.mgn,core,low_confidence,500,100,ldl,IND;PASS;POS;PST,271.0,271.0,0.081180811808118,0.081180811808118,2.782287822878229,0.2451185484241589,0.0,0.0
fin.V.orth.mgn,core,low_confidence,500,100,ldl,PASS;POS;POT;PRS,264.0,264.0,0.0454545454545454,0.0454545454545454,3.6818181818181817,0.2739894215133105,0.0,0.0
fin.V.orth.mgn,core,random,500,100,ldl,1;ACT;COND;PL;POS;PRS,272.0,272.0,0.1801470588235294,0.1801470588235294,2.3345588235294117,0.1773489865637812,0.0,0.0
fin.V.orth.mgn,core,random,500,100,ldl,1;ACT;COND;POS;PRS;SG,269.0,269.0,0.2156133828996282,0.2156133828996282,2.197026022304833,0.2005292405242915,0.0,0.0
fin.V.orth.mgn,core,random,500,100,ldl,1;ACT;IMP;PL;POS;PRS,276.0,276.0,0.0398550724637681,0.0398550724637681,3.7065217391304346,0.2833848287038488,0.0,0.0
fin.V.orth.mgn,core,random,500,100,ldl,1;ACT;IND;PL;POS;PRS,268.0,268.0,0.0559701492537313,0.0559701492537313,2.6828358208955225,0.2684300198746158,0.0,0.0
fin.V.orth.mgn,core,random,500,100,ldl,1;ACT;IND;PL;POS;PST,264.0,264.0,0.1969696969696969,0.1969696969696969,2.363636363636364,0.2265500303210512,0.0,0.0
fin.V.orth.mgn,core,random,500,100,ldl,1;ACT;IND;POS;PRS;SG,267.0,267.0,0.146067415730337,0.146067415730337,1.6741573033707866,0.2098368810695314,0.0,0.0
fin.V.orth.mgn,core,random,500,100,ldl,1;ACT;IND;POS;PST;SG,260.0,260.0,0.2038461538461538,0.2038461538461538,1.7076923076923076,0.1987140417400598,0.0,0.0
fin.V.orth.mgn,core,random,500,100,ldl,1;ACT;PL;POS;POT;PRS,255.0,255.0,0.1529411764705882,0.1529411764705882,2.772549019607843,0.223169745698429,0.0,0.0
fin.V.orth.mgn,core,random,500,100,ldl,1;ACT;POS;POT;PRS;SG,270.0,270.0,0.1555555555555555,0.1555555555555555,2.111111111111111,0.207096601241768,0.0,0.0
fin.V.orth.mgn,core,random,500,100,ldl,2;ACT;COND;PL;POS;PRS,263.0,263.0,0.1596958174904943,0.1596958174904943,2.349809885931559,0.1804601737164216,0.0,0.0
fin.V.orth.mgn,core,random,500,100,ldl,2;ACT;COND;POS;PRS;SG,259.0,259.0,0.2046332046332046,0.2046332046332046,2.06949806949807,0.186338984260258,0.0,0.0
fin.V.orth.mgn,core,random,500,100,ldl,2;ACT;IMP;PL;POS;PRS,268.0,268.0,0.1156716417910447,0.1156716417910447,3.5186567164179103,0.3564852113304703,0.0,0.0
fin.V.orth.mgn,core,random,500,100,ldl,2;ACT;IMP;POS;PRS;SG,267.0,267.0,0.0411985018726591,0.0411985018726591,3.2397003745318353,0.4804965581650974,0.0,0.0
fin.V.orth.mgn,core,random,500,100,ldl,2;ACT;IND;PL;POS;PRS,263.0,263.0,0.0646387832699619,0.0646387832699619,2.2319391634980987,0.2217710570091116,0.0,0.0
fin.V.orth.mgn,core,random,500,100,ldl,2;ACT;IND;PL;POS;PST,265.0,265.0,0.1509433962264151,0.1509433962264151,2.1962264150943396,0.2120409349819654,0.0,0.0
fin.V.orth.mgn,core,random,500,100,ldl,2;ACT;IND;POS;PRS;SG,270.0,270.0,0.1222222222222222,0.1222222222222222,1.774074074074074,0.2279272192344087,0.0,0.0
fin.V.orth.mgn,core,random,500,100,ldl,2;ACT;IND;POS;PST;SG,268.0,268.0,0.1828358208955224,0.1828358208955224,1.6492537313432836,0.1990997646753792,0.0,0.0
fin.V.orth.mgn,core,random,500,100,ldl,2;ACT;PL;POS;POT;PRS,249.0,249.0,0.1285140562248996,0.1285140562248996,2.823293172690763,0.2336709231669879,0.0,0.0
fin.V.orth.mgn,core,random,500,100,ldl,2;ACT;POS;POT;PRS;SG,267.0,267.0,0.1872659176029962,0.1872659176029962,1.9625468164794009,0.1930232094505757,0.0,0.0
fin.V.orth.mgn,core,random,500,100,ldl,3;ACT;COND;PL;POS;PRS,277.0,277.0,0.1227436823104693,0.1227436823104693,3.0288808664259927,0.2374946644522819,0.0,0.0
fin.V.orth.mgn,core,random,500,100,ldl,3;ACT;COND;POS;PRS;SG,272.0,272.0,0.2316176470588235,0.2316176470588235,1.9779411764705883,0.2019924086883088,0.0,0.0
fin.V.orth.mgn,core,random,500,100,ldl,3;ACT;IMP;PL;POS;PRS,268.0,268.0,0.0746268656716417,0.0746268656716417,3.694029850746269,0.3405449674216136,0.0,0.0
fin.V.orth.mgn,core,random,500,100,ldl,3;ACT;IMP;POS;PRS;SG,265.0,265.0,0.0830188679245283,0.0830188679245283,3.4452830188679244,0.3185396598715133,0.0,0.0
fin.V.orth.mgn,core,random,500,100,ldl,3;ACT;IND;PL;POS;PRS,263.0,263.0,0.0304182509505703,0.0304182509505703,2.96958174904943,0.2946020020061503,0.0,0.0
fin.V.orth.mgn,core,random,500,100,ldl,3;ACT;IND;PL;POS;PST,266.0,266.0,0.1015037593984962,0.1015037593984962,2.8533834586466167,0.2724851692867708,0.0,0.0
fin.V.orth.mgn,core,random,500,100,ldl,3;ACT;IND;POS;PRS;SG,261.0,261.0,0.0498084291187739,0.0498084291187739,2.268199233716475,0.2908406721118012,0.0,0.0
fin.V.orth.mgn,core,random,500,100,ldl,3;ACT;IND;POS;PST;SG,259.0,259.0,0.2586872586872586,0.2586872586872586,1.5945945945945943,0.2104822033393461,0.0,0.0
fin.V.orth.mgn,core,random,500,100,ldl,3;ACT;PL;POS;POT;PRS,274.0,274.0,0.0802919708029197,0.0802919708029197,3.4635036496350367,0.2909715848325993,0.0,0.0
fin.V.orth.mgn,core,random,500,100,ldl,3;ACT;POS;POT;PRS;SG,268.0,268.0,0.1156716417910447,0.1156716417910447,2.421641791044776,0.2415877638334433,0.0,0.0
fin.V.orth.mgn,core,random,500,100,ldl,COND;PASS;POS;PRS,263.0,263.0,0.0608365019011406,0.0608365019011406,3.3536121673003803,0.229593652157363,0.0,0.0
fin.V.orth.mgn,core,random,500,100,ldl,IMP;PASS;POS;PRS,266.0,266.0,0.0789473684210526,0.0789473684210526,3.3721804511278197,0.2537600369136783,0.0,0.0
fin.V.orth.mgn,core,random,500,100,ldl,IND;PASS;POS;PRS,255.0,255.0,0.0470588235294117,0.0470588235294117,3.2705882352941176,0.3088428367129878,0.0,0.0
fin.V.orth.mgn,core,random,500,100,ldl,IND;PASS;POS;PST,271.0,271.0,0.066420664206642,0.066420664206642,2.8634686346863467,0.2563244900472003,0.0,0.0
fin.V.orth.mgn,core,random,500,100,ldl,PASS;POS;POT;PRS,264.0,264.0,0.0454545454545454,0.0454545454545454,3.7083333333333335,0.2777856807464365,0.0,0.0
ita.V.orth.mgn,core,high_entropy,500,100,ldl,1;COND;PL,275.0,275.0,0.0581818181818181,0.0581818181818181,3.2363636363636363,0.2531712446480248,0.0,0.0
ita.V.orth.mgn,core,high_entropy,500,100,ldl,1;COND;SG,268.0,268.0,0.1417910447761194,0.1417910447761194,2.5970149253731343,0.2406956691399416,0.0,0.0
ita.V.orth.mgn,core,high_entropy,500,100,ldl,1;FUT;IND;PL,275.0,275.0,0.1381818181818181,0.1381818181818181,2.5054545454545454,0.212865915130621,0.0,0.0
ita.V.orth.mgn,core,high_entropy,500,100,ldl,1;FUT;IND;SG,278.0,278.0,0.1151079136690647,0.1151079136690647,2.4964028776978417,0.2578160598394411,0.0,0.0
ita.V.orth.mgn,core,high_entropy,500,100,ldl,1;IMP;PL;POS,272.0,272.0,0.2279411764705882,0.2279411764705882,1.974264705882353,0.1835963721116698,0.0,0.0
ita.V.orth.mgn,core,high_entropy,500,100,ldl,1;IND;IPFV;PL;PST,265.0,265.0,0.2528301886792453,0.2528301886792453,2.1132075471698113,0.1732675355844057,0.0,0.0
ita.V.orth.mgn,core,high_entropy,500,100,ldl,1;IND;IPFV;PST;SG,283.0,283.0,0.07773851590106,0.07773851590106,2.3180212014134276,0.240055301981097,0.0,0.0
ita.V.orth.mgn,core,high_entropy,500,100,ldl,1;IND;PFV;PL;PST,274.0,274.0,0.0620437956204379,0.0620437956204379,2.781021897810219,0.2649287945111768,0.0,0.0
ita.V.orth.mgn,core,high_entropy,500,100,ldl,1;IND;PFV;PST;SG,279.0,279.0,0.068100358422939,0.068100358422939,2.6666666666666665,0.3236724475655532,0.0,0.0
ita.V.orth.mgn,core,high_entropy,500,100,ldl,1;IND;PL;PRS,283.0,283.0,0.2402826855123674,0.2402826855123674,1.773851590106007,0.1629233204362568,0.0,0.0
ita.V.orth.mgn,core,high_entropy,500,100,ldl,1;IND;PRS;SG,286.0,286.0,0.0,0.0,2.097902097902098,0.2756020543170893,0.0,0.0
ita.V.orth.mgn,core,high_entropy,500,100,ldl,1;PL;PRS;SBJV,280.0,280.0,0.2785714285714286,0.2785714285714286,1.8678571428571429,0.1764097690971861,0.0,0.0
ita.V.orth.mgn,core,high_entropy,500,100,ldl,1;PL;PST;SBJV,279.0,279.0,0.1111111111111111,0.1111111111111111,2.8315412186379927,0.2182683646143648,0.0,0.0
ita.V.orth.mgn,core,high_entropy,500,100,ldl,1;PRS;SBJV;SG,276.0,276.0,0.427536231884058,0.427536231884058,1.6920289855072463,0.2204386696234522,0.0,0.0
ita.V.orth.mgn,core,high_entropy,500,100,ldl,1;PST;SBJV;SG,270.0,270.0,0.3666666666666666,0.3666666666666666,1.548148148148148,0.1427454556457824,0.0,0.0
ita.V.orth.mgn,core,high_entropy,500,100,ldl,2;COND;PL,275.0,275.0,0.1563636363636363,0.1563636363636363,3.12,0.2441754567320286,0.0,0.0
ita.V.orth.mgn,core,high_entropy,500,100,ldl,2;COND;SG,274.0,274.0,0.0620437956204379,0.0620437956204379,3.5255474452554743,0.2740278285638842,0.0,0.0
ita.V.orth.mgn,core,high_entropy,500,100,ldl,2;FUT;IND;PL,272.0,272.0,0.0441176470588235,0.0441176470588235,3.172794117647059,0.2722045648867664,0.0,0.0
ita.V.orth.mgn,core,high_entropy,500,100,ldl,2;FUT;IND;SG,275.0,275.0,0.1163636363636363,0.1163636363636363,2.690909090909091,0.2505196907105154,0.0,0.0
ita.V.orth.mgn,core,high_entropy,500,100,ldl,2;IMP;PL;POS,273.0,273.0,0.1648351648351648,0.1648351648351648,2.2967032967032965,0.243454957740672,0.0,0.0
ita.V.orth.mgn,core,high_entropy,500,100,ldl,2;IMP;POS;SG,261.0,261.0,0.1800766283524904,0.1800766283524904,1.8812260536398469,0.251621749897612,0.0,0.0
ita.V.orth.mgn,core,high_entropy,500,100,ldl,2;IND;IPFV;PL;PST,282.0,282.0,0.1524822695035461,0.1524822695035461,2.617021276595745,0.2169437273082454,0.0,0.0
ita.V.orth.mgn,core,high_entropy,500,100,ldl,2;IND;IPFV;PST;SG,275.0,275.0,0.0618181818181818,0.0618181818181818,2.3127272727272725,0.2334849796667978,0.0,0.0
ita.V.orth.mgn,core,high_entropy,500,100,ldl,2;IND;PFV;PL;PST,276.0,276.0,0.2463768115942029,0.2463768115942029,2.3405797101449277,0.2188998950209241,0.0,0.0
ita.V.orth.mgn,core,high_entropy,500,100,ldl,2;IND;PFV;PST;SG,276.0,276.0,0.1268115942028985,0.1268115942028985,2.420289855072464,0.2221634281816506,0.0,0.0
ita.V.orth.mgn,core,high_entropy,500,100,ldl,2;IND;PL;PRS,276.0,276.0,0.1956521739130435,0.1956521739130435,2.1630434782608696,0.2250008546204198,0.0,0.0
ita.V.orth.mgn,core,high_entropy,500,100,ldl,2;IND;PRS;SG,269.0,269.0,0.3643122676579926,0.3643122676579926,1.520446096654275,0.2015120567165177,0.0,0.0
ita.V.orth.mgn,core,high_entropy,500,100,ldl,2;PL;PRS;SBJV,277.0,277.0,0.1444043321299639,0.1444043321299639,2.216606498194946,0.2047551079265266,0.0,0.0
ita.V.orth.mgn,core,high_entropy,500,100,ldl,2;PL;PST;SBJV,279.0,279.0,0.1362007168458781,0.1362007168458781,2.4695340501792113,0.2352435882205515,0.0,0.0
ita.V.orth.mgn,core,high_entropy,500,100,ldl,2;PRS;SBJV;SG,270.0,270.0,0.4407407407407407,0.4407407407407407,1.6444444444444444,0.2128352203352203,0.0,0.0
ita.V.orth.mgn,core,high_entropy,500,100,ldl,2;PST;SBJV;SG,266.0,266.0,0.3345864661654135,0.3345864661654135,1.533834586466165,0.1442539722918979,0.0,0.0
ita.V.orth.mgn,core,high_entropy,500,100,ldl,3;COND;PL,280.0,280.0,0.075,0.075,3.825,0.25478941634262,0.0,0.0
ita.V.orth.mgn,core,high_entropy,500,100,ldl,3;COND;SG,271.0,271.0,0.1365313653136531,0.1365313653136531,3.166051660516606,0.2482145390478533,0.0,0.0
ita.V.orth.mgn,core,high_entropy,500,100,ldl,3;FUT;IND;PL,275.0,275.0,0.0436363636363636,0.0436363636363636,3.458181818181818,0.2696813714165248,0.0,0.0
ita.V.orth.mgn,core,high_entropy,500,100,ldl,3;FUT;IND;SG,277.0,277.0,0.1371841155234657,0.1371841155234657,2.4657039711191335,0.253633129806415,0.0,0.0
ita.V.orth.mgn,core,high_entropy,500,100,ldl,3;IMP;PL;POS,277.0,277.0,0.1624548736462094,0.1624548736462094,2.592057761732852,0.2658659080590488,0.0,0.0
ita.V.orth.mgn,core,high_entropy,500,100,ldl,3;IMP;POS;SG,273.0,273.0,0.1611721611721611,0.1611721611721611,2.010989010989011,0.2651689529436782,0.0,0.0
ita.V.orth.mgn,core,high_entropy,500,100,ldl,3;IND;IPFV;PL;PST,272.0,272.0,0.1580882352941176,0.1580882352941176,2.4044117647058822,0.2012303941612981,0.0,0.0
ita.V.orth.mgn,core,high_entropy,500,100,ldl,3;IND;IPFV;PST;SG,273.0,273.0,0.2161172161172161,0.2161172161172161,2.0586080586080584,0.2064799313425687,0.0,0.0
ita.V.orth.mgn,core,high_entropy,500,100,ldl,3;IND;PFV;PL;PST,272.0,272.0,0.0441176470588235,0.0441176470588235,3.5073529411764706,0.3023113762679074,0.0,0.0
ita.V.orth.mgn,core,high_entropy,500,100,ldl,3;IND;PFV;PST;SG,282.0,282.0,0.0283687943262411,0.0283687943262411,3.3439716312056738,0.4584568603185624,0.0,0.0
ita.V.orth.mgn,core,high_entropy,500,100,ldl,3;IND;PL;PRS,276.0,276.0,0.0978260869565217,0.0978260869565217,2.2971014492753623,0.2371414113261939,0.0,0.0
ita.V.orth.mgn,core,high_entropy,500,100,ldl,3;IND;PRS;SG,270.0,270.0,0.2185185185185185,0.2185185185185185,1.6888888888888889,0.2237822054488721,0.0,0.0
ita.V.orth.mgn,core,high_entropy,500,100,ldl,3;PL;PRS;SBJV,272.0,272.0,0.1066176470588235,0.1066176470588235,2.5036764705882355,0.2575433706407971,0.0,0.0
ita.V.orth.mgn,core,high_entropy,500,100,ldl,3;PL;PST;SBJV,275.0,275.0,0.0727272727272727,0.0727272727272727,3.1818181818181817,0.2487589277845399,0.0,0.0
ita.V.orth.mgn,core,high_entropy,500,100,ldl,3;PRS;SBJV;SG,268.0,268.0,0.3283582089552239,0.3283582089552239,1.6977611940298507,0.2235656031364986,0.0,0.0
ita.V.orth.mgn,core,high_entropy,500,100,ldl,3;PST;SBJV;SG,270.0,270.0,0.1037037037037037,0.1037037037037037,2.248148148148148,0.2084386479342619,0.0,0.0
ita.V.orth.mgn,core,low_confidence,250,100,ldl,1;COND;PL,275.0,275.0,0.0836363636363636,0.0836363636363636,3.021818181818182,0.2347110269878353,0.0,0.0
ita.V.orth.mgn,core,low_confidence,250,100,ldl,1;COND;SG,268.0,268.0,0.1044776119402985,0.1044776119402985,2.9141791044776117,0.2715469333400863,0.0,0.0
ita.V.orth.mgn,core,low_confidence,250,100,ldl,1;FUT;IND;PL,275.0,275.0,0.149090909090909,0.149090909090909,2.429090909090909,0.2067379480293918,0.0,0.0
ita.V.orth.mgn,core,low_confidence,250,100,ldl,1;FUT;IND;SG,278.0,278.0,0.1834532374100719,0.1834532374100719,2.287769784172662,0.2338150358833811,0.0,0.0
ita.V.orth.mgn,core,low_confidence,250,100,ldl,1;IMP;PL;POS,272.0,272.0,0.2279411764705882,0.2279411764705882,1.9963235294117647,0.1905383227144119,0.0,0.0
ita.V.orth.mgn,core,low_confidence,250,100,ldl,1;IND;IPFV;PL;PST,265.0,265.0,0.2566037735849056,0.2566037735849056,2.0415094339622644,0.1673349498571474,0.0,0.0
ita.V.orth.mgn,core,low_confidence,250,100,ldl,1;IND;IPFV;PST;SG,283.0,283.0,0.0636042402826855,0.0636042402826855,2.5335689045936394,0.2667342620081135,0.0,0.0
ita.V.orth.mgn,core,low_confidence,250,100,ldl,1;IND;PFV;PL;PST,274.0,274.0,0.0547445255474452,0.0547445255474452,2.8248175182481754,0.2742117125854216,0.0,0.0
ita.V.orth.mgn,core,low_confidence,250,100,ldl,1;IND;PFV;PST;SG,279.0,279.0,0.053763440860215,0.053763440860215,2.7132616487455197,0.3295443037062265,0.0,0.0
ita.V.orth.mgn,core,low_confidence,250,100,ldl,1;IND;PL;PRS,283.0,283.0,0.2367491166077738,0.2367491166077738,1.88339222614841,0.1785923006396373,0.0,0.0
ita.V.orth.mgn,core,low_confidence,250,100,ldl,1;IND;PRS;SG,286.0,286.0,0.0104895104895104,0.0104895104895104,2.13986013986014,0.2840316297921193,0.0,0.0
ita.V.orth.mgn,core,low_confidence,250,100,ldl,1;PL;PRS;SBJV,280.0,280.0,0.2321428571428571,0.2321428571428571,2.0785714285714287,0.1980480935012945,0.0,0.0
ita.V.orth.mgn,core,low_confidence,250,100,ldl,1;PL;PST;SBJV,279.0,279.0,0.1290322580645161,0.1290322580645161,2.6487455197132617,0.2060549718660841,0.0,0.0
ita.V.orth.mgn,core,low_confidence,250,100,ldl,1;PRS;SBJV;SG,276.0,276.0,0.4057971014492754,0.4057971014492754,1.677536231884058,0.2222614643810296,0.0,0.0
ita.V.orth.mgn,core,low_confidence,250,100,ldl,1;PST;SBJV;SG,270.0,270.0,0.3481481481481481,0.3481481481481481,1.7148148148148148,0.16100114542925,0.0,0.0
ita.V.orth.mgn,core,low_confidence,250,100,ldl,2;COND;PL,275.0,275.0,0.1636363636363636,0.1636363636363636,3.018181818181818,0.2365853703478246,0.0,0.0
ita.V.orth.mgn,core,low_confidence,250,100,ldl,2;COND;SG,274.0,274.0,0.072992700729927,0.072992700729927,3.302919708029197,0.2574572614893737,0.0,0.0
ita.V.orth.mgn,core,low_confidence,250,100,ldl,2;FUT;IND;PL,272.0,272.0,0.0735294117647058,0.0735294117647058,2.985294117647059,0.2601139849193482,0.0,0.0
ita.V.orth.mgn,core,low_confidence,250,100,ldl,2;FUT;IND;SG,275.0,275.0,0.149090909090909,0.149090909090909,2.4,0.2243621684941696,0.0,0.0
ita.V.orth.mgn,core,low_confidence,250,100,ldl,2;IMP;PL;POS,273.0,273.0,0.1501831501831501,0.1501831501831501,2.5054945054945055,0.2661600202808993,0.0,0.0
ita.V.orth.mgn,core,low_confidence,250,100,ldl,2;IMP;POS;SG,261.0,261.0,0.2452107279693486,0.2452107279693486,1.6743295019157087,0.2271653102112871,0.0,0.0
ita.V.orth.mgn,core,low_confidence,250,100,ldl,2;IND;IPFV;PL;PST,282.0,282.0,0.1205673758865248,0.1205673758865248,2.8120567375886525,0.236709635622339,0.0,0.0
ita.V.orth.mgn,core,low_confidence,250,100,ldl,2;IND;IPFV;PST;SG,275.0,275.0,0.1018181818181818,0.1018181818181818,2.178181818181818,0.2244327894327894,0.0,0.0
ita.V.orth.mgn,core,low_confidence,250,100,ldl,2;IND;PFV;PL;PST,276.0,276.0,0.2065217391304347,0.2065217391304347,2.721014492753623,0.2582791047805686,0.0,0.0
ita.V.orth.mgn,core,low_confidence,250,100,ldl,2;IND;PFV;PST;SG,276.0,276.0,0.0797101449275362,0.0797101449275362,2.5434782608695654,0.2354741477263855,0.0,0.0
ita.V.orth.mgn,core,low_confidence,250,100,ldl,2;IND;PL;PRS,276.0,276.0,0.2282608695652173,0.2282608695652173,2.0471014492753623,0.2171164986382377,0.0,0.0
ita.V.orth.mgn,core,low_confidence,250,100,ldl,2;IND;PRS;SG,269.0,269.0,0.3308550185873606,0.3308550185873606,1.4609665427509293,0.2001958698055352,0.0,0.0
ita.V.orth.mgn,core,low_confidence,250,100,ldl,2;PL;PRS;SBJV,277.0,277.0,0.1010830324909747,0.1010830324909747,2.375451263537906,0.2243818415281794,0.0,0.0
ita.V.orth.mgn,core,low_confidence,250,100,ldl,2;PL;PST;SBJV,279.0,279.0,0.1505376344086021,0.1505376344086021,2.5376344086021505,0.2439223637636534,0.0,0.0
ita.V.orth.mgn,core,low_confidence,250,100,ldl,2;PRS;SBJV;SG,270.0,270.0,0.4111111111111111,0.4111111111111111,1.5333333333333334,0.2070866376421931,0.0,0.0
ita.V.orth.mgn,core,low_confidence,250,100,ldl,2;PST;SBJV;SG,266.0,266.0,0.3308270676691729,0.3308270676691729,1.6466165413533835,0.1570975145057409,0.0,0.0
ita.V.orth.mgn,core,low_confidence,250,100,ldl,3;COND;PL,280.0,280.0,0.0964285714285714,0.0964285714285714,3.821428571428571,0.2563921010461174,0.0,0.0
ita.V.orth.mgn,core,low_confidence,250,100,ldl,3;COND;SG,271.0,271.0,0.1808118081180811,0.1808118081180811,3.2324723247232474,0.2530033922750098,0.0,0.0
ita.V.orth.mgn,core,low_confidence,250,100,ldl,3;FUT;IND;PL,275.0,275.0,0.0545454545454545,0.0545454545454545,3.3745454545454545,0.2592245080184849,0.0,0.0
ita.V.orth.mgn,core,low_confidence,250,100,ldl,3;FUT;IND;SG,277.0,277.0,0.1083032490974729,0.1083032490974729,2.4945848375451263,0.2593414307313224,0.0,0.0
ita.V.orth.mgn,core,low_confidence,250,100,ldl,3;IMP;PL;POS,277.0,277.0,0.1335740072202166,0.1335740072202166,2.4620938628158844,0.2533675560300109,0.0,0.0
ita.V.orth.mgn,core,low_confidence,250,100,ldl,3;IMP;POS;SG,273.0,273.0,0.1721611721611721,0.1721611721611721,1.8021978021978025,0.2408896709720885,0.0,0.0
ita.V.orth.mgn,core,low_confidence,250,100,ldl,3;IND;IPFV;PL;PST,272.0,272.0,0.1617647058823529,0.1617647058823529,2.3419117647058822,0.1927164407944036,0.0,0.0
ita.V.orth.mgn,core,low_confidence,250,100,ldl,3;IND;IPFV;PST;SG,273.0,273.0,0.2051282051282051,0.2051282051282051,2.1575091575091574,0.2198942845920868,0.0,0.0
ita.V.orth.mgn,core,low_confidence,250,100,ldl,3;IND;PFV;PL;PST,272.0,272.0,0.0183823529411764,0.0183823529411764,3.6580882352941178,0.3157949068064768,0.0,0.0
ita.V.orth.mgn,core,low_confidence,250,100,ldl,3;IND;PFV;PST;SG,282.0,282.0,0.0248226950354609,0.0248226950354609,3.5141843971631204,0.4780067155067155,0.0,0.0
ita.V.orth.mgn,core,low_confidence,250,100,ldl,3;IND;PL;PRS,276.0,276.0,0.1521739130434782,0.1521739130434782,2.1666666666666665,0.224066090913917,0.0,0.0
ita.V.orth.mgn,core,low_confidence,250,100,ldl,3;IND;PRS;SG,270.0,270.0,0.2629629629629629,0.2629629629629629,1.522222222222222,0.204864055697389,0.0,0.0
ita.V.orth.mgn,core,low_confidence,250,100,ldl,3;PL;PRS;SBJV,272.0,272.0,0.125,0.125,2.4816176470588234,0.2555371813643873,0.0,0.0
ita.V.orth.mgn,core,low_confidence,250,100,ldl,3;PL;PST;SBJV,275.0,275.0,0.08,0.08,3.250909090909091,0.2569262482834112,0.0,0.0
ita.V.orth.mgn,core,low_confidence,250,100,ldl,3;PRS;SBJV;SG,268.0,268.0,0.291044776119403,0.291044776119403,1.794776119402985,0.2432227701817254,0.0,0.0
ita.V.orth.mgn,core,low_confidence,250,100,ldl,3;PST;SBJV;SG,270.0,270.0,0.1518518518518518,0.1518518518518518,2.1259259259259258,0.2006582082093778,0.0,0.0
ita.V.orth.mgn,core,low_confidence,500,100,ldl,1;COND;PL,275.0,275.0,0.0472727272727272,0.0472727272727272,3.192727272727273,0.2507502978773736,0.0,0.0
ita.V.orth.mgn,core,low_confidence,500,100,ldl,1;COND;SG,268.0,268.0,0.1343283582089552,0.1343283582089552,2.6791044776119404,0.2476185555404399,0.0,0.0
ita.V.orth.mgn,core,low_confidence,500,100,ldl,1;FUT;IND;PL,275.0,275.0,0.1272727272727272,0.1272727272727272,2.589090909090909,0.2220712178492927,0.0,0.0
ita.V.orth.mgn,core,low_confidence,500,100,ldl,1;FUT;IND;SG,278.0,278.0,0.1366906474820144,0.1366906474820144,2.338129496402878,0.2430785790947661,0.0,0.0
ita.V.orth.mgn,core,low_confidence,500,100,ldl,1;IMP;PL;POS,272.0,272.0,0.2610294117647059,0.2610294117647059,1.8566176470588236,0.1747978255107819,0.0,0.0
ita.V.orth.mgn,core,low_confidence,500,100,ldl,1;IND;IPFV;PL;PST,265.0,265.0,0.260377358490566,0.260377358490566,1.9358490566037736,0.1582187531299629,0.0,0.0
ita.V.orth.mgn,core,low_confidence,500,100,ldl,1;IND;IPFV;PST;SG,283.0,283.0,0.0636042402826855,0.0636042402826855,2.395759717314488,0.2496618811106443,0.0,0.0
ita.V.orth.mgn,core,low_confidence,500,100,ldl,1;IND;PFV;PL;PST,274.0,274.0,0.0693430656934306,0.0693430656934306,2.645985401459854,0.2541770411955549,0.0,0.0
ita.V.orth.mgn,core,low_confidence,500,100,ldl,1;IND;PFV;PST;SG,279.0,279.0,0.043010752688172,0.043010752688172,2.6702508960573477,0.3218678304383554,0.0,0.0
ita.V.orth.mgn,core,low_confidence,500,100,ldl,1;IND;PL;PRS,283.0,283.0,0.2650176678445229,0.2650176678445229,1.6819787985865724,0.1585730752944867,0.0,0.0
ita.V.orth.mgn,core,low_confidence,500,100,ldl,1;IND;PRS;SG,286.0,286.0,0.0034965034965034,0.0034965034965034,2.0034965034965033,0.2660911107152365,0.0,0.0
ita.V.orth.mgn,core,low_confidence,500,100,ldl,1;PL;PRS;SBJV,280.0,280.0,0.2892857142857143,0.2892857142857143,1.8464285714285715,0.174178837174055,0.0,0.0
ita.V.orth.mgn,core,low_confidence,500,100,ldl,1;PL;PST;SBJV,279.0,279.0,0.1111111111111111,0.1111111111111111,2.6451612903225805,0.2078332709324919,0.0,0.0
ita.V.orth.mgn,core,low_confidence,500,100,ldl,1;PRS;SBJV;SG,276.0,276.0,0.4239130434782608,0.4239130434782608,1.5942028985507246,0.204871205686423,0.0,0.0
ita.V.orth.mgn,core,low_confidence,500,100,ldl,1;PST;SBJV;SG,270.0,270.0,0.3407407407407407,0.3407407407407407,1.6111111111111112,0.1523909644579579,0.0,0.0
ita.V.orth.mgn,core,low_confidence,500,100,ldl,2;COND;PL,275.0,275.0,0.1381818181818181,0.1381818181818181,3.269090909090909,0.2564931256940826,0.0,0.0
ita.V.orth.mgn,core,low_confidence,500,100,ldl,2;COND;SG,274.0,274.0,0.0693430656934306,0.0693430656934306,3.18978102189781,0.2494771105654193,0.0,0.0
ita.V.orth.mgn,core,low_confidence,500,100,ldl,2;FUT;IND;PL,272.0,272.0,0.0919117647058823,0.0919117647058823,3.0955882352941178,0.2701427225216152,0.0,0.0
ita.V.orth.mgn,core,low_confidence,500,100,ldl,2;FUT;IND;SG,275.0,275.0,0.109090909090909,0.109090909090909,2.5854545454545454,0.2432731968597434,0.0,0.0
ita.V.orth.mgn,core,low_confidence,500,100,ldl,2;IMP;PL;POS,273.0,273.0,0.1941391941391941,0.1941391941391941,2.282051282051282,0.2426131154153132,0.0,0.0
ita.V.orth.mgn,core,low_confidence,500,100,ldl,2;IMP;POS;SG,261.0,261.0,0.2183908045977011,0.2183908045977011,1.6973180076628354,0.2267648379717345,0.0,0.0
ita.V.orth.mgn,core,low_confidence,500,100,ldl,2;IND;IPFV;PL;PST,282.0,282.0,0.1453900709219858,0.1453900709219858,2.581560283687943,0.2159156232216307,0.0,0.0
ita.V.orth.mgn,core,low_confidence,500,100,ldl,2;IND;IPFV;PST;SG,275.0,275.0,0.0836363636363636,0.0836363636363636,2.1672727272727275,0.2238168901805265,0.0,0.0
ita.V.orth.mgn,core,low_confidence,500,100,ldl,2;IND;PFV;PL;PST,276.0,276.0,0.2246376811594203,0.2246376811594203,2.503623188405797,0.2367595414131791,0.0,0.0
ita.V.orth.mgn,core,low_confidence,500,100,ldl,2;IND;PFV;PST;SG,276.0,276.0,0.0797101449275362,0.0797101449275362,2.496376811594203,0.231241853900102,0.0,0.0
ita.V.orth.mgn,core,low_confidence,500,100,ldl,2;IND;PL;PRS,276.0,276.0,0.2028985507246377,0.2028985507246377,2.079710144927536,0.2192193273715013,0.0,0.0
ita.V.orth.mgn,core,low_confidence,500,100,ldl,2;IND;PRS;SG,269.0,269.0,0.312267657992565,0.312267657992565,1.479553903345725,0.1998515734575214,0.0,0.0
ita.V.orth.mgn,core,low_confidence,500,100,ldl,2;PL;PRS;SBJV,277.0,277.0,0.1407942238267148,0.1407942238267148,2.220216606498195,0.2079313646083884,0.0,0.0
ita.V.orth.mgn,core,low_confidence,500,100,ldl,2;PL;PST;SBJV,279.0,279.0,0.1397849462365591,0.1397849462365591,2.5734767025089607,0.2446904328112923,0.0,0.0
ita.V.orth.mgn,core,low_confidence,500,100,ldl,2;PRS;SBJV;SG,270.0,270.0,0.4407407407407407,0.4407407407407407,1.451851851851852,0.1894480827814161,0.0,0.0
ita.V.orth.mgn,core,low_confidence,500,100,ldl,2;PST;SBJV;SG,266.0,266.0,0.3082706766917293,0.3082706766917293,1.6278195488721805,0.1541360857924325,0.0,0.0
ita.V.orth.mgn,core,low_confidence,500,100,ldl,3;COND;PL,280.0,280.0,0.0535714285714285,0.0535714285714285,3.9214285714285713,0.2633369977018721,0.0,0.0
ita.V.orth.mgn,core,low_confidence,500,100,ldl,3;COND;SG,271.0,271.0,0.1660516605166051,0.1660516605166051,3.095940959409594,0.2435744659207524,0.0,0.0
ita.V.orth.mgn,core,low_confidence,500,100,ldl,3;FUT;IND;PL,275.0,275.0,0.0836363636363636,0.0836363636363636,3.2654545454545456,0.2532585213829233,0.0,0.0
ita.V.orth.mgn,core,low_confidence,500,100,ldl,3;FUT;IND;SG,277.0,277.0,0.0902527075812274,0.0902527075812274,2.588447653429603,0.2687936562034034,0.0,0.0
ita.V.orth.mgn,core,low_confidence,500,100,ldl,3;IMP;PL;POS,277.0,277.0,0.1444043321299639,0.1444043321299639,2.6137184115523464,0.2668873194595216,0.0,0.0
ita.V.orth.mgn,core,low_confidence,500,100,ldl,3;IMP;POS;SG,273.0,273.0,0.1575091575091575,0.1575091575091575,1.9926739926739927,0.264201147854994,0.0,0.0
ita.V.orth.mgn,core,low_confidence,500,100,ldl,3;IND;IPFV;PL;PST,272.0,272.0,0.1029411764705882,0.1029411764705882,2.551470588235294,0.2133659556994332,0.0,0.0
ita.V.orth.mgn,core,low_confidence,500,100,ldl,3;IND;IPFV;PST;SG,273.0,273.0,0.1868131868131868,0.1868131868131868,2.197802197802198,0.2241961081246795,0.0,0.0
ita.V.orth.mgn,core,low_confidence,500,100,ldl,3;IND;PFV;PL;PST,272.0,272.0,0.0330882352941176,0.0330882352941176,3.6544117647058822,0.3151515055494294,0.0,0.0
ita.V.orth.mgn,core,low_confidence,500,100,ldl,3;IND;PFV;PST;SG,282.0,282.0,0.0212765957446808,0.0212765957446808,3.375886524822695,0.4645775914392935,0.0,0.0
ita.V.orth.mgn,core,low_confidence,500,100,ldl,3;IND;PL;PRS,276.0,276.0,0.1413043478260869,0.1413043478260869,2.0833333333333335,0.2111684410597453,0.0,0.0
ita.V.orth.mgn,core,low_confidence,500,100,ldl,3;IND;PRS;SG,270.0,270.0,0.2222222222222222,0.2222222222222222,1.5703703703703704,0.2074990030545586,0.0,0.0
ita.V.orth.mgn,core,low_confidence,500,100,ldl,3;PL;PRS;SBJV,272.0,272.0,0.1323529411764706,0.1323529411764706,2.551470588235294,0.260251916180225,0.0,0.0
ita.V.orth.mgn,core,low_confidence,500,100,ldl,3;PL;PST;SBJV,275.0,275.0,0.0545454545454545,0.0545454545454545,3.2254545454545456,0.2561137227222225,0.0,0.0
ita.V.orth.mgn,core,low_confidence,500,100,ldl,3;PRS;SBJV;SG,268.0,268.0,0.3694029850746269,0.3694029850746269,1.623134328358209,0.209381155743096,0.0,0.0
ita.V.orth.mgn,core,low_confidence,500,100,ldl,3;PST;SBJV;SG,270.0,270.0,0.1407407407407407,0.1407407407407407,2.337037037037037,0.2218564338520478,0.0,0.0
ita.V.orth.mgn,core,random,500,100,ldl,1;COND;PL,275.0,275.0,0.069090909090909,0.069090909090909,3.0327272727272727,0.2355665173085663,0.0,0.0
ita.V.orth.mgn,core,random,500,100,ldl,1;COND;SG,268.0,268.0,0.1529850746268656,0.1529850746268656,2.466417910447761,0.2278144719352958,0.0,0.0
ita.V.orth.mgn,core,random,500,100,ldl,1;FUT;IND;PL,275.0,275.0,0.1236363636363636,0.1236363636363636,2.5490909090909093,0.2183241799792601,0.0,0.0
ita.V.orth.mgn,core,random,500,100,ldl,1;FUT;IND;SG,278.0,278.0,0.1079136690647482,0.1079136690647482,2.420863309352518,0.2504183516323804,0.0,0.0
ita.V.orth.mgn,core,random,500,100,ldl,1;IMP;PL;POS,272.0,272.0,0.25,0.25,1.900735294117647,0.1801304707624424,0.0,0.0
ita.V.orth.mgn,core,random,500,100,ldl,1;IND;IPFV;PL;PST,265.0,265.0,0.2716981132075471,0.2716981132075471,2.0415094339622644,0.1686570372530416,0.0,0.0
ita.V.orth.mgn,core,random,500,100,ldl,1;IND;IPFV;PST;SG,283.0,283.0,0.0848056537102473,0.0848056537102473,2.34982332155477,0.2441403659159842,0.0,0.0
ita.V.orth.mgn,core,random,500,100,ldl,1;IND;PFV;PL;PST,274.0,274.0,0.0693430656934306,0.0693430656934306,2.678832116788321,0.25797917270271,0.0,0.0
ita.V.orth.mgn,core,random,500,100,ldl,1;IND;PFV;PST;SG,279.0,279.0,0.078853046594982,0.078853046594982,2.5161290322580645,0.3029890091401793,0.0,0.0
ita.V.orth.mgn,core,random,500,100,ldl,1;IND;PL;PRS,283.0,283.0,0.2261484098939929,0.2261484098939929,1.802120141342756,0.1681175035482324,0.0,0.0
ita.V.orth.mgn,core,random,500,100,ldl,1;IND;PRS;SG,286.0,286.0,0.0,0.0,1.9230769230769231,0.2508108102076633,0.0,0.0
ita.V.orth.mgn,core,random,500,100,ldl,1;PL;PRS;SBJV,280.0,280.0,0.3142857142857143,0.3142857142857143,1.7857142857142858,0.1686704256908259,0.0,0.0
ita.V.orth.mgn,core,random,500,100,ldl,1;PL;PST;SBJV,279.0,279.0,0.086021505376344,0.086021505376344,2.7992831541218637,0.2179770865221446,0.0,0.0
ita.V.orth.mgn,core,random,500,100,ldl,1;PRS;SBJV;SG,276.0,276.0,0.4094202898550724,0.4094202898550724,1.4673913043478262,0.1888346657368396,0.0,0.0
ita.V.orth.mgn,core,random,500,100,ldl,1;PST;SBJV;SG,270.0,270.0,0.3259259259259259,0.3259259259259259,1.711111111111111,0.1582585793533505,0.0,0.0
ita.V.orth.mgn,core,random,500,100,ldl,2;COND;PL,275.0,275.0,0.1672727272727272,0.1672727272727272,2.909090909090909,0.2282027663208355,0.0,0.0
ita.V.orth.mgn,core,random,500,100,ldl,2;COND;SG,274.0,274.0,0.0766423357664233,0.0766423357664233,3.489051094890511,0.272507180143307,0.0,0.0
ita.V.orth.mgn,core,random,500,100,ldl,2;FUT;IND;PL,272.0,272.0,0.1029411764705882,0.1029411764705882,3.047794117647059,0.2615376102535489,0.0,0.0
ita.V.orth.mgn,core,random,500,100,ldl,2;FUT;IND;SG,275.0,275.0,0.08,0.08,2.647272727272727,0.247538143440198,0.0,0.0
ita.V.orth.mgn,core,random,500,100,ldl,2;IMP;PL;POS,273.0,273.0,0.2087912087912088,0.2087912087912088,2.304029304029304,0.2434280818896203,0.0,0.0
ita.V.orth.mgn,core,random,500,100,ldl,2;IMP;POS;SG,261.0,261.0,0.2183908045977011,0.2183908045977011,1.7816091954022988,0.2382121497064025,0.0,0.0
ita.V.orth.mgn,core,random,500,100,ldl,2;IND;IPFV;PL;PST,282.0,282.0,0.1879432624113475,0.1879432624113475,2.368794326241135,0.1977938562966723,0.0,0.0
ita.V.orth.mgn,core,random,500,100,ldl,2;IND;IPFV;PST;SG,275.0,275.0,0.0945454545454545,0.0945454545454545,2.309090909090909,0.2383821077911987,0.0,0.0
ita.V.orth.mgn,core,random,500,100,ldl,2;IND;PFV;PL;PST,276.0,276.0,0.2028985507246377,0.2028985507246377,2.4927536231884058,0.2338016197052574,0.0,0.0
ita.V.orth.mgn,core,random,500,100,ldl,2;IND;PFV;PST;SG,276.0,276.0,0.1195652173913043,0.1195652173913043,2.5217391304347827,0.2331200756712265,0.0,0.0
ita.V.orth.mgn,core,random,500,100,ldl,2;IND;PL;PRS,276.0,276.0,0.2427536231884058,0.2427536231884058,1.9855072463768115,0.2096676773307207,0.0,0.0
ita.V.orth.mgn,core,random,500,100,ldl,2;IND;PRS;SG,269.0,269.0,0.3754646840148699,0.3754646840148699,1.3680297397769516,0.1805830683154103,0.0,0.0
ita.V.orth.mgn,core,random,500,100,ldl,2;PL;PRS;SBJV,277.0,277.0,0.1155234657039711,0.1155234657039711,2.1407942238267146,0.2016322886342222,0.0,0.0
ita.V.orth.mgn,core,random,500,100,ldl,2;PL;PST;SBJV,279.0,279.0,0.1612903225806451,0.1612903225806451,2.5376344086021505,0.2410961179266548,0.0,0.0
ita.V.orth.mgn,core,random,500,100,ldl,2;PRS;SBJV;SG,270.0,270.0,0.4222222222222222,0.4222222222222222,1.5037037037037038,0.2012006100894989,0.0,0.0
ita.V.orth.mgn,core,random,500,100,ldl,2;PST;SBJV;SG,266.0,266.0,0.3496240601503759,0.3496240601503759,1.4586466165413534,0.1365663017752801,0.0,0.0
ita.V.orth.mgn,core,random,500,100,ldl,3;COND;PL,280.0,280.0,0.0571428571428571,0.0571428571428571,3.928571428571429,0.2620216945133657,0.0,0.0
ita.V.orth.mgn,core,random,500,100,ldl,3;COND;SG,271.0,271.0,0.1143911439114391,0.1143911439114391,3.512915129151291,0.2737886274676685,0.0,0.0
ita.V.orth.mgn,core,random,500,100,ldl,3;FUT;IND;PL,275.0,275.0,0.0436363636363636,0.0436363636363636,3.247272727272727,0.2525478689150234,0.0,0.0
ita.V.orth.mgn,core,random,500,100,ldl,3;FUT;IND;SG,277.0,277.0,0.1732851985559566,0.1732851985559566,2.111913357400722,0.218838727457861,0.0,0.0
ita.V.orth.mgn,core,random,500,100,ldl,3;IMP;PL;POS,277.0,277.0,0.1444043321299639,0.1444043321299639,2.472924187725632,0.2557795243264557,0.0,0.0
ita.V.orth.mgn,core,random,500,100,ldl,3;IMP;POS;SG,273.0,273.0,0.1648351648351648,0.1648351648351648,1.8131868131868132,0.2395921081360642,0.0,0.0
ita.V.orth.mgn,core,random,500,100,ldl,3;IND;IPFV;PL;PST,272.0,272.0,0.1801470588235294,0.1801470588235294,2.360294117647059,0.1940715909547008,0.0,0.0
ita.V.orth.mgn,core,random,500,100,ldl,3;IND;IPFV;PST;SG,273.0,273.0,0.2051282051282051,0.2051282051282051,2.161172161172161,0.219749643925468,0.0,0.0
ita.V.orth.mgn,core,random,500,100,ldl,3;IND;PFV;PL;PST,272.0,272.0,0.0661764705882353,0.0661764705882353,3.5073529411764706,0.305879481617479,0.0,0.0
ita.V.orth.mgn,core,random,500,100,ldl,3;IND;PFV;PST;SG,282.0,282.0,0.0212765957446808,0.0212765957446808,3.421985815602837,0.4706681321043022,0.0,0.0
ita.V.orth.mgn,core,random,500,100,ldl,3;IND;PL;PRS,276.0,276.0,0.1847826086956521,0.1847826086956521,1.960144927536232,0.1988800852931287,0.0,0.0
ita.V.orth.mgn,core,random,500,100,ldl,3;IND;PRS;SG,270.0,270.0,0.3,0.3,1.4555555555555555,0.1893046254157365,0.0,0.0
ita.V.orth.mgn,core,random,500,100,ldl,3;PL;PRS;SBJV,272.0,272.0,0.1433823529411764,0.1433823529411764,2.3125,0.2374199840192487,0.0,0.0
ita.V.orth.mgn,core,random,500,100,ldl,3;PL;PST;SBJV,275.0,275.0,0.1236363636363636,0.1236363636363636,2.8581818181818184,0.2213538560292008,0.0,0.0
ita.V.orth.mgn,core,random,500,100,ldl,3;PRS;SBJV;SG,268.0,268.0,0.3283582089552239,0.3283582089552239,1.4962686567164178,0.1943342726924816,0.0,0.0
ita.V.orth.mgn,core,random,500,100,ldl,3;PST;SBJV;SG,270.0,270.0,0.1666666666666666,0.1666666666666666,2.1074074074074076,0.1947967034589841,0.0,0.0
