unit_id,item_set,policy,pool_cap,budget,n_test_lemmas,n_items,accuracy_micro,accuracy_micro_ci_low,accuracy_micro_ci_high,accuracy_macro_lemma,accuracy_macro_lemma_ci_low,accuracy_macro_lemma_ci_high,edit_distance_micro,edit_distance_micro_ci_low,edit_distance_micro_ci_high,norm_edit_distance_micro,copy_shown_form_rate,k_shown_mean,n_test_cells_per_verb_mean,n_failed,n_missing
fin.V.orth.mgn,core,high_entropy,500,100,300,9032,0.1144818423383525,0.1038956389501663,0.1251557283229547,0.1169674674582701,0.1060187059199768,0.1279378235191706,2.669397697077059,2.5769879596766776,2.7653179369863494,0.2522923822104534,0.1685119574844995,4.023333333333333,30.106666666666666,0,0
fin.V.orth.mgn,core,low_confidence,250,100,300,9032,0.1083923826395039,0.098295402260697,0.1190215183635832,0.1104308116027578,0.1002102485215803,0.1210928770478497,2.6886625332152345,2.602866661309387,2.77384141612811,0.2534056167980076,0.170615589016829,4.023333333333333,30.106666666666666,0,0
fin.V.orth.mgn,core,low_confidence,500,100,300,9032,0.1140389725420726,0.1032768230607763,0.1247919912024912,0.116600567622715,0.1056265892280244,0.1276012333102634,2.7059344552701505,2.626643282444136,2.790575913184105,0.2547246057968351,0.1829052258635961,4.023333333333333,30.106666666666666,0,0
fin.V.orth.mgn,core,random,500,100,300,9032,0.1220106288751107,0.1101576071497506,0.1335920393193718,0.1248025967741882,0.1127013697581298,0.1364339315815337,2.6383968113374667,2.540973340394467,2.7425745169005955,0.2504487225210828,0.1512400354295837,4.023333333333333,30.106666666666666,0,0
fin.V.orth.mgn,selected,high_entropy,500,100,258,9085,0.1119427627958172,0.1010717874098275,0.1243567537100206,0.1162251895238886,0.1050521525577907,0.1284481224644845,2.715134837644469,2.6080644896825764,2.8252635131161,0.258475699644205,0.1112823335167859,3.775193798449613,35.213178294573645,0,0
fin.V.orth.mgn,selected,low_confidence,250,100,269,9051,0.0984421610871726,0.0879602864092873,0.1097574740486296,0.1008214179165518,0.0896571252529438,0.1124859726736269,2.847199204507789,2.751801165883296,2.9480610947974024,0.2721921572181354,0.1796486576068942,3.866171003717472,33.646840148698885,0,0
fin.V.orth.mgn,selected,low_confidence,500,100,254,9073,0.0995260663507109,0.0876951117528693,0.111890455542432,0.1023358068526502,0.0904241327428631,0.114717597888384,2.8465777581836216,2.738100913343729,2.9553625507705856,0.2733736386151858,0.1913369337595062,3.8464566929133857,35.72047244094488,0,0
fin.V.orth.mgn,selected,random,500,100,274,9025,0.129972299168975,0.1166001288467119,0.1434192652084496,0.1331775790668046,0.1201102817439799,0.1463897959333403,2.5937950138504156,2.492111108109763,2.7005447519394883,0.2463985266534686,0.1440443213296399,4.043795620437956,32.93795620437956,0,0
ita.V.orth.mgn,core,high_entropy,500,100,300,12902,0.1605952565493721,0.150370363276929,0.1711201769156461,0.1626493926207914,0.1522355383042939,0.1735145333111634,2.447139978297938,2.351252590694168,2.5411449512432434,0.2369205365052203,0.3367694931018447,4.08,43.00666666666667,0,0
ita.V.orth.mgn,core,low_confidence,250,100,300,12902,0.1624554332661603,0.1513205527350848,0.1734716819839097,0.1643131402750259,0.1531890262008609,0.1754777709466314,2.447139978297938,2.350706079272324,2.5521171649346557,0.2389648161912083,0.3152224461323826,4.08,43.00666666666667,0,0
ita.V.orth.mgn,core,low_confidence,500,100,300,12902,0.1603627344597736,0.1499287950457964,0.1704740795034616,0.1619524499755763,0.1514825551114851,0.1721290218616373,2.420942489536506,2.3402642935311913,2.5091596676905468,0.2352312391879952,0.3410323980778174,4.08,43.00666666666667,0,0
ita.V.orth.mgn,core,random,500,100,300,12902,0.1717563168501007,0.1611669393626975,0.1837468003532296,0.1739092488394999,0.1632345025465244,0.186032874655962,2.36560223221206,2.2782995588180364,2.4484421660078097,0.2286545997689605,0.3053790110060456,4.08,43.00666666666667,0,0
ita.V.orth.mgn,selected,high_entropy,500,100,253,13039,0.1271569905667612,0.1160993406042906,0.1388313081757571,0.1327854649648004,0.1216621291876255,0.1438376100395084,2.8979216197561164,2.746574024624546,3.0568908715026497,0.284921549381097,0.2214893780197868,3.6600790513833994,51.537549407114625,0,0
ita.V.orth.mgn,selected,low_confidence,250,100,261,12953,0.1563344398980931,0.1428797022347656,0.1712451289763119,0.1597019668624641,0.1470433756659942,0.1728878732378572,2.6691886049563807,2.5234344519535776,2.8144987038023968,0.2561380847536122,0.2646491160348954,3.9080459770114944,49.628352490421456,0,0
ita.V.orth.mgn,selected,low_confidence,500,100,247,13030,0.1237145049884881,0.1121324959402072,0.135139389822794,0.1310215038178671,0.1189835611268825,0.1426585471955603,2.952417498081351,2.7903955418736213,3.125630604710725,0.2796557366703792,0.2775901765157329,3.7287449392712553,52.75303643724696,0,0
ita.V.orth.mgn,selected,random,500,100,270,12937,0.1712143464481719,0.1588891171370991,0.1832480321992391,0.1736219612987604,0.161323564392433,0.1854618970856753,2.378217515652779,2.277056797675498,2.4884772681909317,0.2339567617138879,0.2843008425446394,3.977777777777778,47.91481481481482,0,0
