unit_id,item_set,policy,pool_cap,budget,model,k_shown,n_lemmas,n_items,acc_micro,acc_macro_lemma,edit_distance_mean,norm_edit_distance_mean,n_missing,n_failed
fin.V.orth.mgn,core,high_entropy,500,100,ldl,1,48.0,1586.0,0.0712484237074401,0.071282679738562,3.3846153846153846,0.3176291674422328,0.0,0.0
fin.V.orth.mgn,core,high_entropy,500,100,ldl,2,36.0,1153.0,0.0823937554206418,0.082438973063973,2.9592367736339984,0.2826796487740209,0.0,0.0
fin.V.orth.mgn,core,high_entropy,500,100,ldl,3,43.0,1338.0,0.0807174887892376,0.0806686046511627,2.7234678624813156,0.2633261170464068,0.0,0.0
fin.V.orth.mgn,core,high_entropy,500,100,ldl,4,37.0,1116.0,0.1075268817204301,0.1074687590816623,2.565412186379928,0.2449098007961069,0.0,0.0
fin.V.orth.mgn,core,high_entropy,500,100,ldl,5,49.0,1431.0,0.140461215932914,0.1405817499413558,2.4514325646401116,0.2308536293969993,0.0,0.0
fin.V.orth.mgn,core,high_entropy,500,100,ldl,6,44.0,1238.0,0.159935379644588,0.1600425436632333,2.1922455573505655,0.2045670541315419,0.0,0.0
fin.V.orth.mgn,core,high_entropy,500,100,ldl,7,43.0,1170.0,0.1700854700854701,0.1703580657069029,2.223076923076923,0.2049231303816117,0.0,0.0
fin.V.orth.mgn,core,low_confidence,250,100,ldl,1,48.0,1586.0,0.0611601513240857,0.061163101604278,3.2723833543505676,0.3075866319964739,0.0,0.0
fin.V.orth.mgn,core,low_confidence,250,100,ldl,2,36.0,1153.0,0.0867302688638334,0.0868055555555555,2.9826539462272335,0.2856534521058216,0.0,0.0
fin.V.orth.mgn,core,low_confidence,250,100,ldl,3,43.0,1338.0,0.0881913303437967,0.0880298199549887,2.766816143497758,0.2632839917165501,0.0,0.0
fin.V.orth.mgn,core,low_confidence,250,100,ldl,4,37.0,1116.0,0.1164874551971326,0.1164487067712874,2.46415770609319,0.2348374884184581,0.0,0.0
fin.V.orth.mgn,core,low_confidence,250,100,ldl,5,49.0,1431.0,0.1334730957372467,0.1336617405582922,2.5373864430468203,0.2384358872789566,0.0,0.0
fin.V.orth.mgn,core,low_confidence,250,100,ldl,6,44.0,1238.0,0.1203554119547657,0.1203817733990148,2.4240710823909533,0.2239816715154884,0.0,0.0
fin.V.orth.mgn,core,low_confidence,250,100,ldl,7,43.0,1170.0,0.1658119658119658,0.1657745785652762,2.1974358974358976,0.2040384788641706,0.0,0.0
fin.V.orth.mgn,core,low_confidence,500,100,ldl,1,48.0,1586.0,0.0617906683480454,0.0618501188354129,3.32093316519546,0.3116671029691402,0.0,0.0
fin.V.orth.mgn,core,low_confidence,500,100,ldl,2,36.0,1153.0,0.0763226366001734,0.0763362794612794,2.9739809193408497,0.2841913008494198,0.0,0.0
fin.V.orth.mgn,core,low_confidence,500,100,ldl,3,43.0,1338.0,0.0911808669656203,0.0911243435858964,2.791479820627803,0.2667200001827374,0.0,0.0
fin.V.orth.mgn,core,low_confidence,500,100,ldl,4,37.0,1116.0,0.1272401433691756,0.1272013949433303,2.497311827956989,0.2372378752492937,0.0,0.0
fin.V.orth.mgn,core,low_confidence,500,100,ldl,5,49.0,1431.0,0.129979035639413,0.1301430917194463,2.5611460517120896,0.2394717710298429,0.0,0.0
fin.V.orth.mgn,core,low_confidence,500,100,ldl,6,44.0,1238.0,0.1494345718901454,0.1494905956112852,2.358642972536349,0.2184918703139129,0.0,0.0
fin.V.orth.mgn,core,low_confidence,500,100,ldl,7,43.0,1170.0,0.1786324786324786,0.1786944752061031,2.253846153846154,0.2084531414987467,0.0,0.0
fin.V.orth.mgn,core,random,500,100,ldl,1,48.0,1586.0,0.0611601513240857,0.0611816696375519,3.423076923076923,0.3232652521045737,0.0,0.0
fin.V.orth.mgn,core,random,500,100,ldl,2,36.0,1153.0,0.0823937554206418,0.0824652777777777,2.8742411101474414,0.2775212585320622,0.0,0.0
fin.V.orth.mgn,core,random,500,100,ldl,3,43.0,1338.0,0.0979073243647234,0.0978760315078769,2.6629297458893872,0.257340585934017,0.0,0.0
fin.V.orth.mgn,core,random,500,100,ldl,4,37.0,1116.0,0.1370967741935483,0.1371113048532403,2.403225806451613,0.2299003176482245,0.0,0.0
fin.V.orth.mgn,core,random,500,100,ldl,5,49.0,1431.0,0.1530398322851153,0.1530846821487215,2.39622641509434,0.2260163419947742,0.0,0.0
fin.V.orth.mgn,core,random,500,100,ldl,6,44.0,1238.0,0.1486268174474959,0.1486229287953425,2.327140549273021,0.2172910475929676,0.0,0.0
fin.V.orth.mgn,core,random,500,100,ldl,7,43.0,1170.0,0.1905982905982906,0.1909991386735572,2.164102564102564,0.2017487180302127,0.0,0.0
fin.V.orth.mgn,selected,high_entropy,500,100,ldl,1,53.0,2079.0,0.0577200577200577,0.0610825233466742,3.4829244829244828,0.327989015373363,0.0,0.0
fin.V.orth.mgn,selected,high_entropy,500,100,ldl,2,27.0,1024.0,0.08984375,0.0966435185185185,2.8017578125,0.2727672454084161,0.0,0.0
fin.V.orth.mgn,selected,high_entropy,500,100,ldl,3,38.0,1302.0,0.1213517665130568,0.1188455008488964,2.6712749615975424,0.2561022651937498,0.0,0.0
fin.V.orth.mgn,selected,high_entropy,500,100,ldl,4,42.0,1531.0,0.1352057478772044,0.1361111111111111,2.4121489222730244,0.2313088927551287,0.0,0.0
fin.V.orth.mgn,selected,high_entropy,500,100,ldl,5,38.0,1280.0,0.1390625,0.1365396249243799,2.38984375,0.2280999330148581,0.0,0.0
fin.V.orth.mgn,selected,high_entropy,500,100,ldl,6,25.0,785.0,0.1210191082802547,0.1307060755336617,2.4662420382165604,0.2444325767287254,0.0,0.0
fin.V.orth.mgn,selected,high_entropy,500,100,ldl,7,35.0,1084.0,0.1540590405904059,0.1557256235827664,2.205719557195572,0.1989136143235525,0.0,0.0
fin.V.orth.mgn,selected,low_confidence,250,100,ldl,1,47.0,1650.0,0.0593939393939393,0.0593165699548678,3.5915151515151513,0.3359065029684224,0.0,0.0
fin.V.orth.mgn,selected,low_confidence,250,100,ldl,2,38.0,1281.0,0.0686963309914129,0.0665620015948963,3.0171740827478533,0.3165490709887502,0.0,0.0
fin.V.orth.mgn,selected,low_confidence,250,100,ldl,3,33.0,1243.0,0.0852775543041029,0.0892900782013685,2.9372485921158487,0.2853175655907486,0.0,0.0
fin.V.orth.mgn,selected,low_confidence,250,100,ldl,4,42.0,1502.0,0.1005326231691078,0.1038914490527393,2.6970705725699067,0.2528215582647393,0.0,0.0
fin.V.orth.mgn,selected,low_confidence,250,100,ldl,5,38.0,1166.0,0.0986277873070325,0.0998185117967332,2.674957118353345,0.2540596884861209,0.0,0.0
fin.V.orth.mgn,selected,low_confidence,250,100,ldl,6,37.0,1234.0,0.159643435980551,0.1561321173390138,2.331442463533225,0.2223360990848923,0.0,0.0
fin.V.orth.mgn,selected,low_confidence,250,100,ldl,7,34.0,975.0,0.1394871794871794,0.1448153335408237,2.339487179487179,0.2039816077521483,0.0,0.0
fin.V.orth.mgn,selected,low_confidence,500,100,ldl,1,50.0,2014.0,0.0615690168818272,0.0636363636363636,3.4761668321747767,0.3345707856115075,0.0,0.0
fin.V.orth.mgn,selected,low_confidence,500,100,ldl,2,34.0,1153.0,0.0719861231569817,0.0739611185383244,3.0173460537727665,0.3099218360540285,0.0,0.0
fin.V.orth.mgn,selected,low_confidence,500,100,ldl,3,27.0,1025.0,0.0868292682926829,0.0859841696535244,2.8497560975609755,0.274713073040378,0.0,0.0
fin.V.orth.mgn,selected,low_confidence,500,100,ldl,4,38.0,1502.0,0.1105193075898801,0.1064421807206187,2.685752330226365,0.2593336379222998,0.0,0.0
fin.V.orth.mgn,selected,low_confidence,500,100,ldl,5,38.0,1223.0,0.0923957481602616,0.0985480943738656,2.7138184791496323,0.248951249541685,0.0,0.0
fin.V.orth.mgn,selected,low_confidence,500,100,ldl,6,33.0,1067.0,0.1518275538894095,0.1486415882967607,2.3270852858481725,0.2239138267094169,0.0,0.0
fin.V.orth.mgn,selected,low_confidence,500,100,ldl,7,34.0,1089.0,0.1524334251606978,0.1553065670712729,2.3783287419651056,0.2154913945359038,0.0,0.0
fin.V.orth.mgn,selected,random,500,100,ldl,1,37.0,1321.0,0.0696442089326268,0.0733005733005733,3.4216502649507947,0.3195849974508252,0.0,0.0
fin.V.orth.mgn,selected,random,500,100,ldl,2,28.0,961.0,0.0874089490114464,0.0862926136363636,2.8449531737773155,0.2899117823012324,0.0,0.0
fin.V.orth.mgn,selected,random,500,100,ldl,3,46.0,1646.0,0.1093560145808019,0.1142619214586255,2.7138517618469016,0.2612343304692286,0.0,0.0
fin.V.orth.mgn,selected,random,500,100,ldl,4,46.0,1537.0,0.1515940143135979,0.1532725572697522,2.4372153545868573,0.2371773570749904,0.0,0.0
fin.V.orth.mgn,selected,random,500,100,ldl,5,43.0,1315.0,0.1338403041825095,0.1349104517508687,2.356653992395437,0.2098420163307036,0.0,0.0
fin.V.orth.mgn,selected,random,500,100,ldl,6,40.0,1236.0,0.1577669902912621,0.1587130541871921,2.350323624595469,0.2201016802303849,0.0,0.0
fin.V.orth.mgn,selected,random,500,100,ldl,7,34.0,1009.0,0.2111000991080277,0.2031201369436663,1.9207135777998017,0.1788389143778871,0.0,0.0
ita.V.orth.mgn,core,high_entropy,500,100,ldl,1,40.0,1840.0,0.0706521739130434,0.0706521739130434,3.6,0.356703937047607,0.0,0.0
ita.V.orth.mgn,core,high_entropy,500,100,ldl,2,51.0,2296.0,0.1306620209059233,0.1306905370843989,2.7347560975609757,0.2697236014510774,0.0,0.0
ita.V.orth.mgn,core,high_entropy,500,100,ldl,3,40.0,1761.0,0.141396933560477,0.1413762626262626,2.495741056218058,0.227946632198258,0.0,0.0
ita.V.orth.mgn,core,high_entropy,500,100,ldl,4,28.0,1208.0,0.1978476821192053,0.197693295077016,2.073675496688742,0.1930048367691569,0.0,0.0
ita.V.orth.mgn,core,high_entropy,500,100,ldl,5,43.0,1813.0,0.1836734693877551,0.1835483787890494,2.1125206839492554,0.2042808783631428,0.0,0.0
ita.V.orth.mgn,core,high_entropy,500,100,ldl,6,51.0,2098.0,0.1839847473784556,0.1839857894377262,2.1205910390848426,0.2048143987750841,0.0,0.0
ita.V.orth.mgn,core,high_entropy,500,100,ldl,7,47.0,1886.0,0.2306468716861081,0.2305786196159834,1.8510074231177096,0.1837234494540323,0.0,0.0
ita.V.orth.mgn,core,low_confidence,250,100,ldl,1,40.0,1840.0,0.0858695652173913,0.0858695652173913,3.679347826086957,0.3665178721800364,0.0,0.0
ita.V.orth.mgn,core,low_confidence,250,100,ldl,2,51.0,2296.0,0.1328397212543554,0.1328407691579047,2.651132404181185,0.2640614085050701,0.0,0.0
ita.V.orth.mgn,core,low_confidence,250,100,ldl,3,40.0,1761.0,0.1362862010221465,0.136300505050505,2.4758659852356617,0.2284165247061671,0.0,0.0
ita.V.orth.mgn,core,low_confidence,250,100,ldl,4,28.0,1208.0,0.201158940397351,0.2009589247961341,2.0869205298013247,0.1950523653593551,0.0,0.0
ita.V.orth.mgn,core,low_confidence,250,100,ldl,5,43.0,1813.0,0.1897407611693326,0.1896134332586469,2.12134583563155,0.2047263056874796,0.0,0.0
ita.V.orth.mgn,core,low_confidence,250,100,ldl,6,51.0,2098.0,0.1801715919923737,0.1802168021680216,2.103908484270734,0.208015050525641,0.0,0.0
ita.V.orth.mgn,core,low_confidence,250,100,ldl,7,47.0,1886.0,0.2269353128313891,0.2268292682926829,1.8955461293743372,0.189287939652283,0.0,0.0
ita.V.orth.mgn,core,low_confidence,500,100,ldl,1,40.0,1840.0,0.0940217391304347,0.0940217391304348,3.3875,0.337058321447308,0.0,0.0
ita.V.orth.mgn,core,low_confidence,500,100,ldl,2,51.0,2296.0,0.1306620209059233,0.1306905370843989,2.666376306620209,0.2643747185965751,0.0,0.0
ita.V.orth.mgn,core,low_confidence,500,100,ldl,3,40.0,1761.0,0.1425326519023282,0.1425252525252525,2.4741624077228845,0.2262525099233502,0.0,0.0
ita.V.orth.mgn,core,low_confidence,500,100,ldl,4,28.0,1208.0,0.2003311258278145,0.2000906070673512,2.103476821192053,0.1980311436175208,0.0,0.0
ita.V.orth.mgn,core,low_confidence,500,100,ldl,5,43.0,1813.0,0.1731936017650303,0.1729635066573952,2.178709321566465,0.2089639314405536,0.0,0.0
ita.V.orth.mgn,core,low_confidence,500,100,ldl,6,51.0,2098.0,0.1911344137273594,0.1911480039170139,2.081982840800763,0.2040439955922219,0.0,0.0
ita.V.orth.mgn,core,low_confidence,500,100,ldl,7,47.0,1886.0,0.2057264050901378,0.2057472755578619,1.9427359490986216,0.1925628741906373,0.0,0.0
ita.V.orth.mgn,core,random,500,100,ldl,1,40.0,1840.0,0.0777173913043478,0.0777173913043478,3.402173913043478,0.3355156766897496,0.0,0.0
ita.V.orth.mgn,core,random,500,100,ldl,2,51.0,2296.0,0.1424216027874564,0.1424268258027848,2.606271777003484,0.2569012672945782,0.0,0.0
ita.V.orth.mgn,core,random,500,100,ldl,3,40.0,1761.0,0.144236229415105,0.1442171717171717,2.41396933560477,0.2216451285830535,0.0,0.0
ita.V.orth.mgn,core,random,500,100,ldl,4,28.0,1208.0,0.2144039735099338,0.2143800966475385,2.0149006622516556,0.1856815359036747,0.0,0.0
ita.V.orth.mgn,core,random,500,100,ldl,5,43.0,1813.0,0.1880860452289023,0.1879136727703521,2.129619415333701,0.2030638144209888,0.0,0.0
ita.V.orth.mgn,core,random,500,100,ldl,6,51.0,2098.0,0.217349857006673,0.2173942747830839,2.01906577693041,0.197672003144426,0.0,0.0
ita.V.orth.mgn,core,random,500,100,ldl,7,47.0,1886.0,0.2311770943796394,0.2310975609756098,1.8531283138918344,0.183147702255028,0.0,0.0
ita.V.orth.mgn,selected,high_entropy,500,100,ldl,1,53.0,2944.0,0.0631793478260869,0.0623461853978671,4.153872282608695,0.406137067041809,0.0,0.0
ita.V.orth.mgn,selected,high_entropy,500,100,ldl,2,40.0,2205.0,0.0947845804988662,0.1005555555555555,3.132426303854875,0.2965907363816,0.0,0.0
ita.V.orth.mgn,selected,high_entropy,500,100,ldl,3,36.0,2025.0,0.1298765432098765,0.1317760942760942,2.7338271604938273,0.258725494489627,0.0,0.0
ita.V.orth.mgn,selected,high_entropy,500,100,ldl,4,33.0,1636.0,0.1638141809290953,0.1618136972259594,2.3410757946210268,0.2396569885415338,0.0,0.0
ita.V.orth.mgn,selected,high_entropy,500,100,ldl,5,27.0,1429.0,0.13925822253324,0.1427785297294341,2.369489153254024,0.2545302154474549,0.0,0.0
ita.V.orth.mgn,selected,high_entropy,500,100,ldl,6,30.0,1355.0,0.1933579335793357,0.1940572977158343,2.1099630996309964,0.2038018994075281,0.0,0.0
ita.V.orth.mgn,selected,high_entropy,500,100,ldl,7,34.0,1445.0,0.1875432525951557,0.1914006456241033,2.103114186851211,0.2142344443740846,0.0,0.0
ita.V.orth.mgn,selected,low_confidence,250,100,ldl,1,34.0,1748.0,0.0749427917620137,0.078005115089514,4.109839816933638,0.4175352104405919,0.0,0.0
ita.V.orth.mgn,selected,low_confidence,250,100,ldl,2,51.0,2566.0,0.1048324240062353,0.1082315051624514,3.1932969602494152,0.3117829955290954,0.0,0.0
ita.V.orth.mgn,selected,low_confidence,250,100,ldl,3,37.0,1985.0,0.1642317380352644,0.1645577395577395,2.532997481108312,0.2215349491628434,0.0,0.0
ita.V.orth.mgn,selected,low_confidence,250,100,ldl,4,41.0,2026.0,0.1811451135241855,0.1723431134945598,2.243336623889437,0.2216512617077525,0.0,0.0
ita.V.orth.mgn,selected,low_confidence,250,100,ldl,5,20.0,927.0,0.1769147788565264,0.1884551495016611,2.143473570658037,0.2175413399166492,0.0,0.0
ita.V.orth.mgn,selected,low_confidence,250,100,ldl,6,37.0,1891.0,0.2168164992067689,0.2187745236525724,2.071390798519302,0.1806270179752276,0.0,0.0
ita.V.orth.mgn,selected,low_confidence,250,100,ldl,7,41.0,1810.0,0.1977900552486187,0.2071162998215348,2.054696132596685,0.1965917425600473,0.0,0.0
ita.V.orth.mgn,selected,low_confidence,500,100,ldl,1,42.0,2439.0,0.04510045100451,0.0496031746031746,4.53259532595326,0.4273131959319834,0.0,0.0
ita.V.orth.mgn,selected,low_confidence,500,100,ldl,2,47.0,2476.0,0.0920840064620355,0.092856408675095,3.1320678513731823,0.3020494295259284,0.0,0.0
ita.V.orth.mgn,selected,low_confidence,500,100,ldl,3,37.0,2162.0,0.1299722479185939,0.1338247338247337,2.849676225716929,0.2533555113410499,0.0,0.0
ita.V.orth.mgn,selected,low_confidence,500,100,ldl,4,31.0,1553.0,0.1435930457179652,0.1456898315487963,2.4887314874436575,0.2516406932156984,0.0,0.0
ita.V.orth.mgn,selected,low_confidence,500,100,ldl,5,24.0,1345.0,0.137546468401487,0.1437569213732004,2.428252788104089,0.2528998583601688,0.0,0.0
ita.V.orth.mgn,selected,low_confidence,500,100,ldl,6,32.0,1603.0,0.1883967560823456,0.1930168408826945,2.107298814722395,0.1787549924561733,0.0,0.0
ita.V.orth.mgn,selected,low_confidence,500,100,ldl,7,34.0,1452.0,0.1949035812672176,0.2005918220946915,2.059228650137741,0.1987436652518817,0.0,0.0
ita.V.orth.mgn,selected,random,500,100,ldl,1,32.0,1564.0,0.0792838874680307,0.0764266304347826,3.669437340153453,0.3575129334332388,0.0,0.0
ita.V.orth.mgn,selected,random,500,100,ldl,2,45.0,2296.0,0.1358885017421602,0.1360064412238325,2.5587979094076654,0.2429763815579165,0.0,0.0
ita.V.orth.mgn,selected,random,500,100,ldl,3,37.0,1895.0,0.1699208443271767,0.1699904449904449,2.3266490765171506,0.2279988146466401,0.0,0.0
ita.V.orth.mgn,selected,random,500,100,ldl,4,40.0,2070.0,0.1888888888888888,0.1939283826638477,2.1246376811594203,0.2164800207482601,0.0,0.0
ita.V.orth.mgn,selected,random,500,100,ldl,5,46.0,1978.0,0.2042467138523761,0.2031031826279551,2.004044489383215,0.2127032149815859,0.0,0.0
ita.V.orth.mgn,selected,random,500,100,ldl,6,39.0,1809.0,0.2072968490878938,0.2087763185324161,2.0884466556108348,0.1884217782501719,0.0,0.0
ita.V.orth.mgn,selected,random,500,100,ldl,7,31.0,1325.0,0.2166037735849056,0.2187155782848151,1.9652830188679244,0.2022047347574247,0.0,0.0
