unit_id,policy,pool_cap,cell,acc,n_items
fin.V.orth.mgn,high_entropy,500,1;ACT;IMP;PL;POS;PRS,0.0253623188405797,276.0
fin.V.orth.mgn,high_entropy,500,IND;PASS;POS;PRS,0.0313725490196078,255.0
fin.V.orth.mgn,high_entropy,500,3;ACT;IND;PL;POS;PRS,0.0380228136882129,263.0
fin.V.orth.mgn,high_entropy,500,COND;PASS;POS;PRS,0.0418250950570342,263.0
fin.V.orth.mgn,high_entropy,500,IND;PASS;POS;PST,0.047970479704797,271.0
fin.V.orth.mgn,high_entropy,500,2;ACT;IND;POS;PST;SG,0.1902985074626865,268.0
fin.V.orth.mgn,high_entropy,500,1;ACT;COND;POS;PRS;SG,0.2007434944237918,269.0
fin.V.orth.mgn,high_entropy,500,1;ACT;COND;PL;POS;PRS,0.2095588235294117,272.0
fin.V.orth.mgn,high_entropy,500,1;ACT;IND;POS;PST;SG,0.2230769230769231,260.0
fin.V.orth.mgn,high_entropy,500,3;ACT;IND;POS;PST;SG,0.2586872586872586,259.0
fin.V.orth.mgn,low_confidence,250,1;ACT;IMP;PL;POS;PRS,0.0253623188405797,276.0
fin.V.orth.mgn,low_confidence,250,IND;PASS;POS;PRS,0.0274509803921568,255.0
fin.V.orth.mgn,low_confidence,250,3;ACT;IMP;PL;POS;PRS,0.0298507462686567,268.0
fin.V.orth.mgn,low_confidence,250,3;ACT;IND;PL;POS;PRS,0.0342205323193916,263.0
fin.V.orth.mgn,low_confidence,250,COND;PASS;POS;PRS,0.0418250950570342,263.0
fin.V.orth.mgn,low_confidence,250,1;ACT;IND;POS;PST;SG,0.1846153846153846,260.0
fin.V.orth.mgn,low_confidence,250,2;ACT;POS;POT;PRS;SG,0.1947565543071161,267.0
fin.V.orth.mgn,low_confidence,250,2;ACT;COND;POS;PRS;SG,0.22007722007722,259.0
fin.V.orth.mgn,low_confidence,250,2;ACT;IND;POS;PST;SG,0.2238805970149253,268.0
fin.V.orth.mgn,low_confidence,250,3;ACT;IND;POS;PST;SG,0.2355212355212355,259.0
fin.V.orth.mgn,low_confidence,500,IND;PASS;POS;PRS,0.0235294117647058,255.0
fin.V.orth.mgn,low_confidence,500,1;ACT;IMP;PL;POS;PRS,0.0326086956521739,276.0
fin.V.orth.mgn,low_confidence,500,3;ACT;IND;PL;POS;PRS,0.0380228136882129,263.0
fin.V.orth.mgn,low_confidence,500,2;ACT;IMP;POS;PRS;SG,0.0411985018726591,267.0
fin.V.orth.mgn,low_confidence,500,PASS;POS;POT;PRS,0.0454545454545454,264.0
fin.V.orth.mgn,low_confidence,500,2;ACT;COND;POS;PRS;SG,0.22007722007722,259.0
fin.V.orth.mgn,low_confidence,500,2;ACT;IND;POS;PST;SG,0.2276119402985074,268.0
fin.V.orth.mgn,low_confidence,500,1;ACT;IND;POS;PST;SG,0.2307692307692307,260.0
fin.V.orth.mgn,low_confidence,500,3;ACT;IND;POS;PST;SG,0.2355212355212355,259.0
fin.V.orth.mgn,low_confidence,500,1;ACT;COND;PL;POS;PRS,0.25,272.0
fin.V.orth.mgn,random,500,3;ACT;IND;PL;POS;PRS,0.0304182509505703,263.0
fin.V.orth.mgn,random,500,1;ACT;IMP;PL;POS;PRS,0.0398550724637681,276.0
fin.V.orth.mgn,random,500,2;ACT;IMP;POS;PRS;SG,0.0411985018726591,267.0
fin.V.orth.mgn,random,500,PASS;POS;POT;PRS,0.0454545454545454,264.0
fin.V.orth.mgn,random,500,IND;PASS;POS;PRS,0.0470588235294117,255.0
fin.V.orth.mgn,random,500,1;ACT;IND;POS;PST;SG,0.2038461538461538,260.0
fin.V.orth.mgn,random,500,2;ACT;COND;POS;PRS;SG,0.2046332046332046,259.0
fin.V.orth.mgn,random,500,1;ACT;COND;POS;PRS;SG,0.2156133828996282,269.0
fin.V.orth.mgn,random,500,3;ACT;COND;POS;PRS;SG,0.2316176470588235,272.0
fin.V.orth.mgn,random,500,3;ACT;IND;POS;PST;SG,0.2586872586872586,259.0
ita.V.orth.mgn,high_entropy,500,1;IND;PRS;SG,0.0,286.0
ita.V.orth.mgn,high_entropy,500,3;IND;PFV;PST;SG,0.0283687943262411,282.0
ita.V.orth.mgn,high_entropy,500,3;FUT;IND;PL,0.0436363636363636,275.0
ita.V.orth.mgn,high_entropy,500,3;IND;PFV;PL;PST,0.0441176470588235,272.0
ita.V.orth.mgn,high_entropy,500,2;FUT;IND;PL,0.0441176470588235,272.0
ita.V.orth.mgn,high_entropy,500,2;PST;SBJV;SG,0.3345864661654135,266.0
ita.V.orth.mgn,high_entropy,500,2;IND;PRS;SG,0.3643122676579926,269.0
ita.V.orth.mgn,high_entropy,500,1;PST;SBJV;SG,0.3666666666666666,270.0
ita.V.orth.mgn,high_entropy,500,1;PRS;SBJV;SG,0.427536231884058,276.0
ita.V.orth.mgn,high_entropy,500,2;PRS;SBJV;SG,0.4407407407407407,270.0
ita.V.orth.mgn,low_confidence,250,1;IND;PRS;SG,0.0104895104895104,286.0
ita.V.orth.mgn,low_confidence,250,3;IND;PFV;PL;PST,0.0183823529411764,272.0
ita.V.orth.mgn,low_confidence,250,3;IND;PFV;PST;SG,0.0248226950354609,282.0
ita.V.orth.mgn,low_confidence,250,1;IND;PFV;PST;SG,0.053763440860215,279.0
ita.V.orth.mgn,low_confidence,250,3;FUT;IND;PL,0.0545454545454545,275.0
ita.V.orth.mgn,low_confidence,250,2;PST;SBJV;SG,0.3308270676691729,266.0
ita.V.orth.mgn,low_confidence,250,2;IND;PRS;SG,0.3308550185873606,269.0
ita.V.orth.mgn,low_confidence,250,1;PST;SBJV;SG,0.3481481481481481,270.0
ita.V.orth.mgn,low_confidence,250,1;PRS;SBJV;SG,0.4057971014492754,276.0
ita.V.orth.mgn,low_confidence,250,2;PRS;SBJV;SG,0.4111111111111111,270.0
ita.V.orth.mgn,low_confidence,500,1;IND;PRS;SG,0.0034965034965034,286.0
ita.V.orth.mgn,low_confidence,500,3;IND;PFV;PST;SG,0.0212765957446808,282.0
ita.V.orth.mgn,low_confidence,500,3;IND;PFV;PL;PST,0.0330882352941176,272.0
ita.V.orth.mgn,low_confidence,500,1;IND;PFV;PST;SG,0.043010752688172,279.0
ita.V.orth.mgn,low_confidence,500,1;COND;PL,0.0472727272727272,275.0
ita.V.orth.mgn,low_confidence,500,2;IND;PRS;SG,0.312267657992565,269.0
ita.V.orth.mgn,low_confidence,500,1;PST;SBJV;SG,0.3407407407407407,270.0
ita.V.orth.mgn,low_confidence,500,3;PRS;SBJV;SG,0.3694029850746269,268.0
ita.V.orth.mgn,low_confidence,500,1;PRS;SBJV;SG,0.4239130434782608,276.0
ita.V.orth.mgn,low_confidence,500,2;PRS;SBJV;SG,0.4407407407407407,270.0
ita.V.orth.mgn,random,500,1;IND;PRS;SG,0.0,286.0
ita.V.orth.mgn,random,500,3;IND;PFV;PST;SG,0.0212765957446808,282.0
ita.V.orth.mgn,random,500,3;FUT;IND;PL,0.0436363636363636,275.0
ita.V.orth.mgn,random,500,3;COND;PL,0.0571428571428571,280.0
ita.V.orth.mgn,random,500,3;IND;PFV;PL;PST,0.0661764705882353,272.0
ita.V.orth.mgn,random,500,3;PRS;SBJV;SG,0.3283582089552239,268.0
ita.V.orth.mgn,random,500,2;PST;SBJV;SG,0.3496240601503759,266.0
ita.V.orth.mgn,random,500,2;IND;PRS;SG,0.3754646840148699,269.0
ita.V.orth.mgn,random,500,1;PRS;SBJV;SG,0.4094202898550724,276.0
ita.V.orth.mgn,random,500,2;PRS;SBJV;SG,0.4222222222222222,270.0
