experiment,unit_id,item_set,policy,pool_cap,copy_any_shown_form,copy_citation_form,n_items
pcfp_v1,fin.V.orth.mgn,core,high_entropy,500,0.1685119574844995,0.004096545615589,9032
pcfp_v1,fin.V.orth.mgn,core,low_confidence,250,0.170615589016829,0.0053144375553587,9032
pcfp_v1,fin.V.orth.mgn,core,low_confidence,500,0.1829052258635961,0.003985828166519,9032
pcfp_v1,fin.V.orth.mgn,core,random,500,0.1512400354295837,0.0017714791851195,9032
pcfp_v1,fin.V.orth.mgn,selected,high_entropy,500,0.1112823335167859,0.0041827187671986,9085
pcfp_v1,fin.V.orth.mgn,selected,low_confidence,250,0.1796486576068942,0.0030935808197989,9051
pcfp_v1,fin.V.orth.mgn,selected,low_confidence,500,0.1913369337595062,0.0049597707483742,9073
pcfp_v1,fin.V.orth.mgn,selected,random,500,0.1440443213296399,0.0031024930747922,9025
pcfp_v1,ita.V.orth.mgn,core,high_entropy,500,0.3367694931018447,0.0031002945279801,12902
pcfp_v1,ita.V.orth.mgn,core,low_confidence,250,0.3152224461323826,0.0017826693535885,12902
pcfp_v1,ita.V.orth.mgn,core,low_confidence,500,0.3410323980778174,0.0023252208959851,12902
pcfp_v1,ita.V.orth.mgn,core,random,500,0.3053790110060456,0.0021702061695861,12902
pcfp_v1,ita.V.orth.mgn,selected,high_entropy,500,0.2214893780197868,0.0008436229772221,13039
pcfp_v1,ita.V.orth.mgn,selected,low_confidence,250,0.2646491160348954,0.002316065776268,12953
pcfp_v1,ita.V.orth.mgn,selected,low_confidence,500,0.2775901765157329,0.001458173445894,13030
pcfp_v1,ita.V.orth.mgn,selected,random,500,0.2843008425446394,0.0019324418335008,12937
pilot_v1,fin.V.orth.mgn,heldout_new_verbs,high_entropy,500,0.4678125,0.4678125,9600
pilot_v1,fin.V.orth.mgn,heldout_new_verbs,low_confidence,250,0.42625,0.42625,9600
pilot_v1,fin.V.orth.mgn,heldout_new_verbs,low_confidence,500,0.4746875,0.4746875,9600
pilot_v1,fin.V.orth.mgn,heldout_new_verbs,random,500,0.4058333333333333,0.4058333333333333,9600
pilot_v1,ita.V.orth.mgn,heldout_new_verbs,high_entropy,500,0.498125,0.498125,9600
pilot_v1,ita.V.orth.mgn,heldout_new_verbs,low_confidence,250,0.45895833333333336,0.45895833333333336,9600
pilot_v1,ita.V.orth.mgn,heldout_new_verbs,low_confidence,500,0.5041666666666667,0.5041666666666667,9600
pilot_v1,ita.V.orth.mgn,heldout_new_verbs,random,500,0.3754166666666667,0.3754166666666667,9600
