glottocode,name,iso639_3,n_individuals_total,grambank_iso,grambank_descendant,grambank_ancestor,grambank_name
yoru1245,Yoruba,yor,75,,,,
scot1245,Scottish Gaelic,gla,43,,,,
kara1462,Taiga Sayan Turkic,kim,40,,,,
adyg1241,West Circassian,ady,33,,,,
chac1250,Chachapoyas Quechua,quk,31,,,,
taji1245,Tajik,tgk,31,,,,
zoro1242,Zoroastrian Yazdi,gbz,28,,,,
mamu1254,Mamusi,kdf,26,,,"ocea1241 (Oceanic, family)",
xooo1239,West !Xoon,,26,,,,
stan1288,Spanish,spa,25,,,,
noga1249,Nogai,nog,25,,,,
sibe1250,Siberian Tatar,sty,25,,,,
sout2642,Southern Balochi,bcc,25,,,,
tumz1238,Tumzabt,mzb,25,,,,
east2304,Eastern Balochi,bgp,24,,,,
nort2686,Northern Altai,atv,24,,,,
selk1253,Selkup,sel,24,,"sout3262 (Southern Selkup, dialect)",,sout3262 (Southern Selkup)
sind1272,Sindhi,snd,24,,,,
haza1239,Hazaragi,haz,22,,,,
kara1465,Karachay-Balkar,krc,21,,,,
roma1327,Romanian,ron,20,,,,arom1237 (Aromanian)
guja1252,Gujarati,guj,19,,,,
kala1372,Chitral Kalasha,kls,19,,,,
sout2750,Southern Yukaghir,yux,19,,,,
nort2641,Northern Kurdish,kmr,18,,,,
kaza1248,Kazakh,kaz,17,,,,
tena1240,Tena Lowland Quichua,quw,17,,,,
assy1241,Assyrian Neo-Aramaic,aii,16,,,,
hadr1236,Hadrami Arabic,ayh,16,,,,
udmu1245,Udmurt,udm,16,,,,
chha1249,Chhattisgarhi,hne,15,,,,
kare1335,Karelian,krl,15,,"nort2673 (Northern Karelian, dialect); tver1240 (Tver, dialect)",,nort2673 (Northern Karelian)
kung1261,North-Central Ju,knw,15,,,,
nauk1242,Naukan Yupik,ynk,15,,,,
tuni1259,Tunisian Arabic,aeb,15,,,,
jude1267,Judeo-Yemeni Arabic,jye,14,,,,
kara1467,Kara-Kalpak,kaa,14,,,,
kirg1245,Kirghiz,kir,14,,,,
mehr1241,Mehri,gdq,14,,,,
vish1243,Vishavan,vis,14,,,,
dung1253,Dungan,dng,13,,,,
scot1243,Scots,sco,13,,,,
sout2694,Southern Altai,alt,13,,,,
gwii1239,/Gwi,gwj,11,,,,
norw1258,Norwegian,nor,11,,,,
nyan1308,Nyanja,nya,11,,,,
abaz1241,Abaza,abq,10,,,,
avar1256,Avar,ava,10,,,,
brun1245,Brunei Bisaya-Dusun,bsb,10,,,,
bulg1262,Bulgarian,bul,10,,,,
cent2053,South Barisan Malay,pse,10,,,,
hija1235,Hijazi Arabic,acw,10,,,,
hmon1333,Hmong Daw,mww,10,,,,
indo1317,Indonesian Bajau,bdl,10,,,,
kham1281,Khamnigan Mongol,ykh,10,,,,
luuu1242,Lü,khb,10,,,,
maza1291,Mazanderani,mzn,10,,,,
moro1292,Moroccan Arabic,ary,10,,,,
shua1254,Shua,shg,10,,,,shua1257 (Shuar)
stan1295,German,deu,10,,,,
taba1259,Tabasaran,tab,10,,,,
tumb1250,Tumbuka,tum,10,,,,
uigh1240,Uighur,uig,10,,,,
algo1255,Algonquin,alq,9,,,,
jude1264,Judeo-Tripolitanian Arabic,yud,9,,,,
jude1266,Judeo-Iraqi Arabic,yhd,9,,,,
kory1246,Koryak,kpy,9,,,,
ladi1251,Ladino,lad,9,,,,
naro1249,Naro,nhr,9,,,,naro1251 (Narom)
oroq1238,Oroqen,orh,9,,,,
sout3253,Southern Mansi,,9,,,,
xibe1242,Xibe,sjo,9,,,,
east2295,Eastern Yiddish,ydd,8,,,,
gana1274,//Gana,gnk,8,,,,
homs1234,Western Armenian,hyw,8,,,,
kumy1244,Kumyk,kum,8,,,,
tsoa1238,Northern Tshwa,hio,8,,,,
turo1239,Turoyo,tru,8,,,,
waha1238,Eastern Lowland Kenyah,whk,8,,,,
beng1280,Bengali,ben,7,,,,
itel1242,West Itelmen,itl,7,,,,
jude1265,Judeo-Moroccan Arabic,aju,7,,,,
puno1238,Puno Quechua,qxp,7,,,,
arag1245,Aragonese,arg,6,,,,
kuba1248,Kubachi,ugh,6,,,,
ndon1254,Ndonga,ndo,6,,,,
sire1246,Old Sirenik,ysr,6,,,,
alge1239,Algerian Arabic,arq,5,,,,
astu1245,Asturian-Leonese-Cantabrian,ast,5,,,,
cent2128,Central Siberian Yupik,ess,5,,,,
duke1237,Duke,nke,5,,,"ocea1241 (Oceanic, family)",
extr1243,Extremaduran,ext,5,,,,
mbuk1240,Mbukushu,mhw,5,,,,
polo1242,Polonombauk,plb,5,,,"ocea1241 (Oceanic, family)",
sowa1244,Sowa,sww,5,,,"ocea1241 (Oceanic, family)",
taga1278,Ouargli,oua,5,,,,
west2721,West Central Oromo,gaz,5,,,,
apal1257,Apalaí,apy,4,,,,
dolg1241,Dolgan,dlg,4,,,,
huil1244,Huilliche,huh,4,,,,
nara1263,Narango,nrg,4,,,"ocea1241 (Oceanic, family)",
neap1235,Continental Southern Italian,nap,4,,,,
para1310,Pará Arára,aap,4,,,,
dato1239,Barabayiiga-Gisamjanga,tcc,3,,,,
moro1286,Ande,mrp,3,,,"ocea1241 (Oceanic, family)",bina1277 (Binandere); noma1260 (Nomaande); sanm1295 (San Miguel El Grande Mixtec); zand1248 (Zande)
peta1245,Petats,pex,3,,,"ocea1241 (Oceanic, family)",
suda1236,Sudanese Arabic,apd,3,,,,
tach1249,Chaouia of the Aures,shy,3,,,,
tund1254,Tundra Enets,enh,3,,,,
urub1250,Urubú-Kaapor,urb,3,,,,
ndan1241,Nda'nda',nnz,2,,,,
sout2991,South Bolivian Quechua,quh,2,,,,
bako1249,Bakoko,bkh,1,,,,
gavi1246,Gavião Do Jiparaná,gvo,1,,,,
pedi1238,Pedi,nso,1,,,,
tere1279,Terena-Kinikinao-Chane,ter,1,,"guan1270 (Kinikinao, dialect); tere1281 (Terena, dialect)",,
nort2646,Northern Pashto,pbu,0,,,,
khow1242,Khowar,khw,0,,,,
east2542,Eastern Ojibwa,ojg,0,,,,
anii1246,//Ani,hnh,0,,,,
bakh1245,Bakhtiari,bqi,0,,,,
mans1258,Northern Mansi,mns,0,,,,
uppe1395,Upper Sorbian,hsb,0,,,,
tsot1241,Tsotso,lto,0,,,,
east2652,Eastern Oromo,hae,0,,,,
tzut1248,Tz'utujil,tzj,0,,,,
basa1284,Basa (Cameroon),bas,0,,,,basa1282 (Basa (Nigeria)); basa1287 (Basay)
