experiment,unit_id,fold,run,n_acquired,class_-are,class_-ire,class_-ere,citation_len_mean,class_-rre,class_VV,class_Vta,class_CCa,class_da
pcfp_v1,ita.V.orth.mgn,fold0,high_entropy@500,80,65.0,8.0,7.0,9.55,0.0,0.0,0.0,0.0,0.0
pcfp_v1,ita.V.orth.mgn,fold0,low_confidence@250,80,67.0,5.0,7.0,10.0625,1.0,0.0,0.0,0.0,0.0
pcfp_v1,ita.V.orth.mgn,fold0,low_confidence@500,80,62.0,5.0,10.0,10.2125,3.0,0.0,0.0,0.0,0.0
pcfp_v1,ita.V.orth.mgn,fold0,random@500,80,62.0,5.0,11.0,9.55,2.0,0.0,0.0,0.0,0.0
pcfp_v1,ita.V.orth.mgn,fold1,high_entropy@500,80,61.0,11.0,8.0,10.1125,0.0,0.0,0.0,0.0,0.0
pcfp_v1,ita.V.orth.mgn,fold1,low_confidence@250,80,64.0,6.0,9.0,10.375,1.0,0.0,0.0,0.0,0.0
pcfp_v1,ita.V.orth.mgn,fold1,low_confidence@500,80,61.0,6.0,12.0,10.2125,1.0,0.0,0.0,0.0,0.0
pcfp_v1,ita.V.orth.mgn,fold1,random@500,80,66.0,5.0,9.0,9.85,0.0,0.0,0.0,0.0,0.0
pcfp_v1,ita.V.orth.mgn,fold2,high_entropy@500,80,63.0,11.0,6.0,9.9,0.0,0.0,0.0,0.0,0.0
pcfp_v1,ita.V.orth.mgn,fold2,low_confidence@250,80,56.0,12.0,10.0,10.525,2.0,0.0,0.0,0.0,0.0
pcfp_v1,ita.V.orth.mgn,fold2,low_confidence@500,80,60.0,7.0,9.0,11.05,4.0,0.0,0.0,0.0,0.0
pcfp_v1,ita.V.orth.mgn,fold2,random@500,80,67.0,8.0,4.0,10.15,1.0,0.0,0.0,0.0,0.0
pcfp_v1,ita.V.orth.mgn,fold0,POOL(500),500,409.0,43.0,39.0,9.812,9.0,0.0,0.0,0.0,0.0
pcfp_v1,ita.V.orth.mgn,fold1,POOL(500),500,399.0,45.0,51.0,9.99,5.0,0.0,0.0,0.0,0.0
pcfp_v1,ita.V.orth.mgn,fold2,POOL(500),500,405.0,44.0,46.0,9.972,5.0,0.0,0.0,0.0,0.0
pcfp_v1,fin.V.orth.mgn,fold0,high_entropy@500,80,0.0,0.0,0.0,8.4625,0.0,42.0,17.0,12.0,9.0
pcfp_v1,fin.V.orth.mgn,fold0,low_confidence@250,80,0.0,0.0,0.0,8.425,0.0,56.0,10.0,9.0,5.0
pcfp_v1,fin.V.orth.mgn,fold0,low_confidence@500,80,0.0,0.0,0.0,8.4,0.0,51.0,10.0,11.0,8.0
pcfp_v1,fin.V.orth.mgn,fold0,random@500,80,0.0,0.0,0.0,8.825,0.0,48.0,12.0,8.0,12.0
pcfp_v1,fin.V.orth.mgn,fold1,high_entropy@500,80,0.0,0.0,0.0,8.5125,0.0,48.0,17.0,15.0,0.0
pcfp_v1,fin.V.orth.mgn,fold1,low_confidence@250,80,0.0,0.0,0.0,8.425,0.0,50.0,13.0,13.0,4.0
pcfp_v1,fin.V.orth.mgn,fold1,low_confidence@500,80,0.0,0.0,0.0,9.0875,0.0,52.0,11.0,10.0,7.0
pcfp_v1,fin.V.orth.mgn,fold1,random@500,80,0.0,0.0,0.0,8.7125,0.0,47.0,14.0,15.0,4.0
pcfp_v1,fin.V.orth.mgn,fold2,high_entropy@500,80,0.0,0.0,0.0,8.5125,0.0,47.0,13.0,18.0,2.0
pcfp_v1,fin.V.orth.mgn,fold2,low_confidence@250,80,0.0,0.0,0.0,8.85,0.0,37.0,11.0,20.0,12.0
pcfp_v1,fin.V.orth.mgn,fold2,low_confidence@500,80,0.0,0.0,0.0,8.425,0.0,43.0,7.0,18.0,12.0
pcfp_v1,fin.V.orth.mgn,fold2,random@500,80,0.0,0.0,0.0,8.275,0.0,51.0,17.0,3.0,9.0
pcfp_v1,fin.V.orth.mgn,fold0,POOL(500),500,0.0,0.0,0.0,8.75,0.0,301.0,78.0,65.0,56.0
pcfp_v1,fin.V.orth.mgn,fold1,POOL(500),500,0.0,0.0,0.0,8.776,0.0,302.0,77.0,59.0,62.0
pcfp_v1,fin.V.orth.mgn,fold2,POOL(500),500,0.0,0.0,0.0,8.674,0.0,285.0,84.0,66.0,65.0
pilot_v1,ita.V.orth.mgn,fold0,high_entropy@500,80,45.0,12.0,18.0,10.325,5.0,0.0,0.0,0.0,0.0
pilot_v1,ita.V.orth.mgn,fold0,low_confidence@250,80,44.0,15.0,19.0,10.3125,2.0,0.0,0.0,0.0,0.0
pilot_v1,ita.V.orth.mgn,fold0,low_confidence@500,80,40.0,12.0,24.0,9.85,4.0,0.0,0.0,0.0,0.0
pilot_v1,ita.V.orth.mgn,fold0,random@500,80,70.0,5.0,5.0,9.6125,0.0,0.0,0.0,0.0,0.0
pilot_v1,ita.V.orth.mgn,fold1,high_entropy@500,80,39.0,14.0,21.0,10.3875,6.0,0.0,0.0,0.0,0.0
pilot_v1,ita.V.orth.mgn,fold1,low_confidence@250,80,36.0,15.0,26.0,9.775,3.0,0.0,0.0,0.0,0.0
pilot_v1,ita.V.orth.mgn,fold1,low_confidence@500,80,35.0,13.0,26.0,9.925,6.0,0.0,0.0,0.0,0.0
pilot_v1,ita.V.orth.mgn,fold1,random@500,80,64.0,5.0,9.0,10.3125,2.0,0.0,0.0,0.0,0.0
pilot_v1,ita.V.orth.mgn,fold2,high_entropy@500,80,31.0,19.0,26.0,10.325,4.0,0.0,0.0,0.0,0.0
pilot_v1,ita.V.orth.mgn,fold2,low_confidence@250,80,46.0,12.0,20.0,10.0,2.0,0.0,0.0,0.0,0.0
pilot_v1,ita.V.orth.mgn,fold2,low_confidence@500,80,31.0,18.0,27.0,10.0125,4.0,0.0,0.0,0.0,0.0
pilot_v1,ita.V.orth.mgn,fold2,random@500,80,69.0,4.0,6.0,9.6625,1.0,0.0,0.0,0.0,0.0
pilot_v1,fin.V.orth.mgn,fold0,high_entropy@500,80,0.0,0.0,0.0,9.0125,0.0,40.0,22.0,11.0,7.0
pilot_v1,fin.V.orth.mgn,fold0,low_confidence@250,80,0.0,0.0,0.0,8.4,0.0,42.0,21.0,11.0,6.0
pilot_v1,fin.V.orth.mgn,fold0,low_confidence@500,80,0.0,0.0,0.0,8.2875,0.0,39.0,26.0,7.0,8.0
pilot_v1,fin.V.orth.mgn,fold0,random@500,80,0.0,0.0,0.0,8.8875,0.0,44.0,11.0,13.0,12.0
pilot_v1,fin.V.orth.mgn,fold1,high_entropy@500,80,0.0,0.0,0.0,9.525,0.0,36.0,25.0,6.0,13.0
pilot_v1,fin.V.orth.mgn,fold1,low_confidence@250,80,0.0,0.0,0.0,8.55,0.0,39.0,23.0,11.0,7.0
pilot_v1,fin.V.orth.mgn,fold1,low_confidence@500,80,0.0,0.0,0.0,8.45,0.0,40.0,23.0,11.0,6.0
pilot_v1,fin.V.orth.mgn,fold1,random@500,80,0.0,0.0,0.0,8.475,0.0,47.0,13.0,5.0,15.0
pilot_v1,fin.V.orth.mgn,fold2,high_entropy@500,80,0.0,0.0,0.0,9.1625,0.0,35.0,24.0,16.0,5.0
pilot_v1,fin.V.orth.mgn,fold2,low_confidence@250,80,0.0,0.0,0.0,8.375,0.0,41.0,24.0,10.0,5.0
pilot_v1,fin.V.orth.mgn,fold2,low_confidence@500,80,0.0,0.0,0.0,8.3875,0.0,37.0,32.0,5.0,6.0
pilot_v1,fin.V.orth.mgn,fold2,random@500,80,0.0,0.0,0.0,8.65,0.0,46.0,14.0,13.0,7.0
