experiment,unit_id,run,class_-are,class_-ire,class_-ere,class_-rre,class_VV,class_Vta,class_CCa,class_da,citation_len_mean
pcfp_v1,fin.V.orth.mgn,POOL(500),0.0,0.0,0.0,0.0,0.592,0.159,0.127,0.122,8.733
pcfp_v1,fin.V.orth.mgn,high_entropy@500,0.0,0.0,0.0,0.0,0.571,0.196,0.188,0.046,8.496
pcfp_v1,fin.V.orth.mgn,low_confidence@250,0.0,0.0,0.0,0.0,0.596,0.142,0.175,0.088,8.567
pcfp_v1,fin.V.orth.mgn,low_confidence@500,0.0,0.0,0.0,0.0,0.608,0.117,0.162,0.112,8.638
pcfp_v1,fin.V.orth.mgn,random@500,0.0,0.0,0.0,0.0,0.608,0.179,0.108,0.104,8.604
pcfp_v1,ita.V.orth.mgn,POOL(500),0.809,0.088,0.091,0.013,0.0,0.0,0.0,0.0,9.925
pcfp_v1,ita.V.orth.mgn,high_entropy@500,0.788,0.125,0.088,0.0,0.0,0.0,0.0,0.0,9.854
pcfp_v1,ita.V.orth.mgn,low_confidence@250,0.779,0.096,0.108,0.017,0.0,0.0,0.0,0.0,10.321
pcfp_v1,ita.V.orth.mgn,low_confidence@500,0.763,0.075,0.129,0.033,0.0,0.0,0.0,0.0,10.492
pcfp_v1,ita.V.orth.mgn,random@500,0.812,0.075,0.1,0.013,0.0,0.0,0.0,0.0,9.85
pilot_v1,fin.V.orth.mgn,high_entropy@500,0.0,0.0,0.0,0.0,0.462,0.296,0.138,0.104,9.233
pilot_v1,fin.V.orth.mgn,low_confidence@250,0.0,0.0,0.0,0.0,0.508,0.283,0.133,0.075,8.442
pilot_v1,fin.V.orth.mgn,low_confidence@500,0.0,0.0,0.0,0.0,0.483,0.337,0.096,0.083,8.375
pilot_v1,fin.V.orth.mgn,random@500,0.0,0.0,0.0,0.0,0.571,0.158,0.129,0.142,8.671
pilot_v1,ita.V.orth.mgn,high_entropy@500,0.479,0.188,0.271,0.062,0.0,0.0,0.0,0.0,10.346
pilot_v1,ita.V.orth.mgn,low_confidence@250,0.525,0.175,0.271,0.029,0.0,0.0,0.0,0.0,10.029
pilot_v1,ita.V.orth.mgn,low_confidence@500,0.442,0.179,0.321,0.058,0.0,0.0,0.0,0.0,9.929
pilot_v1,ita.V.orth.mgn,random@500,0.846,0.058,0.083,0.013,0.0,0.0,0.0,0.0,9.862
