unit_id,fold,a,b,overlap
ita.V.orth.mgn,fold0,high_entropy@500,low_confidence@250,27
ita.V.orth.mgn,fold0,high_entropy@500,low_confidence@500,39
ita.V.orth.mgn,fold0,high_entropy@500,random@500,9
ita.V.orth.mgn,fold0,low_confidence@250,low_confidence@500,32
ita.V.orth.mgn,fold0,low_confidence@250,random@500,16
ita.V.orth.mgn,fold0,low_confidence@500,random@500,15
ita.V.orth.mgn,fold1,high_entropy@500,low_confidence@250,24
ita.V.orth.mgn,fold1,high_entropy@500,low_confidence@500,25
ita.V.orth.mgn,fold1,high_entropy@500,random@500,15
ita.V.orth.mgn,fold1,low_confidence@250,low_confidence@500,36
ita.V.orth.mgn,fold1,low_confidence@250,random@500,12
ita.V.orth.mgn,fold1,low_confidence@500,random@500,11
ita.V.orth.mgn,fold2,high_entropy@500,low_confidence@250,20
ita.V.orth.mgn,fold2,high_entropy@500,low_confidence@500,29
ita.V.orth.mgn,fold2,high_entropy@500,random@500,10
ita.V.orth.mgn,fold2,low_confidence@250,low_confidence@500,34
ita.V.orth.mgn,fold2,low_confidence@250,random@500,8
ita.V.orth.mgn,fold2,low_confidence@500,random@500,10
fin.V.orth.mgn,fold0,high_entropy@500,low_confidence@250,24
fin.V.orth.mgn,fold0,high_entropy@500,low_confidence@500,25
fin.V.orth.mgn,fold0,high_entropy@500,random@500,12
fin.V.orth.mgn,fold0,low_confidence@250,low_confidence@500,42
fin.V.orth.mgn,fold0,low_confidence@250,random@500,16
fin.V.orth.mgn,fold0,low_confidence@500,random@500,11
fin.V.orth.mgn,fold1,high_entropy@500,low_confidence@250,23
fin.V.orth.mgn,fold1,high_entropy@500,low_confidence@500,24
fin.V.orth.mgn,fold1,high_entropy@500,random@500,16
fin.V.orth.mgn,fold1,low_confidence@250,low_confidence@500,37
fin.V.orth.mgn,fold1,low_confidence@250,random@500,19
fin.V.orth.mgn,fold1,low_confidence@500,random@500,15
fin.V.orth.mgn,fold2,high_entropy@500,low_confidence@250,20
fin.V.orth.mgn,fold2,high_entropy@500,low_confidence@500,20
fin.V.orth.mgn,fold2,high_entropy@500,random@500,10
fin.V.orth.mgn,fold2,low_confidence@250,low_confidence@500,35
fin.V.orth.mgn,fold2,low_confidence@250,random@500,12
fin.V.orth.mgn,fold2,low_confidence@500,random@500,13
