file_stem,derivation,upstream_code,epitran_code,script,script_lines,n_build_blocks,cell_min_forms,notes
ady-adj,unimorph,ady,,clean-paradigms.R,24;38,1,101.0,
ady-n,unimorph,ady,,clean-paradigms.R,24;39,1,101.0,
ang-adj,unimorph,ang,,clean-paradigms.R,43;64,1,101.0,
ang-n,unimorph,ang,,clean-paradigms.R,43;65,1,101.0,
ang-v,unimorph,ang,,clean-paradigms.R,43;66,1,101.0,
ast-v,unimorph,ast,,clean-paradigms.R,83;102;1502;1529,2,101.0,"written by 2 blocks in clean-paradigms.R; the last block (lines [1502, 1529]) determines the file"
aze-n,unimorph,aze,aze-Latn,clean-paradigms.R,106;123,1,101.0,
bak-n,unimorph,bak,,clean-paradigms.R,127;143,1,101.0,
bel-adj,unimorph,bel,,clean-paradigms.R,147;171,1,101.0,
bel-n,unimorph,bel,,clean-paradigms.R,147;172,1,101.0,
bel-v,unimorph,bel,,clean-paradigms.R,147;173,1,101.0,
bod-v,unimorph,bod,,clean-paradigms.R,186;201,1,101.0,
bul-adj,unimorph,bul,,clean-paradigms.R,223;248,1,101.0,
bul-n,unimorph,bul,,clean-paradigms.R,223;249,1,101.0,
bul-v,unimorph,bul,,clean-paradigms.R,223;250,1,101.0,
cat-v,unimorph,cat,cat-Latn,clean-paradigms.R,254;268,1,101.0,
ces-adj,unimorph,ces,,clean-paradigms.R,272;297,1,101.0,
ces-n,unimorph,ces,,clean-paradigms.R,272;298,1,101.0,
ces-v,unimorph,ces,,clean-paradigms.R,272;299,1,101.0,
chu-n,unimorph,chu,,clean-paradigms.R,303;317,1,101.0,
ckb-n,unimorph,ckb,,clean-paradigms.R,321;342,1,101.0,
ckb-v,unimorph,ckb,,clean-paradigms.R,321;343,1,101.0,
crh-n,unimorph,crh,,clean-paradigms.R,350;375,1,101.0,
cym-v,unimorph,cym,,clean-paradigms.R,394;408,1,101.0,
dan-n,unimorph,dan,,clean-paradigms.R,412;432,1,101.0,
dan-v,unimorph,dan,,clean-paradigms.R,412;433,1,101.0,
deu-n,unimorph,deu,deu-Latn,clean-paradigms.R,437;457,1,101.0,
deu-v,unimorph,deu,deu-Latn,clean-paradigms.R,437;458,1,101.0,
dsb-adj,unimorph,dsb,,clean-paradigms.R,462;487,1,101.0,
dsb-n,unimorph,dsb,,clean-paradigms.R,462;488,1,101.0,
dsb-v,unimorph,dsb,,clean-paradigms.R,462;489,1,101.0,
ell-adj,unimorph,ell,,clean-paradigms.R,493;518,1,101.0,
ell-n,unimorph,ell,,clean-paradigms.R,493;519,1,101.0,
ell-v,unimorph,ell,,clean-paradigms.R,493;520,1,101.0,
est-n,unimorph,est,,clean-paradigms.R,524;543,1,101.0,
est-v,unimorph,est,,clean-paradigms.R,524;544,1,101.0,
fao-adj,unimorph,fao,,clean-paradigms.R,563;588,1,101.0,
fao-n,unimorph,fao,,clean-paradigms.R,563;589,1,101.0,
fao-v,unimorph,fao,,clean-paradigms.R,563;590,1,101.0,
fas-v,unimorph,fas,fas-Arab,clean-paradigms.R,594;609,1,101.0,
fin-adj,unimorph,fin,,clean-paradigms.R,613;638,1,101.0,
fin-n,unimorph,fin,,clean-paradigms.R,613;639,1,101.0,
fin-v,unimorph,fin,,clean-paradigms.R,613;640,1,101.0,
frm-v,unimorph,frm,,clean-paradigms.R,644;658,1,101.0,
fro-v,unimorph,fro,,clean-paradigms.R,662;676,1,101.0,
fur-v,unimorph,fur,,clean-paradigms.R,713;727,1,101.0,
gal-v,unimorph,gal,,clean-paradigms.R,731;745,1,101.0,
gle-adj,unimorph,gle,,clean-paradigms.R,760;784,1,101.0,
gle-n,unimorph,gle,,clean-paradigms.R,760;785,1,101.0,
gle-v,unimorph,gle,,clean-paradigms.R,760;786,1,101.0,
grc-adj,unimorph,grc,,clean-paradigms.R,846;866,1,101.0,
grc-n,unimorph,grc,,clean-paradigms.R,846;867,1,101.0,
hbs-adj,unimorph,hbs,,clean-paradigms.R,880;904,1,101.0,
hbs-n,unimorph,hbs,,clean-paradigms.R,880;905,1,101.0,
hbs-v,unimorph,hbs,,clean-paradigms.R,880;906,1,101.0,
heb-n,unimorph,heb,,clean-paradigms.R,910;930,1,101.0,
heb-v,unimorph,heb,,clean-paradigms.R,910;931,1,101.0,
hin-v,unimorph,hin,hin-Deva,clean-paradigms.R,935;951,1,101.0,
hye-adj,unimorph,hye,,clean-paradigms.R,955;979,1,101.0,
hye-n,unimorph,hye,,clean-paradigms.R,955;980,1,101.0,
hye-v,unimorph,hye,,clean-paradigms.R,955;981,1,101.0,
isl-n,unimorph,isl,,clean-paradigms.R,985;1004,1,101.0,
isl-v,unimorph,isl,,clean-paradigms.R,985;1005,1,101.0,
ita-v,unimorph,ita,,clean-paradigms.R,1009;1023,1,101.0,
kan-n,unimorph,kan,,clean-paradigms.R,1058;1076,1,101.0,
kat-n,unimorph,kat,,clean-paradigms.R,1080;1100,1,101.0,
kbd-n,unimorph,kbd,,clean-paradigms.R,1120;1134,1,101.0,
klr-v,unimorph,klr,,clean-paradigms.R,1156;1170,1,101.0,
kmr-n,unimorph,kmr,kmr-Latn,clean-paradigms.R,1174;1196,1,101.0,
kmr-v,unimorph,kmr,kmr-Latn,clean-paradigms.R,1174;1197,1,101.0,
lit-adj,unimorph,lit,,clean-paradigms.R,1216;1241,1,101.0,
lit-n,unimorph,lit,,clean-paradigms.R,1216;1242,1,101.0,
lit-v,unimorph,lit,,clean-paradigms.R,1216;1243,1,101.0,
liv-n,unimorph,liv,,clean-paradigms.R,1247;1268,1,101.0,
lld-v,unimorph,lld,,clean-paradigms.R,1272;1286,1,101.0,
mkd-adj,unimorph,mkd,,clean-paradigms.R,1290;1315,1,101.0,
mkd-n,unimorph,mkd,,clean-paradigms.R,1290;1316,1,101.0,
mkd-v,unimorph,mkd,,clean-paradigms.R,1290;1317,1,101.0,
mlt-v,unimorph,mlt,,clean-paradigms.R,1321;1335,1,101.0,
nld-adj,unimorph,nld,nld-Latn,clean-paradigms.R,1368;1390,1,101.0,
nld-v,unimorph,nld,nld-Latn,clean-paradigms.R,1368;1391,1,101.0,
nob-adj,unimorph,nob,,clean-paradigms.R,1395;1420,1,101.0,
nob-n,unimorph,nob,,clean-paradigms.R,1395;1421,1,101.0,
nob-v,unimorph,nob,,clean-paradigms.R,1395;1422,1,101.0,
oci-v,unimorph,oci,,clean-paradigms.R,1426;1439,1,101.0,
osx-adj,unimorph,osx,,clean-paradigms.R,1443;1468,1,101.0,
osx-n,unimorph,osx,,clean-paradigms.R,1443;1469,1,101.0,
osx-v,unimorph,osx,,clean-paradigms.R,1443;1470,1,101.0,
pus-n,unimorph,pus,,clean-paradigms.R,1474;1497,1,101.0,
pus-v,unimorph,pus,,clean-paradigms.R,1474;1498,1,101.0,
ast-adj,unimorph,ast,,clean-paradigms.R,1502;1527,1,101.0,
ast-n,unimorph,ast,,clean-paradigms.R,1502;1528,1,101.0,
ron-adj,unimorph,ron,ron-Latn,clean-paradigms.R,1533;1558,1,101.0,
ron-n,unimorph,ron,ron-Latn,clean-paradigms.R,1533;1559,1,101.0,
ron-v,unimorph,ron,ron-Latn,clean-paradigms.R,1533;1560,1,101.0,
san-adj,unimorph,san,,clean-paradigms.R,1564;1584,1,101.0,
san-n,unimorph,san,,clean-paradigms.R,1564;1585,1,101.0,
slv-adj,unimorph,slv,,clean-paradigms.R,1604;1628,1,101.0,
slv-n,unimorph,slv,,clean-paradigms.R,1604;1629,1,101.0,
slv-v,unimorph,slv,,clean-paradigms.R,1604;1630,1,101.0,
sme-adj,unimorph,sme,,clean-paradigms.R,1634;1659,1,101.0,
sme-n,unimorph,sme,,clean-paradigms.R,1634;1660,1,101.0,
sme-v,unimorph,sme,,clean-paradigms.R,1634;1661,1,101.0,
spa-v,unimorph,spa,spa-Latn,clean-paradigms.R,1665;1680,1,101.0,
sqi-n,unimorph,sqi,,clean-paradigms.R,1684;1704,1,101.0,
sqi-v,unimorph,sqi,,clean-paradigms.R,1684;1705,1,101.0,
swe-adj,unimorph,swe,swe-Latn,clean-paradigms.R,1727;1751,1,101.0,
swe-n,unimorph,swe,swe-Latn,clean-paradigms.R,1727;1752,1,101.0,
swe-v,unimorph,swe,swe-Latn,clean-paradigms.R,1727;1753,1,101.0,
syc-n,unimorph,syc,,clean-paradigms.R,1757;1774,1,101.0,
tat-n,unimorph,tat,,clean-paradigms.R,1778;1799,1,101.0,
tel-v,unimorph,tel,tel-Telu,clean-paradigms.R,1803;1818,1,101.0,
tur-n,unimorph,tur,tur-Latn,clean-paradigms.R,1848;1870,1,101.0,
tur-v,unimorph,tur,tur-Latn,clean-paradigms.R,1848;1871,1,101.0,
ukr-n,unimorph,ukr,ukr-Cyrl,clean-paradigms.R,1875;1895,1,101.0,
urd-n,unimorph,urd,,clean-paradigms.R,1899;1912,1,101.0,
vec-v,unimorph,vec,,clean-paradigms.R,1932;1946,1,101.0,
xcl-adj,unimorph,xcl,,clean-paradigms.R,1965;1990,1,101.0,
xcl-n,unimorph,xcl,,clean-paradigms.R,1965;1991,1,101.0,
xcl-v,unimorph,xcl,,clean-paradigms.R,1965;1992,1,101.0,
yid-adj,unimorph,yid,,clean-paradigms.R,2005;2027,1,101.0,
yid-v,unimorph,yid,,clean-paradigms.R,2005;2028,1,101.0,
zul-n,unimorph,zul,zul-Latn,clean-paradigms.R,2032;2054,1,101.0,
zul-v,unimorph,zul,zul-Latn,clean-paradigms.R,2032;2055,1,101.0,
pol-adj,polimorf,PoliMorf-0.6.7,pol-Latn,clean-pol.R,,1,401.0,"built from PoliMorf 0.6.7, not UniMorph; script writes to ./data/"
pol-n,polimorf,PoliMorf-0.6.7,pol-Latn,clean-pol.R,,1,101.0,"built from PoliMorf 0.6.7, not UniMorph; script writes to ./data/"
arabic-v,data_custom_undocumented,,,,,0,,no build script in repository
english-v,data_custom_undocumented,,,,,0,,8-cell English verb table (pres1s/pres3s/presothers/past13/pastnot13); CELEX-like layout; unverified
french-v,data_custom_undocumented,,,,,0,,"label set (prs.1sg, ipfv.3pl, pst.ptcp.f.sg) and archiphonemes E/O match Flexique; unverified"
hungarian-n,data_custom_undocumented,,,,,0,,no build script in repository
latin-n,data_custom_undocumented,,,,,0,,label format NOUN:Abl+Plur matches LatInfLexi nouns; unverified
latin-v,data_custom_undocumented,,,,,0,,label format VERB:Fin+... matches LatInfLexi; unverified
latvian-n,data_custom_undocumented,,,,,0,,no build script in repository
navajo-v,data_custom_undocumented,,,,,0,,Navajo verb paradigms with ':IPA' cell suffix; source undocumented here
portuguese-v,data_custom_undocumented,,,,,0,,no build script in repository
russian-n,data_custom_undocumented,,,,,0,,no build script in repository
yaitepec-chatino-v,data_custom_undocumented,,,,,0,,no build script in repository
zenzontepec-chatino-v,data_custom_undocumented,,,,,0,,no build script in repository
