resource_id,collection,file,resource_version,language,original_id,iso639_3,variety_id,glottocode,pos,representation,representation_check,derivation,upstream_code,epitran_code,build_script,build_script_lines,cell_min_forms_filter,extinct,in_mgn_living_64,unit_id_prospective,n_lemmas,n_duplicate_labels,n_cells,n_cells_unparseable,unparseable_cells,n_records,missing_rate,variant_rate,multiword_rate,ipa_char_rate_sample,quality_notes,task_source_cell,task_n_eligible_lemmas,task_n_eligible_groups,suitability,suitability_reason
mgn_data:ady-adj,mgn_data,mgn_data/data/ady-adj.csv,sha256:706d19ab6ed29b62,Adyghe,ady,ady,ady,adyg1241,ADJ,orth,consistent,unimorph,ady,,clean-paradigms.R,24;38,101,False,True,ady.ADJ.orth.mgn,116,0,12,0,,1392,0.0216,0.0,0.0,0.0,,,0,0,not_assessed,adjectives not part of the declared task
mgn_data:ady-n,mgn_data,mgn_data/data/ady-n.csv,sha256:ce591a4762f8dbd9,Adyghe,ady,ady,ady,adyg1241,N,orth,consistent,unimorph,ady,,clean-paradigms.R,24;39,101,False,True,ady.N.orth.mgn,1609,0,12,0,,19308,0.0104,0.0,0.0195,0.0,multiword forms 1.9%,NOM;SG,1608,1608,suitable,
mgn_data:ang-adj,mgn_data,mgn_data/data/ang-adj.csv,sha256:6d079dff5837dc01,Old English (ca. 450-1100),ang,ang,ang,olde1238,ADJ,orth,consistent,unimorph,ang,,clean-paradigms.R,43;64,101,True,False,ang.ADJ.orth.mgn,293,0,46,0,,16283,0.1445,0.2266,0.0,0.068,,,0,0,out_of_scope,extinct/historical language (synchronic study)
mgn_data:ang-n,mgn_data,mgn_data/data/ang-n.csv,sha256:18476323c4816cdd,Old English (ca. 450-1100),ang,ang,ang,olde1238,N,orth,consistent,unimorph,ang,,clean-paradigms.R,43;65,101,True,False,ang.N.orth.mgn,829,0,8,0,,7286,0.0072,0.0878,0.0,0.0673,,NOM;SG,817,810,out_of_scope,extinct/historical language (synchronic study)
mgn_data:ang-v,mgn_data,mgn_data/data/ang-v.csv,sha256:2ecc033bd5404069,Old English (ca. 450-1100),ang,ang,ang,olde1238,V,orth,consistent,unimorph,ang,,clean-paradigms.R,43;66,101,True,False,ang.V.orth.mgn,753,0,15,0,,13447,0.0021,0.1892,0.0562,0.035,multiword forms 5.6%,NFIN,752,752,out_of_scope,extinct/historical language (synchronic study)
mgn_data:ast-v,mgn_data,mgn_data/data/ast-v.csv,sha256:31dee61726e81cec,Asturian,ast,ast,ast,astu1245,V,orth,consistent,unimorph,ast,,clean-paradigms.R,83;102;1502;1529,101,False,False,ast.V.orth.mgn,384,0,66,0,,25344,0.0323,0.0,0.0,0.0,"written by 2 blocks in clean-paradigms.R; the last block (lines [1502, 1529]) determines the file",NFIN,374,374,insufficient,374 eligible groups < 600
mgn_data:aze-n,mgn_data,mgn_data/data/aze-n.csv,sha256:65f58974f2cfae0f,North Azerbaijani,aze,azj,azj,nort2697,N,ipa_epitran,consistent,unimorph,aze,aze-Latn,clean-paradigms.R,106;123,101,False,True,azj.N.ipa_epitran.mgn,334,0,22,0,,8664,0.4573,0.33,0.009,0.9903,,NOM;SG,334,334,insufficient,334 eligible groups < 600
mgn_data:bak-n,mgn_data,mgn_data/data/bak-n.csv,sha256:d03cad16bb1c2d66,Bashkir,bak,bak,bak,bash1264,N,orth,consistent,unimorph,bak,,clean-paradigms.R,127;143,101,False,True,bak.N.orth.mgn,1082,0,11,0,,12984,0.1064,0.0,0.0155,0.0,multiword forms 1.6%,NOM;SG,871,869,limited,869 eligible groups < inventory_size 1200; task cells by fallback: source NOM;SG reconstructed from lexeme label (column absent; MGN drops columns identical to `lexeme`; unverified)
mgn_data:bel-adj,mgn_data,mgn_data/data/bel-adj.csv,sha256:e25291514fb6ee35,Belarusian,bel,bel,bel,bela1254,ADJ,orth,consistent,unimorph,bel,,clean-paradigms.R,147;171,101,False,True,bel.ADJ.orth.mgn,210,0,12,0,,2730,0.0,0.0833,0.0,0.0,,,0,0,not_assessed,adjectives not part of the declared task
mgn_data:bel-n,mgn_data,mgn_data/data/bel-n.csv,sha256:32e8f51511c14e8f,Belarusian,bel,bel,bel,bela1254,N,orth,consistent,unimorph,bel,,clean-paradigms.R,147;172,101,False,True,bel.N.orth.mgn,508,0,12,0,,6186,0.0838,0.0156,0.0085,0.0,,NOM;SG,422,422,insufficient,422 eligible groups < 600
mgn_data:bel-v,mgn_data,mgn_data/data/bel-v.csv,sha256:9f5c0b8381b4da90,Belarusian,bel,bel,bel,bela1254,V,orth,consistent,unimorph,bel,,clean-paradigms.R,147;173,101,False,True,bel.V.orth.mgn,310,0,18,0,,5909,0.1516,0.004,0.2146,0.0,multiword forms 21.5%,NFIN,169,169,insufficient,169 eligible groups < 600
mgn_data:bod-v,mgn_data,mgn_data/data/bod-v.csv,sha256:83098de5c5717c01,Tibetan,bod,bod,bod,tibe1272,V,orth,consistent,unimorph,bod,,clean-paradigms.R,186;201,101,False,False,bod.V.orth.mgn,1335,0,3,0,,5408,0.1483,0.0196,0.0,0.0,,NFIN,741,741,limited,741 eligible groups < inventory_size 1200; task cells by fallback: PRS.1SG; PRS.3SG; PRS.3PL; source NFIN reconstructed from lexeme label (column absent; MGN drops columns identical to `lexeme`; unverified)
mgn_data:bul-adj,mgn_data,mgn_data/data/bul-adj.csv,sha256:911513317728b4bf,Bulgarian,bul,bul,bul,bulg1262,ADJ,orth,consistent,unimorph,bul,,clean-paradigms.R,223;248,101,False,True,bul.ADJ.orth.mgn,435,0,26,0,,11310,0.0,0.0,0.0,0.0,,,0,0,not_assessed,adjectives not part of the declared task
mgn_data:bul-n,mgn_data,mgn_data/data/bul-n.csv,sha256:91fb3290ef86593b,Bulgarian,bul,bul,bul,bulg1262,N,orth,consistent,unimorph,bul,,clean-paradigms.R,223;249,101,False,True,bul.N.orth.mgn,1334,0,8,0,,12006,0.3074,0.0,0.0173,0.0,multiword forms 1.7%,NOM;SG,0,0,insufficient,0 eligible groups < 600
mgn_data:bul-v,mgn_data,mgn_data/data/bul-v.csv,sha256:f710bb6146381ea5,Bulgarian,bul,bul,bul,bulg1262,V,orth,consistent,unimorph,bul,,clean-paradigms.R,223;250,101,False,True,bul.V.orth.mgn,699,0,17,0,,12582,0.0002,0.0,0.0415,0.0,multiword forms 4.2%,NFIN,698,698,limited,698 eligible groups < inventory_size 1200; task cells by fallback: PRS.1SG; PST.3SG; COND.3SG; source NFIN reconstructed from lexeme label (column absent; MGN drops columns identical to `lexeme`; unverified)
mgn_data:cat-v,mgn_data,mgn_data/data/cat-v.csv,sha256:c2c80c5244ee137b,Catalan,cat,cat,cat,stan1289,V,ipa_epitran,consistent,unimorph,cat,cat-Latn,clean-paradigms.R,254;268,101,False,True,cat.V.ipa_epitran.mgn,1547,0,48,0,,74256,0.0007,0.0,0.0017,0.959,,NFIN,1544,1505,suitable_with_caveats,"automatic epitran G2P (orthography-driven, unverified)"
mgn_data:ces-adj,mgn_data,mgn_data/data/ces-adj.csv,sha256:86cde6a798d5e032,Czech,ces,ces,ces,czec1258,ADJ,orth,consistent,unimorph,ces,,clean-paradigms.R,272;297,101,False,True,ces.ADJ.orth.mgn,1458,0,29,0,,42282,0.2069,0.0,0.0,0.0,,,0,0,not_assessed,adjectives not part of the declared task
mgn_data:ces-n,mgn_data,mgn_data/data/ces-n.csv,sha256:f6a7cdf69428554f,Czech,ces,ces,ces,czec1258,N,orth,consistent,unimorph,ces,,clean-paradigms.R,272;298,101,False,True,ces.N.orth.mgn,3145,0,14,0,,44030,0.0084,0.0,0.0037,0.0,,NOM;SG,3093,3092,suitable,
mgn_data:ces-v,mgn_data,mgn_data/data/ces-v.csv,sha256:514767778c91108e,Czech,ces,ces,ces,czec1258,V,orth,consistent,unimorph,ces,,clean-paradigms.R,272;299,101,False,True,ces.V.orth.mgn,500,0,83,0,,41500,0.2157,0.0,0.7329,0.0,multiword forms 73.3%,NFIN,359,355,insufficient,355 eligible groups < 600
mgn_data:chu-n,mgn_data,mgn_data/data/chu-n.csv,sha256:4992e972e10b00ca,Church Slavic,chu,chu,chu,chur1257,N,orth,consistent,unimorph,chu,,clean-paradigms.R,303;317,101,True,False,chu.N.orth.mgn,152,0,21,0,,4157,0.0097,0.3031,0.0,0.0,,NOM;SG,151,131,out_of_scope,extinct/historical language (synchronic study)
mgn_data:ckb-n,mgn_data,mgn_data/data/ckb-n.csv,sha256:c5275fcff0585264,Central Kurdish,ckb,ckb,ckb,cent1972,N,orth,consistent,unimorph,ckb,,clean-paradigms.R,321;342,101,False,True,ckb.N.orth.mgn,142,0,7,0,,1138,0.0855,0.0022,0.0154,0.0,multiword forms 1.5%; 7 forms contain '_' (clashes with word separator),NOM;SG,95,95,insufficient,95 eligible groups < 600
mgn_data:ckb-v,mgn_data,mgn_data/data/ckb-v.csv,sha256:81bae6a4d553ec9c,Central Kurdish,ckb,ckb,ckb,cent1972,V,orth,consistent,unimorph,ckb,,clean-paradigms.R,321;343,101,False,True,ckb.V.orth.mgn,112,0,85,0,,13008,0.0599,0.3482,0.0,0.073,,NFIN,112,112,insufficient,112 eligible groups < 600
mgn_data:crh-n,mgn_data,mgn_data/data/crh-n.csv,sha256:4e7e5d5b94d6337f,Crimean Tatar,crh,crh,crh,crim1257,N,orth,consistent,unimorph,crh,,clean-paradigms.R,350;375,101,False,True,crh.N.orth.mgn,1146,0,5,0,,6876,0.0,0.0,0.0148,0.0587,multiword forms 1.5%,NOM;SG,1146,1146,limited,1146 eligible groups < inventory_size 1200; task cells by fallback: source NOM;SG reconstructed from lexeme label (column absent; MGN drops columns identical to `lexeme`; unverified)
mgn_data:cym-v,mgn_data,mgn_data/data/cym-v.csv,sha256:e3278b2c27868345,Welsh,cym,cym,cym,wels1247,V,orth,consistent,unimorph,cym,,clean-paradigms.R,394;408,101,False,True,cym.V.orth.mgn,183,0,63,0,,11712,0.077,0.0,0.2892,0.0,multiword forms 28.9%,NFIN,171,171,insufficient,171 eligible groups < 600
mgn_data:dan-n,mgn_data,mgn_data/data/dan-n.csv,sha256:1074362efbb3a9cc,Danish,dan,dan,dan,dani1285,N,orth,consistent,unimorph,dan,,clean-paradigms.R,412;432,101,False,True,dan.N.orth.mgn,3031,0,6,0,,24234,0.0015,0.3331,0.001,0.2017,,INDF;NOM;SG,3022,3019,suitable_with_caveats,variant rate 33.3%
mgn_data:dan-v,mgn_data,mgn_data/data/dan-v.csv,sha256:565594a76b334a5d,Danish,dan,dan,dan,dani1285,V,orth,consistent,unimorph,dan,,clean-paradigms.R,412;433,101,False,True,dan.V.orth.mgn,162,0,5,0,,972,0.0,0.0,0.0,0.1173,,NFIN,162,162,insufficient,162 eligible groups < 600
mgn_data:deu-n,mgn_data,mgn_data/data/deu-n.csv,sha256:67d10bf1f91e7b4d,German,deu,deu,deu,stan1295,N,ipa_epitran,consistent,unimorph,deu,deu-Latn,clean-paradigms.R,437;457,101,False,True,deu.N.ipa_epitran.mgn,12090,0,6,0,,72540,0.0234,0.0,0.0001,0.8943,,NOM;SG,11241,11095,suitable_with_caveats,"automatic epitran G2P (orthography-driven, unverified)"
mgn_data:deu-v,mgn_data,mgn_data/data/deu-v.csv,sha256:6cd3e7fb3c471bba,German,deu,deu,deu,stan1295,V,ipa_epitran,consistent,unimorph,deu,deu-Latn,clean-paradigms.R,437;458,101,False,True,deu.V.ipa_epitran.mgn,2970,0,21,0,,62370,0.0019,0.0,0.0967,0.8723,multiword forms 9.7%,NFIN,2913,2878,suitable_with_caveats,"automatic epitran G2P (orthography-driven, unverified); multiword panel forms 10.2%; task cells by fallback: PRS.3PL; PST.3PL; COND.3SG"
mgn_data:dsb-adj,mgn_data,mgn_data/data/dsb-adj.csv,sha256:c4a447a33865fdef,Lower Sorbian,dsb,dsb,dsb,lowe1385,ADJ,orth,consistent,unimorph,dsb,,clean-paradigms.R,462;487,101,False,True,dsb.ADJ.orth.mgn,147,0,14,0,,2058,0.0,0.0,0.0,0.0,,,0,0,not_assessed,adjectives not part of the declared task
mgn_data:dsb-n,mgn_data,mgn_data/data/dsb-n.csv,sha256:f516a7996b281188,Lower Sorbian,dsb,dsb,dsb,lowe1385,N,orth,consistent,unimorph,dsb,,clean-paradigms.R,462;488,101,False,True,dsb.N.orth.mgn,709,0,18,0,,12762,0.0306,0.0,0.0048,0.0,,NOM;SG,676,676,limited,676 eligible groups < inventory_size 1200
mgn_data:dsb-v,mgn_data,mgn_data/data/dsb-v.csv,sha256:110f2ad23812eecf,Lower Sorbian,dsb,dsb,dsb,lowe1385,V,orth,consistent,unimorph,dsb,,clean-paradigms.R,462;489,101,False,True,dsb.V.orth.mgn,138,0,18,0,,2622,0.0,0.0,0.0,0.0,,NFIN,138,138,insufficient,138 eligible groups < 600
mgn_data:ell-adj,mgn_data,mgn_data/data/ell-adj.csv,sha256:8dee1a6426f3db41,Modern Greek (1453-),ell,ell,ell,mode1248,ADJ,orth,consistent,unimorph,ell,,clean-paradigms.R,493;518,101,False,True,ell.ADJ.orth.mgn,2492,0,46,0,,114632,0.4477,0.0,0.0041,0.268,,,0,0,not_assessed,adjectives not part of the declared task
mgn_data:ell-n,mgn_data,mgn_data/data/ell-n.csv,sha256:6165f102fefc6a69,Modern Greek (1453-),ell,ell,ell,mode1248,N,orth,consistent,unimorph,ell,,clean-paradigms.R,493;519,101,False,True,ell.N.orth.mgn,8373,0,8,0,,66984,0.0637,0.0,0.0155,0.2443,multiword forms 1.6%,NOM;SG,7303,7274,suitable,
mgn_data:ell-v,mgn_data,mgn_data/data/ell-v.csv,sha256:cf098189edd859e3,Modern Greek (1453-),ell,ell,ell,mode1248,V,orth,consistent,unimorph,ell,,clean-paradigms.R,493;520,101,False,True,ell.V.orth.mgn,1106,0,76,0,,85572,0.215,0.023,0.7273,0.6403,multiword forms 72.7%,NFIN,767,669,limited,669 eligible groups < inventory_size 1200; multiword panel forms 48.6%; task cells by fallback: COND.3SG
mgn_data:est-n,mgn_data,mgn_data/data/est-n.csv,sha256:68489ef5d4657e7b,Standard Estonian,est,ekk,ekk,esto1258,N,orth,consistent,unimorph,est,,clean-paradigms.R,524;543,101,False,True,ekk.N.orth.mgn,675,0,28,0,,18900,0.0,0.0,0.0,0.0,,NOM;SG,675,675,limited,675 eligible groups < inventory_size 1200
mgn_data:est-v,mgn_data,mgn_data/data/est-v.csv,sha256:109aedc450983d5f,Standard Estonian,est,ekk,ekk,esto1258,V,orth,consistent,unimorph,est,,clean-paradigms.R,524;544,101,False,True,ekk.V.orth.mgn,211,0,66,0,,15614,0.0,0.1061,0.6438,0.0,multiword forms 64.4%,NFIN,211,211,insufficient,211 eligible groups < 600
mgn_data:fao-adj,mgn_data,mgn_data/data/fao-adj.csv,sha256:1d7c93a7ff040121,Faroese,fao,fao,fao,faro1244,ADJ,orth,consistent,unimorph,fao,,clean-paradigms.R,563;588,101,False,True,fao.ADJ.orth.mgn,346,0,13,0,,4498,0.0,0.0,0.0,0.251,,,0,0,not_assessed,adjectives not part of the declared task
mgn_data:fao-n,mgn_data,mgn_data/data/fao-n.csv,sha256:e46788fa9b75e12a,Faroese,fao,fao,fao,faro1244,N,orth,consistent,unimorph,fao,,clean-paradigms.R,563;589,101,False,True,fao.N.orth.mgn,2135,0,16,0,,34160,0.0816,0.0,0.0,0.3123,,INDF;NOM;SG,1786,1771,suitable,
mgn_data:fao-v,mgn_data,mgn_data/data/fao-v.csv,sha256:e52999f182328669,Faroese,fao,fao,fao,faro1244,V,orth,consistent,unimorph,fao,,clean-paradigms.R,563;590,101,False,True,fao.V.orth.mgn,596,0,10,0,,5960,0.0081,0.0,0.0,0.3487,,NFIN,572,503,insufficient,503 eligible groups < 600
mgn_data:fas-v,mgn_data,mgn_data/data/fas-v.csv,sha256:fe469bda23859fa1,Iranian Persian,fas,pes,pes,west2369,V,ipa_epitran,consistent,unimorph,fas,fas-Arab,clean-paradigms.R,594;609,101,False,True,pes.V.ipa_epitran.mgn,273,0,132,0,,36036,0.0,0.0,0.8504,0.806,multiword forms 85.0%,NFIN,273,272,insufficient,272 eligible groups < 600
mgn_data:fin-adj,mgn_data,mgn_data/data/fin-adj.csv,sha256:f2f05950bf71b119,Finnish,fin,fin,fin,finn1318,ADJ,orth,consistent,unimorph,fin,,clean-paradigms.R,613;638,101,False,True,fin.ADJ.orth.mgn,7400,0,26,0,,192400,0.0006,0.0,0.0035,0.0,,,0,0,not_assessed,adjectives not part of the declared task
mgn_data:fin-n,mgn_data,mgn_data/data/fin-n.csv,sha256:255bf1dea6298dda,Finnish,fin,fin,fin,finn1318,N,orth,consistent,unimorph,fin,,clean-paradigms.R,613;639,101,False,True,fin.N.orth.mgn,43187,0,26,0,,1122862,0.0124,0.0,0.0067,0.0,,ACC;SG,42765,42752,suitable_with_caveats,task cells by fallback: NOM;SG absent; used ACC;SG
mgn_data:fin-v,mgn_data,mgn_data/data/fin-v.csv,sha256:0842c6ec0879e596,Finnish,fin,fin,fin,finn1318,V,orth,consistent,unimorph,fin,,clean-paradigms.R,613;640,101,False,True,fin.V.orth.mgn,7724,0,137,0,,1058188,0.0,0.0,0.748,0.0,multiword forms 74.8%,NFIN,7724,7704,suitable,
mgn_data:frm-v,mgn_data,mgn_data/data/frm-v.csv,sha256:dfcd1dd07ef48ed7,Middle French (ca. 1400-1600),frm,frm,frm,,V,orth,consistent,unimorph,frm,,clean-paradigms.R,644;658,101,True,False,frm.V.orth.mgn,603,0,58,0,,35577,0.0167,0.0,0.0031,0.0103,,NFIN,586,586,out_of_scope,extinct/historical language (synchronic study)
mgn_data:fro-v,mgn_data,mgn_data/data/fro-v.csv,sha256:c5781cbec98af327,Old French (842-ca. 1400),fro,fro,fro,oldf1239,V,orth,consistent,unimorph,fro,,clean-paradigms.R,662;676,101,True,False,fro.V.orth.mgn,1628,0,88,0,,143264,0.2205,0.0,0.001,0.0197,,NFIN,1403,1403,out_of_scope,extinct/historical language (synchronic study)
mgn_data:fur-v,mgn_data,mgn_data/data/fur-v.csv,sha256:27563b886b8b97d4,Friulian,fur,fur,fur,friu1240,V,orth,consistent,unimorph,fur,,clean-paradigms.R,713;727,101,False,True,fur.V.orth.mgn,168,0,36,0,,6048,0.001,0.0,0.0,0.0517,,NFIN,165,165,insufficient,165 eligible groups < 600
mgn_data:gal-v,mgn_data,mgn_data/data/gal-v.csv,sha256:74808541a1f8fc95,Galician,gal,glg,glg,gali1258,V,orth,consistent,unimorph,gal,,clean-paradigms.R,731;745,101,False,True,glg.V.orth.mgn,486,0,63,0,,30618,0.0044,0.0,0.0,0.0,,NFIN,475,475,insufficient,475 eligible groups < 600
mgn_data:gle-adj,mgn_data,mgn_data/data/gle-adj.csv,sha256:d96356db40cfaab3,Irish,gle,gle,gle,iris1253,ADJ,orth,consistent,unimorph,gle,,clean-paradigms.R,760;784,101,False,True,gle.ADJ.orth.mgn,153,0,10,0,,1530,0.0209,0.0,0.1969,0.0,multiword forms 19.7%,,0,0,not_assessed,adjectives not part of the declared task
mgn_data:gle-n,mgn_data,mgn_data/data/gle-n.csv,sha256:30f85444135720b0,Irish,gle,gle,gle,iris1253,N,orth,consistent,unimorph,gle,,clean-paradigms.R,760;785,101,False,True,gle.N.orth.mgn,6919,0,13,0,,94550,0.1545,0.0605,0.5829,0.0,multiword forms 58.3%,NOM;SG,4579,4540,suitable_with_caveats,multiword panel forms 67.5%; variant rate 6.0%
mgn_data:gle-v,mgn_data,mgn_data/data/gle-v.csv,sha256:eec09880e272d19e,Irish,gle,gle,gle,iris1253,V,orth,consistent,unimorph,gle,,clean-paradigms.R,760;786,101,False,True,gle.V.orth.mgn,392,0,61,0,,24304,0.0001,0.0,0.6228,0.0,multiword forms 62.3%,NFIN,392,392,insufficient,392 eligible groups < 600
mgn_data:grc-adj,mgn_data,mgn_data/data/grc-adj.csv,sha256:ee9547a4b0853549,Ancient Greek (to 1453),grc,grc,grc,anci1242,ADJ,orth,consistent,unimorph,grc,,clean-paradigms.R,846;866,101,True,False,grc.ADJ.orth.mgn,207,0,29,0,,6003,0.2449,0.0,0.0,0.2127,,,0,0,out_of_scope,extinct/historical language (synchronic study)
mgn_data:grc-n,mgn_data,mgn_data/data/grc-n.csv,sha256:1aa5745d13a3ebb6,Ancient Greek (to 1453),grc,grc,grc,anci1242,N,orth,consistent,unimorph,grc,,clean-paradigms.R,846;867,101,True,False,grc.N.orth.mgn,2224,0,15,0,,33360,0.001,0.0,0.6578,0.2443,multiword forms 65.8%,NOM;SG,2220,2215,out_of_scope,extinct/historical language (synchronic study)
mgn_data:hbs-adj,mgn_data,mgn_data/data/hbs-adj.csv,sha256:53a76ae9da11b7a1,Serbo-Croatian,hbs,hbs,hbs,sout1528,ADJ,orth,consistent,unimorph,hbs,,clean-paradigms.R,880;904,101,False,True,hbs.ADJ.orth.mgn,8523,0,78,0,,664794,0.7617,0.0,0.0,0.0,,,0,0,not_assessed,adjectives not part of the declared task
mgn_data:hbs-n,mgn_data,mgn_data/data/hbs-n.csv,sha256:66f35f2b59b0ab9a,Serbo-Croatian,hbs,hbs,hbs,sout1528,N,orth,consistent,unimorph,hbs,,clean-paradigms.R,880;905,101,False,True,hbs.N.orth.mgn,11548,0,14,0,,161672,0.067,0.0,0.002,0.0,,NOM;SG,10006,9964,suitable,
mgn_data:hbs-v,mgn_data,mgn_data/data/hbs-v.csv,sha256:fc633435f8b5f2c3,Serbo-Croatian,hbs,hbs,hbs,sout1528,V,orth,consistent,unimorph,hbs,,clean-paradigms.R,880;906,101,False,True,hbs.V.orth.mgn,4348,0,54,0,,239140,0.1133,0.0,0.6836,0.0,multiword forms 68.4%,NFIN,4329,4329,suitable_with_caveats,multiword panel forms 50.5%; task cells by fallback: source NFIN reconstructed from lexeme label (column absent; MGN drops columns identical to `lexeme`; unverified)
mgn_data:heb-n,mgn_data,mgn_data/data/heb-n.csv,sha256:c558d56c04849fcf,Hebrew,heb,heb,heb,hebr1245,N,orth,consistent,unimorph,heb,,clean-paradigms.R,910;930,101,False,True,heb.N.orth.mgn,144,0,25,0,,3600,0.0,0.0,0.0,0.0,,NDEF;SG,144,144,insufficient,144 eligible groups < 600
mgn_data:heb-v,mgn_data,mgn_data/data/heb-v.csv,sha256:70ccf7b4db57d0d2,Hebrew,heb,heb,heb,hebr1245,V,orth,consistent,unimorph,heb,,clean-paradigms.R,910;931,101,False,True,heb.V.orth.mgn,366,0,26,0,,9516,0.0183,0.0,0.0,0.0,,NFIN,331,326,insufficient,326 eligible groups < 600
mgn_data:hin-v,mgn_data,mgn_data/data/hin-v.csv,sha256:b620d90ad2b40a47,Hindi,hin,hin,hin,hind1269,V,ipa_epitran,consistent,unimorph,hin,hin-Deva,clean-paradigms.R,935;951,101,False,True,hin.V.ipa_epitran.mgn,258,0,104,0,,26832,0.0,0.0,0.9291,0.9957,multiword forms 92.9%,,0,0,insufficient,no NFIN cell
mgn_data:hye-adj,mgn_data,mgn_data/data/hye-adj.csv,sha256:84baa6ae2065021e,Armenian,hye,hye,hye,nucl1235,ADJ,orth,consistent,unimorph,hye,,clean-paradigms.R,955;979,101,False,True,hye.ADJ.orth.mgn,1614,0,34,0,,54876,0.0459,0.0,0.0006,0.0,,,0,0,not_assessed,adjectives not part of the declared task
mgn_data:hye-n,mgn_data,mgn_data/data/hye-n.csv,sha256:18e8a686e1aef3df,Armenian,hye,hye,hye,nucl1235,N,orth,consistent,unimorph,hye,,clean-paradigms.R,955;980,101,False,True,hye.N.orth.mgn,4919,0,33,0,,167246,0.1065,0.0,0.0083,0.0,,NOM;SG,4917,4916,suitable_with_caveats,task cells by fallback: source NOM;SG reconstructed from lexeme label (column absent; MGN drops columns identical to `lexeme`; unverified)
mgn_data:hye-v,mgn_data,mgn_data/data/hye-v.csv,sha256:5635ea9007abac38,Armenian,hye,hye,hye,nucl1235,V,orth,consistent,unimorph,hye,,clean-paradigms.R,955;981,101,False,True,hye.V.orth.mgn,903,0,149,0,,135450,0.0083,0.0,0.582,0.0,multiword forms 58.2%,NFIN,903,903,limited,903 eligible groups < inventory_size 1200; multiword panel forms 37.5%; task cells by fallback: source NFIN reconstructed from lexeme label (column absent; MGN drops columns identical to `lexeme`; unverified)
mgn_data:isl-n,mgn_data,mgn_data/data/isl-n.csv,sha256:c09307cbab65ca1d,Icelandic,isl,isl,isl,icel1247,N,orth,consistent,unimorph,isl,,clean-paradigms.R,985;1004,101,False,True,isl.N.orth.mgn,4170,0,16,0,,66720,0.1097,0.0,0.0,0.258,,INDF;NOM;SG,3255,3221,suitable,
mgn_data:isl-v,mgn_data,mgn_data/data/isl-v.csv,sha256:25ae59875886026e,Icelandic,isl,isl,isl,icel1247,V,orth,consistent,unimorph,isl,,clean-paradigms.R,985;1005,101,False,True,isl.V.orth.mgn,605,0,22,0,,14994,0.0379,0.0843,0.0,0.5217,,NFIN,479,479,insufficient,479 eligible groups < 600
mgn_data:ita-v,mgn_data,mgn_data/data/ita-v.csv,sha256:7ba5066622160d4d,Italian,ita,ita,ita,ital1282,V,orth,consistent,unimorph,ita,,clean-paradigms.R,1009;1023,101,False,True,ita.V.orth.mgn,10009,0,48,0,,480432,0.0018,0.0,0.2027,0.0,multiword forms 20.3%,NFIN,9983,9975,suitable_with_caveats,multiword panel forms 19.4%
mgn_data:kan-n,mgn_data,mgn_data/data/kan-n.csv,sha256:76409bdccf14eade,Kannada,kan,kan,kan,nucl1305,N,orth,consistent,unimorph,kan,,clean-paradigms.R,1058;1076,101,False,True,kan.N.orth.mgn,124,0,10,0,,1255,0.0,0.0121,0.0,0.0,,NOM;SG,124,124,insufficient,124 eligible groups < 600
mgn_data:kat-n,mgn_data,mgn_data/data/kat-n.csv,sha256:9fd3497ccb41155f,Georgian,kat,kat,kat,nucl1302,N,orth,consistent,unimorph,kat,,clean-paradigms.R,1080;1100,101,False,True,kat.N.orth.mgn,3644,0,17,0,,61948,0.0,0.0,0.0011,0.0,,NOM;SG,3644,3644,suitable,
mgn_data:kbd-n,mgn_data,mgn_data/data/kbd-n.csv,sha256:84199cd0c8e36343,Kabardian,kbd,kbd,kbd,kaba1278,N,orth,consistent,unimorph,kbd,,clean-paradigms.R,1120;1134,101,False,True,kbd.N.orth.mgn,244,0,12,0,,2928,0.0089,0.0,0.0041,0.0,,NOM;SG,244,244,insufficient,244 eligible groups < 600
mgn_data:klr-v,mgn_data,mgn_data/data/klr-v.csv,sha256:d3939e3e433501ef,Khaling,klr,klr,klr,khal1275,V,orth,consistent,unimorph,klr,,clean-paradigms.R,1156;1170,101,False,True,klr.V.orth.mgn,587,0,196,0,,116275,0.3633,0.0087,0.0,0.9317,,NFIN,46,46,insufficient,46 eligible groups < 600
mgn_data:kmr-n,mgn_data,mgn_data/data/kmr-n.csv,sha256:3fd8a29d0cb29b53,Northern Kurdish,kmr,kmr,kmr,nort2641,N,ipa_epitran,consistent,unimorph,kmr,kmr-Latn,clean-paradigms.R,1174;1196,101,False,True,kmr.N.ipa_epitran.mgn,14786,0,17,0,,257286,0.3031,0.0337,0.0692,0.999,multiword forms 6.9%,INDF;NOM;SG,14684,14680,suitable_with_caveats,"automatic epitran G2P (orthography-driven, unverified); multiword panel forms 6.6%"
mgn_data:kmr-v,mgn_data,mgn_data/data/kmr-v.csv,sha256:95d73e0e82d9736e,Northern Kurdish,kmr,kmr,kmr,nort2641,V,ipa_epitran,consistent,unimorph,kmr,kmr-Latn,clean-paradigms.R,1174;1197,101,False,True,kmr.V.ipa_epitran.mgn,318,0,53,0,,25178,0.0865,0.4701,0.0202,1.0,multiword forms 2.0%,,0,0,insufficient,no NFIN cell
mgn_data:lit-adj,mgn_data,mgn_data/data/lit-adj.csv,sha256:e6f6a34d732885c4,Lithuanian,lit,lit,lit,lith1251,ADJ,orth,consistent,unimorph,lit,,clean-paradigms.R,1216;1241,101,False,True,lit.ADJ.orth.mgn,158,0,25,0,,3950,0.0,0.0,0.0,0.0,,,0,0,not_assessed,adjectives not part of the declared task
mgn_data:lit-n,mgn_data,mgn_data/data/lit-n.csv,sha256:b18c7143c3d5f56f,Lithuanian,lit,lit,lit,lith1251,N,orth,consistent,unimorph,lit,,clean-paradigms.R,1216;1242,101,False,True,lit.N.orth.mgn,1067,0,14,0,,14938,0.0456,0.0,0.0609,0.0,multiword forms 6.1%,NOM;SG,969,968,limited,968 eligible groups < inventory_size 1200; multiword panel forms 6.2%
mgn_data:lit-v,mgn_data,mgn_data/data/lit-v.csv,sha256:7ce6e6bfe1303220,Lithuanian,lit,lit,lit,lith1251,V,orth,consistent,unimorph,lit,,clean-paradigms.R,1216;1243,101,False,True,lit.V.orth.mgn,233,0,43,0,,10252,0.0,0.0,0.0,0.0,,NFIN,233,233,insufficient,233 eligible groups < 600
mgn_data:liv-n,mgn_data,mgn_data/data/liv-n.csv,sha256:99ec50d5f74e7b27,Liv,liv,liv,liv,livv1244,N,orth,consistent,unimorph,liv,,clean-paradigms.R,1247;1268,101,True,False,liv.N.orth.mgn,143,0,15,0,,2145,0.0592,0.0,0.0149,0.0,multiword forms 1.5%,NOM;SG,125,125,out_of_scope,extinct/historical language (synchronic study)
mgn_data:lld-v,mgn_data,mgn_data/data/lld-v.csv,sha256:d4908f7e7e3815eb,Ladin,lld,lld,lld,ladi1250,V,orth,consistent,unimorph,lld,,clean-paradigms.R,1272;1286,101,False,True,lld.V.orth.mgn,180,0,37,0,,6840,0.1086,0.0,0.0,0.0,,NFIN,114,114,insufficient,114 eligible groups < 600
mgn_data:mkd-adj,mgn_data,mgn_data/data/mkd-adj.csv,sha256:a443bedd1e3b6758,Macedonian,mkd,mkd,mkd,mace1250,ADJ,orth,consistent,unimorph,mkd,,clean-paradigms.R,1290;1315,101,False,True,mkd.ADJ.orth.mgn,1698,0,15,0,,25470,0.0,0.0,0.0012,0.0,,,0,0,not_assessed,adjectives not part of the declared task
mgn_data:mkd-n,mgn_data,mgn_data/data/mkd-n.csv,sha256:4c7118cabbb2a647,Macedonian,mkd,mkd,mkd,mace1250,N,orth,consistent,unimorph,mkd,,clean-paradigms.R,1290;1316,101,False,True,mkd.N.orth.mgn,5084,0,11,0,,55924,0.1212,0.0,0.0019,0.0,,INDF;SG,4443,4442,suitable_with_caveats,task cells by fallback: NOM;SG absent; used INDF;SG
mgn_data:mkd-v,mgn_data,mgn_data/data/mkd-v.csv,sha256:569e570d97dc6f9c,Macedonian,mkd,mkd,mkd,mace1250,V,orth,consistent,unimorph,mkd,,clean-paradigms.R,1290;1317,101,False,True,mkd.V.orth.mgn,3442,0,20,0,,72282,0.1305,0.0,0.1443,0.0,multiword forms 14.4%,NFIN,1961,1961,suitable_with_caveats,multiword panel forms 14.5%; task cells by fallback: COND.3SG; source NFIN reconstructed from lexeme label (column absent; MGN drops columns identical to `lexeme`; unverified)
mgn_data:mlt-v,mgn_data,mgn_data/data/mlt-v.csv,sha256:c4f2345079c97d8b,Maltese,mlt,mlt,mlt,malt1254,V,orth,consistent,unimorph,mlt,,clean-paradigms.R,1321;1335,101,False,False,mlt.V.orth.mgn,108,0,15,0,,1730,0.0,0.0012,0.0055,0.2552,,NFIN,108,108,insufficient,108 eligible groups < 600
mgn_data:nld-adj,mgn_data,mgn_data/data/nld-adj.csv,sha256:b22bc8cbd96e413b,Dutch,nld,nld,nld,dutc1256,ADJ,ipa_epitran,consistent,unimorph,nld,nld-Latn,clean-paradigms.R,1368;1390,101,False,True,nld.ADJ.ipa_epitran.mgn,2844,0,7,0,,19908,0.1889,0.0,0.0004,0.9993,,,0,0,not_assessed,adjectives not part of the declared task
mgn_data:nld-v,mgn_data,mgn_data/data/nld-v.csv,sha256:3d9bab5d0704af60,Dutch,nld,nld,nld,dutc1256,V,ipa_epitran,consistent,unimorph,nld,nld-Latn,clean-paradigms.R,1368;1391,101,False,True,nld.V.ipa_epitran.mgn,2149,0,9,0,,19341,0.0,0.0,0.0,0.9973,,,0,0,insufficient,no NFIN cell
mgn_data:nob-adj,mgn_data,mgn_data/data/nob-adj.csv,sha256:4befd1c34724cb25,Norwegian,nob,nor,nor-bokmal,norw1258,ADJ,orth,consistent,unimorph,nob,,clean-paradigms.R,1395;1420,101,False,True,nor-bokmal.ADJ.orth.mgn,842,0,3,0,,2571,0.2953,0.0253,0.0011,0.1452,,,0,0,not_assessed,adjectives not part of the declared task
mgn_data:nob-n,mgn_data,mgn_data/data/nob-n.csv,sha256:9ebcddb7d556c13a,Norwegian,nob,nor,nor-bokmal,norw1258,N,orth,consistent,unimorph,nob,,clean-paradigms.R,1395;1421,101,False,True,nor-bokmal.N.orth.mgn,4190,0,3,0,,19061,0.0785,0.1929,0.0003,0.1217,,NOM;SG,3687,3685,suitable_with_caveats,task cells by fallback: source NOM;SG reconstructed from lexeme label (column absent; MGN drops columns identical to `lexeme`; unverified); variant rate 19.3%
mgn_data:nob-v,mgn_data,mgn_data/data/nob-v.csv,sha256:341118e2df39466f,Norwegian,nob,nor,nor-bokmal,norw1258,V,orth,consistent,unimorph,nob,,clean-paradigms.R,1395;1422,101,False,True,nor-bokmal.V.orth.mgn,608,0,5,0,,4097,0.1513,0.1395,0.0033,0.1117,,NFIN,242,242,insufficient,242 eligible groups < 600
mgn_data:oci-v,mgn_data,mgn_data/data/oci-v.csv,sha256:92f7976d658c0de4,Occitan (post 1500),oci,oci,oci,occi1239,V,orth,consistent,unimorph,oci,,clean-paradigms.R,1426;1439,101,False,True,oci.V.orth.mgn,174,0,46,0,,8004,0.005,0.0,0.0,0.0087,,NFIN,172,171,insufficient,171 eligible groups < 600
mgn_data:osx-adj,mgn_data,mgn_data/data/osx-adj.csv,sha256:c91294479cf3a9d5,Old Saxon,osx,osx,osx,olds1250,ADJ,orth,consistent,unimorph,osx,,clean-paradigms.R,1443;1468,101,True,False,osx.ADJ.orth.mgn,108,0,15,0,,1620,0.0,0.0,0.0,0.0,,,0,0,out_of_scope,extinct/historical language (synchronic study)
mgn_data:osx-n,mgn_data,mgn_data/data/osx-n.csv,sha256:36de39234227568e,Old Saxon,osx,osx,osx,olds1250,N,orth,consistent,unimorph,osx,,clean-paradigms.R,1443;1469,101,True,False,osx.N.orth.mgn,185,0,8,0,,1528,0.0081,0.0313,0.0,0.0,,NOM;SG,182,182,out_of_scope,extinct/historical language (synchronic study)
mgn_data:osx-v,mgn_data,mgn_data/data/osx-v.csv,sha256:cc6f7eaf8d5e9dcb,Old Saxon,osx,osx,osx,olds1250,V,orth,consistent,unimorph,osx,,clean-paradigms.R,1443;1470,101,True,False,osx.V.orth.mgn,570,0,17,0,,9782,0.0161,0.0092,0.0,0.0,,NFIN,555,554,out_of_scope,extinct/historical language (synchronic study)
mgn_data:pol-adj,mgn_data,mgn_data/data/pol-adj.csv,sha256:bfca9a00cb64ab18,Polish,pol,pol,pol,poli1260,ADJ,ipa_epitran,consistent,polimorf,PoliMorf-0.6.7,pol-Latn,clean-pol.R,,401,False,True,pol.ADJ.ipa_epitran.mgn,81353,0,14,0,,1139243,0.0,0.0003,0.0,0.9943,"built from PoliMorf 0.6.7, not UniMorph; script writes to ./data/",,0,0,not_assessed,adjectives not part of the declared task
mgn_data:pol-n,mgn_data,mgn_data/data/pol-n.csv,sha256:0f957a0131c12da6,Polish,pol,pol,pol,poli1260,N,ipa_epitran,consistent,polimorf,PoliMorf-0.6.7,pol-Latn,clean-pol.R,,101,False,True,pol.N.ipa_epitran.mgn,178197,0,14,0,,2530205,0.0133,0.014,0.0,0.963,"built from PoliMorf 0.6.7, not UniMorph; script writes to ./data/",NOM;SG,173465,169918,suitable_with_caveats,"automatic epitran G2P (orthography-driven, unverified)"
mgn_data:pus-n,mgn_data,mgn_data/data/pus-n.csv,sha256:25e66a7258f909d6,Southern Pashto,pus,pbt,pbt,sout2649,N,orth,consistent,unimorph,pus,,clean-paradigms.R,1474;1497,101,False,True,pbt.N.orth.mgn,270,0,6,0,,1620,0.0,0.0,0.0228,0.0,multiword forms 2.3%,NOM;SG,270,269,insufficient,269 eligible groups < 600
mgn_data:ron-adj,mgn_data,mgn_data/data/ron-adj.csv,sha256:00b90491da51b32a,Romanian,ron,ron,ron,roma1327,ADJ,ipa_epitran,consistent,unimorph,ron,ron-Latn,clean-paradigms.R,1533;1558,101,False,True,ron.ADJ.ipa_epitran.mgn,875,0,15,0,,13125,0.0378,0.0,0.0624,0.4603,multiword forms 6.2%,,0,0,not_assessed,adjectives not part of the declared task
mgn_data:ron-n,mgn_data,mgn_data/data/ron-n.csv,sha256:b9a9509d8b3cab18,Romanian,ron,ron,ron,roma1327,N,ipa_epitran,consistent,unimorph,ron,ron-Latn,clean-paradigms.R,1533;1559,101,False,True,ron.N.ipa_epitran.mgn,2314,0,6,0,,22188,0.0208,0.6108,0.3822,0.5483,multiword forms 38.2%,,0,0,insufficient,no base singular cell
mgn_data:ron-v,mgn_data,mgn_data/data/ron-v.csv,sha256:12bd3a61a2249f14,Romanian,ron,ron,ron,roma1327,V,ipa_epitran,consistent,unimorph,ron,ron-Latn,clean-paradigms.R,1533;1560,101,False,True,ron.V.ipa_epitran.mgn,1216,0,33,0,,40128,0.0,0.0,0.2493,0.7933,multiword forms 24.9%,NFIN,1216,1215,suitable_with_caveats,"automatic epitran G2P (orthography-driven, unverified); task cells by fallback: COND.3SG"
mgn_data:san-adj,mgn_data,mgn_data/data/san-adj.csv,sha256:6d9d5b1b6b817f32,Sanskrit,san,san,san,sans1269,ADJ,orth,consistent,unimorph,san,,clean-paradigms.R,1564;1584,101,True,False,san.ADJ.orth.mgn,180,0,51,0,,9232,0.0,0.0057,0.0,0.0,,,0,0,out_of_scope,extinct/historical language (synchronic study)
mgn_data:san-n,mgn_data,mgn_data/data/san-n.csv,sha256:1a7a767d5fba425d,Sanskrit,san,san,san,sans1269,N,orth,consistent,unimorph,san,,clean-paradigms.R,1564;1585,101,True,False,san.N.orth.mgn,737,0,23,0,,17768,0.0012,0.0476,0.0,0.0,,NOM;SG,736,734,out_of_scope,extinct/historical language (synchronic study)
mgn_data:slv-adj,mgn_data,mgn_data/data/slv-adj.csv,sha256:88c4f65571ac6273,Slovenian,slv,slv,slv,slov1268,ADJ,orth,consistent,unimorph,slv,,clean-paradigms.R,1604;1628,101,False,True,slv.ADJ.orth.mgn,520,0,15,0,,7800,0.105,0.0,0.0,0.0,,,0,0,not_assessed,adjectives not part of the declared task
mgn_data:slv-n,mgn_data,mgn_data/data/slv-n.csv,sha256:4a5d326479864f56,Slovenian,slv,slv,slv,slov1268,N,orth,consistent,unimorph,slv,,clean-paradigms.R,1604;1629,101,False,True,slv.N.orth.mgn,1911,0,18,0,,34398,0.1319,0.0,0.0,0.0,,NOM;SG,1533,1532,suitable,
mgn_data:slv-v,mgn_data,mgn_data/data/slv-v.csv,sha256:1604412418ae9402,Slovenian,slv,slv,slv,slov1268,V,orth,consistent,unimorph,slv,,clean-paradigms.R,1604;1630,101,False,True,slv.V.orth.mgn,104,0,19,0,,1976,0.0025,0.0,0.2638,0.0,multiword forms 26.4%,NFIN,103,103,insufficient,103 eligible groups < 600
mgn_data:sme-adj,mgn_data,mgn_data/data/sme-adj.csv,sha256:d0e2a9706b649e76,Northern Sami,sme,sme,sme,nort2671,ADJ,orth,consistent,unimorph,sme,,clean-paradigms.R,1634;1659,101,False,True,sme.ADJ.orth.mgn,309,0,10,0,,3090,0.0,0.0,0.0,0.0193,,,0,0,not_assessed,adjectives not part of the declared task
mgn_data:sme-n,mgn_data,mgn_data/data/sme-n.csv,sha256:6ae3fb0bc2855b48,Northern Sami,sme,sme,sme,nort2671,N,orth,consistent,unimorph,sme,,clean-paradigms.R,1634;1660,101,False,True,sme.N.orth.mgn,913,0,12,0,,10956,0.0041,0.0,0.0,0.0303,,NOM;SG,909,909,limited,909 eligible groups < inventory_size 1200
mgn_data:sme-v,mgn_data,mgn_data/data/sme-v.csv,sha256:b319f352491e2e46,Northern Sami,sme,sme,sme,nort2671,V,orth,consistent,unimorph,sme,,clean-paradigms.R,1634;1661,101,False,True,sme.V.orth.mgn,881,0,54,0,,48455,0.0155,0.0,0.0,0.03,,NFIN,881,881,limited,881 eligible groups < inventory_size 1200; task cells by fallback: source NFIN reconstructed from lexeme label (column absent; MGN drops columns identical to `lexeme`; unverified)
mgn_data:spa-v,mgn_data,mgn_data/data/spa-v.csv,sha256:3d186d40124081d8,Spanish,spa,spa,spa,stan1288,V,ipa_epitran,consistent,unimorph,spa,spa-Latn,clean-paradigms.R,1665;1680,101,False,True,spa.V.ipa_epitran.mgn,5460,0,65,0,,355578,0.0,0.0019,0.1176,0.7507,multiword forms 11.8%,NFIN,5460,5430,suitable_with_caveats,"automatic epitran G2P (orthography-driven, unverified)"
mgn_data:sqi-n,mgn_data,mgn_data/data/sqi-n.csv,sha256:013c32001badeaac,Tosk Albanian,sqi,als,als,tosk1239,N,orth,consistent,unimorph,sqi,,clean-paradigms.R,1684;1704,101,False,True,als.N.orth.mgn,366,0,11,0,,4026,0.0653,0.0,0.0058,0.033,,NDEF;NOM;SG,314,314,insufficient,314 eligible groups < 600
mgn_data:sqi-v,mgn_data,mgn_data/data/sqi-v.csv,sha256:23b1e45495695060,Tosk Albanian,sqi,als,als,tosk1239,V,orth,consistent,unimorph,sqi,,clean-paradigms.R,1684;1705,101,False,True,als.V.orth.mgn,223,0,119,0,,26537,0.0027,0.0,0.707,0.0567,multiword forms 70.7%,NFIN,220,220,insufficient,220 eligible groups < 600
mgn_data:swe-adj,mgn_data,mgn_data/data/swe-adj.csv,sha256:c1d5a6eeceab6ced,Swedish,swe,swe,swe,swed1254,ADJ,ipa_epitran,consistent,unimorph,swe,swe-Latn,clean-paradigms.R,1727;1751,101,False,True,swe.ADJ.ipa_epitran.mgn,1689,0,15,0,,25335,0.5809,0.0,0.0009,1.0,,,0,0,not_assessed,adjectives not part of the declared task
mgn_data:swe-n,mgn_data,mgn_data/data/swe-n.csv,sha256:e8921bb215f5cd26,Swedish,swe,swe,swe,swed1254,N,ipa_epitran,consistent,unimorph,swe,swe-Latn,clean-paradigms.R,1727;1752,101,False,True,swe.N.ipa_epitran.mgn,7044,0,8,0,,56352,0.122,0.0,0.0056,0.9997,,INDF;NOM;SG,5328,5325,suitable_with_caveats,"automatic epitran G2P (orthography-driven, unverified)"
mgn_data:swe-v,mgn_data,mgn_data/data/swe-v.csv,sha256:281925ca16633430,Swedish,swe,swe,swe,swed1254,V,ipa_epitran,consistent,unimorph,swe,swe-Latn,clean-paradigms.R,1727;1753,101,False,True,swe.V.ipa_epitran.mgn,1818,0,7,0,,12726,0.0844,0.0,0.0233,1.0,multiword forms 2.3%,,0,0,insufficient,no NFIN cell
mgn_data:syc-n,mgn_data,mgn_data/data/syc-n.csv,sha256:b07399cfd45f3a81,Classical Syriac,syc,syc,syc,clas1252,N,orth,consistent,unimorph,syc,,clean-paradigms.R,1757;1774,101,True,False,syc.N.orth.mgn,155,0,12,0,,2015,0.0,0.0,0.0,0.0,,NOM;SG,155,155,out_of_scope,extinct/historical language (synchronic study)
mgn_data:tat-n,mgn_data,mgn_data/data/tat-n.csv,sha256:5b21e6ebcae8f40e,Tatar,tat,tat,tat,tata1255,N,orth,consistent,unimorph,tat,,clean-paradigms.R,1778;1799,101,False,True,tat.N.orth.mgn,1197,0,5,0,,7182,0.0,0.0,0.0167,0.0643,multiword forms 1.7%,NOM;SG,1197,1197,limited,1197 eligible groups < inventory_size 1200; task cells by fallback: source NOM;SG reconstructed from lexeme label (column absent; MGN drops columns identical to `lexeme`; unverified)
mgn_data:tel-v,mgn_data,mgn_data/data/tel-v.csv,sha256:f4f80bbe91daaaec,Telugu,tel,tel,tel,telu1262,V,ipa_epitran,consistent,unimorph,tel,tel-Telu,clean-paradigms.R,1803;1818,101,False,True,tel.V.ipa_epitran.mgn,115,0,7,0,,809,0.0012,0.0012,0.0,0.9752,,,0,0,insufficient,no NFIN cell
mgn_data:tur-n,mgn_data,mgn_data/data/tur-n.csv,sha256:148a74525c11608d,Turkish,tur,tur,tur,nucl1301,N,ipa_epitran,consistent,unimorph,tur,tur-Latn,clean-paradigms.R,1848;1870,101,False,True,tur.N.ipa_epitran.mgn,2924,0,100,0,,316316,0.4378,0.1455,0.097,0.907,multiword forms 9.7%,NOM;SG,2924,2922,suitable_with_caveats,"automatic epitran G2P (orthography-driven, unverified); multiword panel forms 17.1%; variant rate 14.5%"
mgn_data:tur-v,mgn_data,mgn_data/data/tur-v.csv,sha256:f08dff96824ec3dd,Turkish,tur,tur,tur,nucl1301,V,ipa_epitran,consistent,unimorph,tur,tur-Latn,clean-paradigms.R,1848;1871,101,False,True,tur.V.ipa_epitran.mgn,588,0,120,0,,70560,0.0,0.0,0.5527,0.9637,multiword forms 55.3%,,0,0,insufficient,no NFIN cell
mgn_data:ukr-n,mgn_data,mgn_data/data/ukr-n.csv,sha256:604361d1460f7449,Ukrainian,ukr,ukr,ukr,ukra1253,N,ipa_epitran,consistent,unimorph,ukr,ukr-Cyrl,clean-paradigms.R,1875;1895,101,False,True,ukr.N.ipa_epitran.mgn,1375,0,14,0,,19250,0.0542,0.0,0.0,0.9723,,NOM;SG,1226,1226,suitable_with_caveats,"automatic epitran G2P (orthography-driven, unverified)"
mgn_data:urd-n,mgn_data,mgn_data/data/urd-n.csv,sha256:691e4ff614918415,Urdu,urd,urd,urd,urdu1245,N,orth,consistent,unimorph,urd,,clean-paradigms.R,1899;1912,101,False,True,urd.N.orth.mgn,126,0,5,0,,630,0.0,0.0,0.0159,0.0,multiword forms 1.6%,NOM;SG,126,126,insufficient,126 eligible groups < 600
mgn_data:vec-v,mgn_data,mgn_data/data/vec-v.csv,sha256:5420367c4e4a5487,Venetian,vec,vec,vec,vene1258,V,orth,consistent,unimorph,vec,,clean-paradigms.R,1932;1946,101,False,True,vec.V.orth.mgn,368,0,40,0,,14720,0.0517,0.0,0.0,0.006,,NFIN,363,362,insufficient,362 eligible groups < 600
mgn_data:xcl-adj,mgn_data,mgn_data/data/xcl-adj.csv,sha256:2fdb9bad1419e1b7,Classical Armenian,xcl,xcl,xcl,clas1249,ADJ,orth,consistent,unimorph,xcl,,clean-paradigms.R,1965;1990,101,True,False,xcl.ADJ.orth.mgn,643,0,25,0,,16421,0.597,0.0534,0.0004,0.0,,,0,0,out_of_scope,extinct/historical language (synchronic study)
mgn_data:xcl-n,mgn_data,mgn_data/data/xcl-n.csv,sha256:100ad52aa8ec3808,Classical Armenian,xcl,xcl,xcl,clas1249,N,orth,consistent,unimorph,xcl,,clean-paradigms.R,1965;1991,101,True,False,xcl.N.orth.mgn,3112,0,66,0,,209643,0.8037,0.028,0.0004,0.0,,NOM;SG,123,123,out_of_scope,extinct/historical language (synchronic study)
mgn_data:xcl-v,mgn_data,mgn_data/data/xcl-v.csv,sha256:3cc3db83536e010c,Classical Armenian,xcl,xcl,xcl,clas1249,V,orth,consistent,unimorph,xcl,,clean-paradigms.R,1965;1992,101,True,False,xcl.V.orth.mgn,741,0,74,0,,58925,0.2743,0.0841,0.0501,0.0,multiword forms 5.0%,NFIN,334,334,out_of_scope,extinct/historical language (synchronic study)
mgn_data:yid-adj,mgn_data,mgn_data/data/yid-adj.csv,sha256:e8b427da6073d260,Eastern Yiddish,yid,ydd,ydd,east2295,ADJ,orth,consistent,unimorph,yid,,clean-paradigms.R,2005;2027,101,False,True,ydd.ADJ.orth.mgn,507,0,6,0,,3042,0.0013,0.0,0.0,0.0,,,0,0,not_assessed,adjectives not part of the declared task
mgn_data:yid-v,mgn_data,mgn_data/data/yid-v.csv,sha256:e68a8b7afd6eba0d,Eastern Yiddish,yid,ydd,ydd,east2295,V,orth,consistent,unimorph,yid,,clean-paradigms.R,2005;2028,101,False,True,ydd.V.orth.mgn,294,0,7,0,,2058,0.0073,0.0,0.0015,0.0,,NFIN,289,289,insufficient,289 eligible groups < 600
mgn_data:zul-n,mgn_data,mgn_data/data/zul-n.csv,sha256:9e4bd35d83325369,Zulu,zul,zul,zul,zulu1248,N,ipa_epitran,consistent,unimorph,zul,zul-Latn,clean-paradigms.R,2032;2054,101,False,True,zul.N.ipa_epitran.mgn,410,0,47,0,,19274,0.1195,0.0002,0.0,0.5963,,SG,407,402,insufficient,402 eligible groups < 600
mgn_data:zul-v,mgn_data,mgn_data/data/zul-v.csv,sha256:3709692b01206f45,Zulu,zul,zul,zul,zulu1248,V,ipa_epitran,consistent,unimorph,zul,zul-Latn,clean-paradigms.R,2032;2055,101,False,True,zul.V.ipa_epitran.mgn,139,0,103,0,,17485,0.0,0.2213,0.0,0.6717,,NFIN,139,139,insufficient,139 eligible groups < 600
mgn_custom:arabic-v,mgn_data-custom,mgn_data/data-custom/arabic-v.csv,sha256:60e865c6d108f61b,Standard Arabic,ara,arb,arb,stan1318,V,phon_custom,consistent,data_custom_undocumented,,,,,,False,True,arb.V.phon_custom.mgn,1018,0,109,0,,95440,0.1536,0.0152,0.0,0.792,no build script in repository,,0,0,insufficient,no NFIN cell
mgn_custom:english-v,mgn_data-custom,mgn_data/data-custom/english-v.csv,sha256:a17ac27a620a500f,English,eng,eng,eng,stan1293,V,phon_custom,consistent,data_custom_undocumented,,,,,,False,True,eng.V.phon_custom.mgn,6064,0,8,0,,48732,0.0006,0.005,0.0,1.0,8-cell English verb table (pres1s/pres3s/presothers/past13/pastnot13); CELEX-like layout; unverified,NFIN,6055,6037,suitable_with_caveats,task cells by fallback: PRS.3PL; PST.1SG; PST.3SG; PST.3PL; COND.3SG
mgn_custom:french-v,mgn_data-custom,mgn_data/data-custom/french-v.csv,sha256:65a974017b6b82c8,French,fre,fra,fra,stan1290,V,phon_custom,consistent,data_custom_undocumented,,,,,,False,True,fra.V.phon_custom.mgn,5249,0,51,0,,266490,0.0045,0.0,0.0,0.8203,"label set (prs.1sg, ipfv.3pl, pst.ptcp.f.sg) and archiphonemes E/O match Flexique; unverified",NFIN,5212,5206,suitable,
mgn_custom:hungarian-n,mgn_data-custom,mgn_data/data-custom/hungarian-n.csv,sha256:e9fe0f4ebef2ddc3,Hungarian,hun,hun,hun,hung1274,N,phon_custom,consistent,data_custom_undocumented,,,,,,False,True,hun.N.phon_custom.mgn,12729,0,34,0,,410391,0.0518,0.0,0.0,0.9953,no build script in repository,NOM;SG,12729,12727,suitable,
mgn_custom:latin-n,mgn_data-custom,mgn_data/data-custom/latin-n.csv,sha256:7c55bd698aa7280d,Latin,lat,lat,lat,lati1261,N,phon_custom,consistent,data_custom_undocumented,,,,,,True,False,lat.N.phon_custom.mgn,1038,0,12,0,,12355,0.0081,0.0,0.0,0.749,label format NOUN:Abl+Plur matches LatInfLexi nouns; unverified,NOM;SG,1021,1016,out_of_scope,extinct/historical language (synchronic study)
mgn_custom:latin-v,mgn_data-custom,mgn_data/data-custom/latin-v.csv,sha256:a2944cbb5af692f0,Latin,lat,lat,lat,lati1261,V,phon_custom,consistent,data_custom_undocumented,,,,,,True,False,lat.V.phon_custom.mgn,3348,0,254,254,VERB:Fin+Imp+Fut+-+Act+2+Plur+-+- | VERB:Fin+Imp+Fut+-+Act+2+Sing+-+- | VERB:Fin+Imp+Fut+-+Act+3+Plur+-+- | VERB:Fin+Imp+Fut+-+Act+3+Sing+-+- | VERB:Fin+Imp+Fut+-+Pass+2+Sing+-+- | VERB:Fin+Imp+Fut+-+Pass+3+Plur+-+- | VERB:Fin+Imp+Fut+-+Pass+3+Sing+-+- | VERB:Fin+Imp+Pres+-+Act+2+Plur+-+- | VERB:Fin+Imp+Pres+-+Act+2+Sing+-+- | VERB:Fin+Imp+Pres+-+Pass+2+Plur+-+- | VERB:Fin+Imp+Pres+-+Pass+2+Sing+-+- | VERB:Fin+Ind+Fut+-+Act+1+Plur+-+- | VERB:Fin+Ind+Fut+-+Act+1+Sing+-+- | VERB:Fin+Ind+Fut+-+Act+2+Plur+-+- | VERB:Fin+Ind+Fut+-+Act+2+Sing+-+- | VERB:Fin+Ind+Fut+-+Act+3+Plur+-+- | VERB:Fin+Ind+Fut+-+Act+3+Sing+-+- | VERB:Fin+Ind+Fut+-+Pass+1+Plur+-+- | VERB:Fin+Ind+Fut+-+Pass+1+Sing+-+- | VERB:Fin+Ind+Fut+-+Pass+2+Plur+-+- | VERB:Fin+Ind+Fut+-+Pass+2+Sing+-+- | VERB:Fin+Ind+Fut+-+Pass+3+Plur+-+- | VERB:Fin+Ind+Fut+-+Pass+3+Sing+-+- | VERB:Fin+Ind+Fut+Perf+Act+1+Plur+-+- | VERB:Fin+Ind+Fut+Perf+Act+1+Sing+-+- | VERB:Fin+Ind+Fut+Perf+Act+2+Plur+-+- | VERB:Fin+Ind+Fut+Perf+Act+2+Sing+-+- | VERB:Fin+Ind+Fut+Perf+Act+3+Plur+-+- | VERB:Fin+Ind+Fut+Perf+Act+3+Sing+-+- | VERB:Fin+Ind+Imp+Imp+Act+1+Plur+-+- | VERB:Fin+Ind+Imp+Imp+Act+1+Sing+-+- | VERB:Fin+Ind+Imp+Imp+Act+2+Plur+-+- | VERB:Fin+Ind+Imp+Imp+Act+2+Sing+-+- | VERB:Fin+Ind+Imp+Imp+Act+3+Plur+-+- | VERB:Fin+Ind+Imp+Imp+Act+3+Sing+-+- | VERB:Fin+Ind+Imp+Imp+Pass+1+Plur+-+- | VERB:Fin+Ind+Imp+Imp+Pass+1+Sing+-+- | VERB:Fin+Ind+Imp+Imp+Pass+2+Plur+-+- | VERB:Fin+Ind+Imp+Imp+Pass+2+Sing+-+- | VERB:Fin+Ind+Imp+Imp+Pass+3+Plur+-+- | VERB:Fin+Ind+Imp+Imp+Pass+3+Sing+-+- | VERB:Fin+Ind+Past+Perf+Act+1+Plur+-+- | VERB:Fin+Ind+Past+Perf+Act+1+Sing+-+- | VERB:Fin+Ind+Past+Perf+Act+2+Plur+-+- | VERB:Fin+Ind+Past+Perf+Act+2+Sing+-+- | VERB:Fin+Ind+Past+Perf+Act+3+Plur+-+- | VERB:Fin+Ind+Past+Perf+Act+3+Sing+-+- | VERB:Fin+Ind+Pqp+Perf+Act+1+Plur+-+- | VERB:Fin+Ind+Pqp+Perf+Act+1+Sing+-+- | VERB:Fin+Ind+Pqp+Perf+Act+2+Plur+-+- | VERB:Fin+Ind+Pqp+Perf+Act+2+Sing+-+- | VERB:Fin+Ind+Pqp+Perf+Act+3+Plur+-+- | VERB:Fin+Ind+Pqp+Perf+Act+3+Sing+-+- | VERB:Fin+Ind+Pres+-+Act+1+Plur+-+- | VERB:Fin+Ind+Pres+-+Act+1+Sing+-+- | VERB:Fin+Ind+Pres+-+Act+2+Plur+-+- | VERB:Fin+Ind+Pres+-+Act+2+Sing+-+- | VERB:Fin+Ind+Pres+-+Act+3+Plur+-+- | VERB:Fin+Ind+Pres+-+Act+3+Sing+-+- | VERB:Fin+Ind+Pres+-+Pass+1+Plur+-+- | VERB:Fin+Ind+Pres+-+Pass+1+Sing+-+- | VERB:Fin+Ind+Pres+-+Pass+2+Plur+-+- | VERB:Fin+Ind+Pres+-+Pass+2+Sing+-+- | VERB:Fin+Ind+Pres+-+Pass+3+Plur+-+- | VERB:Fin+Ind+Pres+-+Pass+3+Sing+-+- | VERB:Fin+Sub+Imp+Imp+Act+1+Plur+-+- | VERB:Fin+Sub+Imp+Imp+Act+1+Sing+-+- | VERB:Fin+Sub+Imp+Imp+Act+2+Plur+-+- | VERB:Fin+Sub+Imp+Imp+Act+2+Sing+-+- | VERB:Fin+Sub+Imp+Imp+Act+3+Plur+-+- | VERB:Fin+Sub+Imp+Imp+Act+3+Sing+-+- | VERB:Fin+Sub+Imp+Imp+Pass+1+Plur+-+- | VERB:Fin+Sub+Imp+Imp+Pass+1+Sing+-+- | VERB:Fin+Sub+Imp+Imp+Pass+2+Plur+-+- | VERB:Fin+Sub+Imp+Imp+Pass+2+Sing+-+- | VERB:Fin+Sub+Imp+Imp+Pass+3+Plur+-+- | VERB:Fin+Sub+Imp+Imp+Pass+3+Sing+-+- | VERB:Fin+Sub+Past+Perf+Act+1+Plur+-+- | VERB:Fin+Sub+Past+Perf+Act+1+Sing+-+- | VERB:Fin+Sub+Past+Perf+Act+2+Plur+-+- | VERB:Fin+Sub+Past+Perf+Act+2+Sing+-+- | VERB:Fin+Sub+Past+Perf+Act+3+Plur+-+- | VERB:Fin+Sub+Past+Perf+Act+3+Sing+-+- | VERB:Fin+Sub+Pqp+Perf+Act+1+Plur+-+- | VERB:Fin+Sub+Pqp+Perf+Act+1+Sing+-+- | VERB:Fin+Sub+Pqp+Perf+Act+2+Plur+-+- | VERB:Fin+Sub+Pqp+Perf+Act+2+Sing+-+- | VERB:Fin+Sub+Pqp+Perf+Act+3+Plur+-+- | VERB:Fin+Sub+Pqp+Perf+Act+3+Sing+-+- | VERB:Fin+Sub+Pres+-+Act+1+Plur+-+- | VERB:Fin+Sub+Pres+-+Act+1+Sing+-+- | VERB:Fin+Sub+Pres+-+Act+2+Plur+-+- | VERB:Fin+Sub+Pres+-+Act+2+Sing+-+- | VERB:Fin+Sub+Pres+-+Act+3+Plur+-+- | VERB:Fin+Sub+Pres+-+Act+3+Sing+-+- | VERB:Fin+Sub+Pres+-+Pass+1+Plur+-+- | VERB:Fin+Sub+Pres+-+Pass+1+Sing+-+- | VERB:Fin+Sub+Pres+-+Pass+2+Plur+-+- | VERB:Fin+Sub+Pres+-+Pass+2+Sing+-+- | VERB:Fin+Sub+Pres+-+Pass+3+Plur+-+- | VERB:Fin+Sub+Pres+-+Pass+3+Sing+-+- | VERB:Gdv+-+-+-+Pass+-+Plur+Abl+Fem | VERB:Gdv+-+-+-+Pass+-+Plur+Abl+Masc | VERB:Gdv+-+-+-+Pass+-+Plur+Abl+Neut | VERB:Gdv+-+-+-+Pass+-+Plur+Acc+Fem | VERB:Gdv+-+-+-+Pass+-+Plur+Acc+Masc | VERB:Gdv+-+-+-+Pass+-+Plur+Acc+Neut | VERB:Gdv+-+-+-+Pass+-+Plur+Dat+Fem | VERB:Gdv+-+-+-+Pass+-+Plur+Dat+Masc | VERB:Gdv+-+-+-+Pass+-+Plur+Dat+Neut | VERB:Gdv+-+-+-+Pass+-+Plur+Gen+Fem | VERB:Gdv+-+-+-+Pass+-+Plur+Gen+Masc | VERB:Gdv+-+-+-+Pass+-+Plur+Gen+Neut | VERB:Gdv+-+-+-+Pass+-+Plur+Nom+Fem | VERB:Gdv+-+-+-+Pass+-+Plur+Nom+Masc | VERB:Gdv+-+-+-+Pass+-+Plur+Nom+Neut | VERB:Gdv+-+-+-+Pass+-+Plur+Voc+Fem | VERB:Gdv+-+-+-+Pass+-+Plur+Voc+Masc | VERB:Gdv+-+-+-+Pass+-+Plur+Voc+Neut | VERB:Gdv+-+-+-+Pass+-+Sing+Abl+Fem | VERB:Gdv+-+-+-+Pass+-+Sing+Abl+Masc | VERB:Gdv+-+-+-+Pass+-+Sing+Abl+Neut | VERB:Gdv+-+-+-+Pass+-+Sing+Acc+Fem | VERB:Gdv+-+-+-+Pass+-+Sing+Acc+Masc | VERB:Gdv+-+-+-+Pass+-+Sing+Acc+Neut | VERB:Gdv+-+-+-+Pass+-+Sing+Dat+Fem | VERB:Gdv+-+-+-+Pass+-+Sing+Dat+Masc | VERB:Gdv+-+-+-+Pass+-+Sing+Dat+Neut | VERB:Gdv+-+-+-+Pass+-+Sing+Gen+Fem | VERB:Gdv+-+-+-+Pass+-+Sing+Gen+Masc | VERB:Gdv+-+-+-+Pass+-+Sing+Gen+Neut | VERB:Gdv+-+-+-+Pass+-+Sing+Nom+Fem | VERB:Gdv+-+-+-+Pass+-+Sing+Nom+Masc | VERB:Gdv+-+-+-+Pass+-+Sing+Nom+Neut | VERB:Gdv+-+-+-+Pass+-+Sing+Voc+Fem | VERB:Gdv+-+-+-+Pass+-+Sing+Voc+Masc | VERB:Gdv+-+-+-+Pass+-+Sing+Voc+Neut | VERB:Ger+-+-+-+Act+-+Sing+Abl+- | VERB:Ger+-+-+-+Act+-+Sing+Acc+- | VERB:Ger+-+-+-+Act+-+Sing+Dat+- | VERB:Ger+-+-+-+Act+-+Sing+Gen+- | VERB:Inf+-+Past+Perf+Act+-+-+-+- | VERB:Inf+-+Pres+-+Act+-+-+-+- | VERB:Inf+-+Pres+-+Pass+-+-+-+- | VERB:Part+-+Fut+-+Act+-+Plur+Abl+Fem | VERB:Part+-+Fut+-+Act+-+Plur+Abl+Masc | VERB:Part+-+Fut+-+Act+-+Plur+Abl+Neut | VERB:Part+-+Fut+-+Act+-+Plur+Acc+Fem | VERB:Part+-+Fut+-+Act+-+Plur+Acc+Masc | VERB:Part+-+Fut+-+Act+-+Plur+Acc+Neut | VERB:Part+-+Fut+-+Act+-+Plur+Dat+Fem | VERB:Part+-+Fut+-+Act+-+Plur+Dat+Masc | VERB:Part+-+Fut+-+Act+-+Plur+Dat+Neut | VERB:Part+-+Fut+-+Act+-+Plur+Gen+Fem | VERB:Part+-+Fut+-+Act+-+Plur+Gen+Masc | VERB:Part+-+Fut+-+Act+-+Plur+Gen+Neut | VERB:Part+-+Fut+-+Act+-+Plur+Nom+Fem | VERB:Part+-+Fut+-+Act+-+Plur+Nom+Masc | VERB:Part+-+Fut+-+Act+-+Plur+Nom+Neut | VERB:Part+-+Fut+-+Act+-+Plur+Voc+Fem | VERB:Part+-+Fut+-+Act+-+Plur+Voc+Masc | VERB:Part+-+Fut+-+Act+-+Plur+Voc+Neut | VERB:Part+-+Fut+-+Act+-+Sing+Abl+Fem | VERB:Part+-+Fut+-+Act+-+Sing+Abl+Masc | VERB:Part+-+Fut+-+Act+-+Sing+Abl+Neut | VERB:Part+-+Fut+-+Act+-+Sing+Acc+Fem | VERB:Part+-+Fut+-+Act+-+Sing+Acc+Masc | VERB:Part+-+Fut+-+Act+-+Sing+Acc+Neut | VERB:Part+-+Fut+-+Act+-+Sing+Dat+Fem | VERB:Part+-+Fut+-+Act+-+Sing+Dat+Masc | VERB:Part+-+Fut+-+Act+-+Sing+Dat+Neut | VERB:Part+-+Fut+-+Act+-+Sing+Gen+Fem | VERB:Part+-+Fut+-+Act+-+Sing+Gen+Masc | VERB:Part+-+Fut+-+Act+-+Sing+Gen+Neut | VERB:Part+-+Fut+-+Act+-+Sing+Nom+Fem | VERB:Part+-+Fut+-+Act+-+Sing+Nom+Masc | VERB:Part+-+Fut+-+Act+-+Sing+Nom+Neut | VERB:Part+-+Fut+-+Act+-+Sing+Voc+Fem | VERB:Part+-+Fut+-+Act+-+Sing+Voc+Masc | VERB:Part+-+Fut+-+Act+-+Sing+Voc+Neut | VERB:Part+-+Past+Perf+Pass+-+Plur+Abl+Fem | VERB:Part+-+Past+Perf+Pass+-+Plur+Abl+Masc | VERB:Part+-+Past+Perf+Pass+-+Plur+Abl+Neut | VERB:Part+-+Past+Perf+Pass+-+Plur+Acc+Fem | VERB:Part+-+Past+Perf+Pass+-+Plur+Acc+Masc | VERB:Part+-+Past+Perf+Pass+-+Plur+Acc+Neut | VERB:Part+-+Past+Perf+Pass+-+Plur+Dat+Fem | VERB:Part+-+Past+Perf+Pass+-+Plur+Dat+Masc | VERB:Part+-+Past+Perf+Pass+-+Plur+Dat+Neut | VERB:Part+-+Past+Perf+Pass+-+Plur+Gen+Fem | VERB:Part+-+Past+Perf+Pass+-+Plur+Gen+Masc | VERB:Part+-+Past+Perf+Pass+-+Plur+Gen+Neut | VERB:Part+-+Past+Perf+Pass+-+Plur+Nom+Fem | VERB:Part+-+Past+Perf+Pass+-+Plur+Nom+Masc | VERB:Part+-+Past+Perf+Pass+-+Plur+Nom+Neut | VERB:Part+-+Past+Perf+Pass+-+Plur+Voc+Fem | VERB:Part+-+Past+Perf+Pass+-+Plur+Voc+Masc | VERB:Part+-+Past+Perf+Pass+-+Plur+Voc+Neut | VERB:Part+-+Past+Perf+Pass+-+Sing+Abl+Fem | VERB:Part+-+Past+Perf+Pass+-+Sing+Abl+Masc | VERB:Part+-+Past+Perf+Pass+-+Sing+Abl+Neut | VERB:Part+-+Past+Perf+Pass+-+Sing+Acc+Fem | VERB:Part+-+Past+Perf+Pass+-+Sing+Acc+Masc | VERB:Part+-+Past+Perf+Pass+-+Sing+Acc+Neut | VERB:Part+-+Past+Perf+Pass+-+Sing+Dat+Fem | VERB:Part+-+Past+Perf+Pass+-+Sing+Dat+Masc | VERB:Part+-+Past+Perf+Pass+-+Sing+Dat+Neut | VERB:Part+-+Past+Perf+Pass+-+Sing+Gen+Fem | VERB:Part+-+Past+Perf+Pass+-+Sing+Gen+Masc | VERB:Part+-+Past+Perf+Pass+-+Sing+Gen+Neut | VERB:Part+-+Past+Perf+Pass+-+Sing+Nom+Fem | VERB:Part+-+Past+Perf+Pass+-+Sing+Nom+Masc | VERB:Part+-+Past+Perf+Pass+-+Sing+Nom+Neut | VERB:Part+-+Past+Perf+Pass+-+Sing+Voc+Fem | VERB:Part+-+Past+Perf+Pass+-+Sing+Voc+Masc | VERB:Part+-+Past+Perf+Pass+-+Sing+Voc+Neut | VERB:Part+-+Pres+-+Act+-+Plur+Abl+Fem | VERB:Part+-+Pres+-+Act+-+Plur+Abl+Masc | VERB:Part+-+Pres+-+Act+-+Plur+Abl+Neut | VERB:Part+-+Pres+-+Act+-+Plur+Acc+Fem | VERB:Part+-+Pres+-+Act+-+Plur+Acc+Masc | VERB:Part+-+Pres+-+Act+-+Plur+Acc+Neut | VERB:Part+-+Pres+-+Act+-+Plur+Dat+Fem | VERB:Part+-+Pres+-+Act+-+Plur+Dat+Masc | VERB:Part+-+Pres+-+Act+-+Plur+Dat+Neut | VERB:Part+-+Pres+-+Act+-+Plur+Gen+Fem | VERB:Part+-+Pres+-+Act+-+Plur+Gen+Masc | VERB:Part+-+Pres+-+Act+-+Plur+Gen+Neut | VERB:Part+-+Pres+-+Act+-+Plur+Nom+Fem | VERB:Part+-+Pres+-+Act+-+Plur+Nom+Masc | VERB:Part+-+Pres+-+Act+-+Plur+Nom+Neut | VERB:Part+-+Pres+-+Act+-+Plur+Voc+Fem | VERB:Part+-+Pres+-+Act+-+Plur+Voc+Masc | VERB:Part+-+Pres+-+Act+-+Plur+Voc+Neut | VERB:Part+-+Pres+-+Act+-+Sing+Abl+Fem | VERB:Part+-+Pres+-+Act+-+Sing+Abl+Masc | VERB:Part+-+Pres+-+Act+-+Sing+Abl+Neut | VERB:Part+-+Pres+-+Act+-+Sing+Acc+Fem | VERB:Part+-+Pres+-+Act+-+Sing+Acc+Masc | VERB:Part+-+Pres+-+Act+-+Sing+Acc+Neut | VERB:Part+-+Pres+-+Act+-+Sing+Dat+Fem | VERB:Part+-+Pres+-+Act+-+Sing+Dat+Masc | VERB:Part+-+Pres+-+Act+-+Sing+Dat+Neut | VERB:Part+-+Pres+-+Act+-+Sing+Gen+Fem | VERB:Part+-+Pres+-+Act+-+Sing+Gen+Masc | VERB:Part+-+Pres+-+Act+-+Sing+Gen+Neut | VERB:Part+-+Pres+-+Act+-+Sing+Nom+Fem | VERB:Part+-+Pres+-+Act+-+Sing+Nom+Masc | VERB:Part+-+Pres+-+Act+-+Sing+Nom+Neut | VERB:Part+-+Pres+-+Act+-+Sing+Voc+Fem | VERB:Part+-+Pres+-+Act+-+Sing+Voc+Masc | VERB:Part+-+Pres+-+Act+-+Sing+Voc+Neut | VERB:Sup+-+-+-+Act+-+-+Acc+- | VERB:Sup+-+-+-+Pass+-+-+Abl+-,752154,0.1155,0.0,0.0,0.851,label format VERB:Fin+... matches LatInfLexi; unverified,,0,0,out_of_scope,extinct/historical language (synchronic study)
mgn_custom:latvian-n,mgn_data-custom,mgn_data/data-custom/latvian-n.csv,sha256:1858720c2122d001,Latvian,lav,lav,lav,latv1249,N,phon_custom,consistent,data_custom_undocumented,,,,,,False,True,lav.N.phon_custom.mgn,3706,0,14,0,,43359,0.1643,0.0,0.0,0.9327,no build script in repository,NOM;SG,2482,2481,suitable,
mgn_custom:navajo-v,mgn_data-custom,mgn_data/data-custom/navajo-v.csv,sha256:1bbcd83f07c5db91,Navajo,nav,nav,nav,nava1243,V,phon_custom,consistent,data_custom_undocumented,,,,,,False,True,nav.V.phon_custom.mgn,2153,0,70,0,,122756,0.1906,0.0063,0.0,0.9833,Navajo verb paradigms with ':IPA' cell suffix; source undocumented here,,0,0,insufficient,no NFIN cell
mgn_custom:portuguese-v,mgn_data-custom,mgn_data/data-custom/portuguese-v.csv,sha256:ecee8ba4970b5242,Portuguese,por,por,por,port1283,V,phon_custom,consistent,data_custom_undocumented,,,,,,False,True,por.V.phon_custom.mgn,1996,0,69,0,,137724,0.0,0.0,0.0,0.9893,no build script in repository,NFIN,1996,1993,suitable,
mgn_custom:russian-n,mgn_data-custom,mgn_data/data-custom/russian-n.csv,sha256:7278816a67d4fa46,Russian,rus,rus,rus,russ1263,N,phon_custom,consistent,data_custom_undocumented,,,,,,False,True,rus.N.phon_custom.mgn,45183,0,12,0,,555619,0.0054,0.0303,0.0,0.3697,"no build script in repository; lemma labels are transcriptions with stress marks, not orthography",NOM;SG,44707,43439,suitable,
mgn_custom:yaitepec-chatino-v,mgn_data-custom,mgn_data/data-custom/yaitepec-chatino-v.csv,sha256:50c5b2dc59cd187b,Western Highland Chatino,yai,ctp,ctp,west2644,V,phon_custom,consistent,data_custom_undocumented,,,,,,False,True,ctp.V.phon_custom.mgn,324,0,12,0,,3916,0.0237,0.0316,0.0,0.817,no build script in repository,,0,0,insufficient,no NFIN cell
mgn_custom:zenzontepec-chatino-v,mgn_data-custom,mgn_data/data-custom/zenzontepec-chatino-v.csv,sha256:f96f92f7168ee540,Zenzontepec Chatino,zen,czn,czn,zenz1235,V,phon_custom,consistent,data_custom_undocumented,,,,,,False,True,czn.V.phon_custom.mgn,392,0,4,0,,1567,0.0006,0.0,0.0,0.358,no build script in repository,,0,0,insufficient,no NFIN cell
