unit_id,setting,setting_json,sem_sd_cell,sem_sd_inflection,accuracy,edit_distance,copy_shown_form_rate,gold_in_candidates,top1_given_in_candidates,n_items,n_failed,train_production_accuracy,train_comprehension_accuracy,n_train_rows,fit_seconds,predict_seconds
ita.V.orth.mgn,cue_ngram-2_ridge_shift-0.02_sem_dim-1000_sem_sd_cell-0.0_sem_sd_inflection-2.0_sem_sd_noise-0.0,"{""cue_ngram"": 2, ""ridge_shift"": 0.02, ""sem_dim"": 1000, ""sem_sd_cell"": 0.0, ""sem_sd_inflection"": 2.0, ""sem_sd_noise"": 0.0}",0.0,2.0,0.212451,2.176117,0.295302,0.259431,0.818912,4321,0,0.922572,0.9816,762,0.550871,8.534539
ita.V.orth.mgn,cue_ngram-2_ridge_shift-0.02_sem_dim-1000_sem_sd_cell-0.5_sem_sd_inflection-2.0_sem_sd_noise-0.0,"{""cue_ngram"": 2, ""ridge_shift"": 0.02, ""sem_dim"": 1000, ""sem_sd_cell"": 0.5, ""sem_sd_inflection"": 2.0, ""sem_sd_noise"": 0.0}",0.5,2.0,0.396205,1.531127,0.155288,0.510299,0.776417,4321,0,0.893701,0.9803,762,0.569016,10.683079
ita.V.orth.mgn,cue_ngram-2_ridge_shift-0.02_sem_dim-1000_sem_sd_cell-1.0_sem_sd_inflection-2.0_sem_sd_noise-0.0,"{""cue_ngram"": 2, ""ridge_shift"": 0.02, ""sem_dim"": 1000, ""sem_sd_cell"": 1.0, ""sem_sd_inflection"": 2.0, ""sem_sd_noise"": 0.0}",1.0,2.0,0.399445,1.52349,0.149271,0.510761,0.782057,4321,0,0.905512,0.9843,762,0.572913,10.668346
ita.V.orth.mgn,cue_ngram-2_ridge_shift-0.02_sem_dim-1000_sem_sd_cell-2.0_sem_sd_inflection-2.0_sem_sd_noise-0.0,"{""cue_ngram"": 2, ""ridge_shift"": 0.02, ""sem_dim"": 1000, ""sem_sd_cell"": 2.0, ""sem_sd_inflection"": 2.0, ""sem_sd_noise"": 0.0}",2.0,2.0,0.409627,1.52511,0.132377,0.510299,0.802721,4321,0,0.91601,0.9882,762,0.575839,10.506681
ita.V.orth.mgn,cue_ngram-2_ridge_shift-0.02_sem_dim-1000_sem_sd_cell-4.0_sem_sd_inflection-2.0_sem_sd_noise-0.0,"{""cue_ngram"": 2, ""ridge_shift"": 0.02, ""sem_dim"": 1000, ""sem_sd_cell"": 4.0, ""sem_sd_inflection"": 2.0, ""sem_sd_noise"": 0.0}",4.0,2.0,0.405925,1.660032,0.108308,0.507753,0.799453,4321,0,0.913386,0.9934,762,0.552878,10.781057
ita.V.orth.mgn,cue_ngram-2_ridge_shift-0.02_sem_dim-1000_sem_sd_cell-2.0_sem_sd_inflection-0.0_sem_sd_noise-0.0,"{""cue_ngram"": 2, ""ridge_shift"": 0.02, ""sem_dim"": 1000, ""sem_sd_cell"": 2.0, ""sem_sd_inflection"": 0.0, ""sem_sd_noise"": 0.0}",2.0,0.0,0.400139,1.567924,0.253645,0.50891,0.786266,4321,0,0.918635,0.9908,762,0.573411,10.510783
ita.V.orth.mgn,cue_ngram-2_ridge_shift-0.02_sem_dim-1000_sem_sd_cell-4.0_sem_sd_inflection-0.0_sem_sd_noise-0.0,"{""cue_ngram"": 2, ""ridge_shift"": 0.02, ""sem_dim"": 1000, ""sem_sd_cell"": 4.0, ""sem_sd_inflection"": 0.0, ""sem_sd_noise"": 0.0}",4.0,0.0,0.417496,1.564221,0.130757,0.508216,0.821494,4321,0,0.923885,0.9921,762,0.569704,10.658719
fin.V.orth.mgn,cue_ngram-2_ridge_shift-0.02_sem_dim-1000_sem_sd_cell-0.0_sem_sd_inflection-2.0_sem_sd_noise-0.0,"{""cue_ngram"": 2, ""ridge_shift"": 0.02, ""sem_dim"": 1000, ""sem_sd_cell"": 0.0, ""sem_sd_inflection"": 2.0, ""sem_sd_noise"": 0.0}",0.0,2.0,0.134215,2.507769,0.259835,0.172562,0.777778,3025,0,0.875472,0.9912,795,0.699596,7.697307
fin.V.orth.mgn,cue_ngram-2_ridge_shift-0.02_sem_dim-1000_sem_sd_cell-0.5_sem_sd_inflection-2.0_sem_sd_noise-0.0,"{""cue_ngram"": 2, ""ridge_shift"": 0.02, ""sem_dim"": 1000, ""sem_sd_cell"": 0.5, ""sem_sd_inflection"": 2.0, ""sem_sd_noise"": 0.0}",0.5,2.0,0.263471,1.906116,0.129256,0.36,0.731864,3025,0,0.828931,0.9912,795,0.149052,8.226834
fin.V.orth.mgn,cue_ngram-2_ridge_shift-0.02_sem_dim-1000_sem_sd_cell-1.0_sem_sd_inflection-2.0_sem_sd_noise-0.0,"{""cue_ngram"": 2, ""ridge_shift"": 0.02, ""sem_dim"": 1000, ""sem_sd_cell"": 1.0, ""sem_sd_inflection"": 2.0, ""sem_sd_noise"": 0.0}",1.0,2.0,0.264132,1.889917,0.122314,0.360331,0.733028,3025,0,0.837736,0.9912,795,0.139223,8.252464
fin.V.orth.mgn,cue_ngram-2_ridge_shift-0.02_sem_dim-1000_sem_sd_cell-2.0_sem_sd_inflection-2.0_sem_sd_noise-0.0,"{""cue_ngram"": 2, ""ridge_shift"": 0.02, ""sem_dim"": 1000, ""sem_sd_cell"": 2.0, ""sem_sd_inflection"": 2.0, ""sem_sd_noise"": 0.0}",2.0,2.0,0.267107,1.899504,0.109421,0.361653,0.738574,3025,0,0.871698,0.9925,795,0.138828,8.344396
fin.V.orth.mgn,cue_ngram-2_ridge_shift-0.02_sem_dim-1000_sem_sd_cell-4.0_sem_sd_inflection-2.0_sem_sd_noise-0.0,"{""cue_ngram"": 2, ""ridge_shift"": 0.02, ""sem_dim"": 1000, ""sem_sd_cell"": 4.0, ""sem_sd_inflection"": 2.0, ""sem_sd_noise"": 0.0}",4.0,2.0,0.254215,2.025455,0.08562,0.360992,0.704212,3025,0,0.871698,0.995,795,0.135806,8.289869
fin.V.orth.mgn,cue_ngram-2_ridge_shift-0.02_sem_dim-1000_sem_sd_cell-2.0_sem_sd_inflection-0.0_sem_sd_noise-0.0,"{""cue_ngram"": 2, ""ridge_shift"": 0.02, ""sem_dim"": 1000, ""sem_sd_cell"": 2.0, ""sem_sd_inflection"": 0.0, ""sem_sd_noise"": 0.0}",2.0,0.0,0.25719,1.941157,0.160992,0.358347,0.717712,3025,0,0.856604,0.9912,795,0.290944,8.162946
fin.V.orth.mgn,cue_ngram-2_ridge_shift-0.02_sem_dim-1000_sem_sd_cell-4.0_sem_sd_inflection-0.0_sem_sd_noise-0.0,"{""cue_ngram"": 2, ""ridge_shift"": 0.02, ""sem_dim"": 1000, ""sem_sd_cell"": 4.0, ""sem_sd_inflection"": 0.0, ""sem_sd_noise"": 0.0}",4.0,0.0,0.236694,2.067769,0.089587,0.360331,0.656881,3025,0,0.857862,0.9912,795,0.135841,8.158209
