unit_id,setting,setting_json,ridge_shift,sem_dim,sem_sd_noise,accuracy,edit_distance,copy_shown_form_rate,gold_in_candidates,top1_given_in_candidates,n_items,n_failed,train_production_accuracy,train_comprehension_accuracy,n_train_rows,fit_seconds,predict_seconds
ita.V.orth.mgn,cue_ngram-2_ridge_shift-0.02_sem_dim-100_sem_sd_inflection-2.0_sem_sd_noise-0.0,"{""cue_ngram"": 2, ""ridge_shift"": 0.02, ""sem_dim"": 100, ""sem_sd_inflection"": 2.0, ""sem_sd_noise"": 0.0}",0.02,100,0.0,0.180977,2.788475,0.195325,0.233974,0.773492,4321,1,0.872703,0.979,762,0.47462,37.009666
ita.V.orth.mgn,cue_ngram-2_ridge_shift-1.0_sem_dim-100_sem_sd_inflection-2.0_sem_sd_noise-0.0,"{""cue_ngram"": 2, ""ridge_shift"": 1.0, ""sem_dim"": 100, ""sem_sd_inflection"": 2.0, ""sem_sd_noise"": 0.0}",1.0,100,0.0,0.180282,2.795186,0.160611,0.236519,0.762231,4321,1,0.863517,0.9724,762,0.613739,36.1518
ita.V.orth.mgn,cue_ngram-2_ridge_shift-10.0_sem_dim-100_sem_sd_inflection-2.0_sem_sd_noise-0.0,"{""cue_ngram"": 2, ""ridge_shift"": 10.0, ""sem_dim"": 100, ""sem_sd_inflection"": 2.0, ""sem_sd_noise"": 0.0}",10.0,100,0.0,0.158065,3.177274,0.121731,0.222402,0.710718,4321,0,0.769029,0.9199,762,0.492247,36.206705
ita.V.orth.mgn,cue_ngram-2_ridge_shift-100.0_sem_dim-100_sem_sd_inflection-2.0_sem_sd_noise-0.0,"{""cue_ngram"": 2, ""ridge_shift"": 100.0, ""sem_dim"": 100, ""sem_sd_inflection"": 2.0, ""sem_sd_noise"": 0.0}",100.0,100,0.0,0.10044,4.062486,0.092571,0.189539,0.529915,4321,0,0.501312,0.6417,762,0.480279,33.614135
ita.V.orth.mgn,cue_ngram-2_ridge_shift-0.02_sem_dim-100_sem_sd_inflection-2.0_sem_sd_noise-0.5,"{""cue_ngram"": 2, ""ridge_shift"": 0.02, ""sem_dim"": 100, ""sem_sd_inflection"": 2.0, ""sem_sd_noise"": 0.5}",0.02,100,0.5,0.186762,2.774358,0.195325,0.239759,0.778958,4321,0,0.872703,0.979,762,0.495951,32.161511
ita.V.orth.mgn,cue_ngram-2_ridge_shift-1.0_sem_dim-100_sem_sd_inflection-2.0_sem_sd_noise-0.5,"{""cue_ngram"": 2, ""ridge_shift"": 1.0, ""sem_dim"": 100, ""sem_sd_inflection"": 2.0, ""sem_sd_noise"": 0.5}",1.0,100,0.5,0.186068,2.768109,0.158065,0.242305,0.767908,4321,0,0.864829,0.9738,762,0.490461,32.24273
ita.V.orth.mgn,cue_ngram-2_ridge_shift-10.0_sem_dim-100_sem_sd_inflection-2.0_sem_sd_noise-0.5,"{""cue_ngram"": 2, ""ridge_shift"": 10.0, ""sem_dim"": 100, ""sem_sd_inflection"": 2.0, ""sem_sd_noise"": 0.5}",10.0,100,0.5,0.163157,3.1701,0.120343,0.227262,0.717923,4321,0,0.776903,0.9186,762,0.631098,32.342915
ita.V.orth.mgn,cue_ngram-2_ridge_shift-100.0_sem_dim-100_sem_sd_inflection-2.0_sem_sd_noise-0.5,"{""cue_ngram"": 2, ""ridge_shift"": 100.0, ""sem_dim"": 100, ""sem_sd_inflection"": 2.0, ""sem_sd_noise"": 0.5}",100.0,100,0.5,0.102754,4.077991,0.091877,0.193474,0.5311,4321,0,0.496063,0.6404,762,0.489083,29.928866
ita.V.orth.mgn,cue_ngram-2_ridge_shift-0.02_sem_dim-100_sem_sd_inflection-2.0_sem_sd_noise-1.0,"{""cue_ngram"": 2, ""ridge_shift"": 0.02, ""sem_dim"": 100, ""sem_sd_inflection"": 2.0, ""sem_sd_noise"": 1.0}",0.02,100,1.0,0.186299,2.794261,0.199722,0.239296,0.77853,4321,0,0.867454,0.979,762,0.050633,24.300945
ita.V.orth.mgn,cue_ngram-2_ridge_shift-1.0_sem_dim-100_sem_sd_inflection-2.0_sem_sd_noise-1.0,"{""cue_ngram"": 2, ""ridge_shift"": 1.0, ""sem_dim"": 100, ""sem_sd_inflection"": 2.0, ""sem_sd_noise"": 1.0}",1.0,100,1.0,0.183522,2.792872,0.16362,0.239991,0.764706,4321,0,0.85958,0.9724,762,0.038213,24.568676
ita.V.orth.mgn,cue_ngram-2_ridge_shift-10.0_sem_dim-100_sem_sd_inflection-2.0_sem_sd_noise-1.0,"{""cue_ngram"": 2, ""ridge_shift"": 10.0, ""sem_dim"": 100, ""sem_sd_inflection"": 2.0, ""sem_sd_noise"": 1.0}",10.0,100,1.0,0.162231,3.198102,0.125665,0.224948,0.721193,4321,0,0.776903,0.9108,762,0.049102,24.128372
ita.V.orth.mgn,cue_ngram-2_ridge_shift-100.0_sem_dim-100_sem_sd_inflection-2.0_sem_sd_noise-1.0,"{""cue_ngram"": 2, ""ridge_shift"": 100.0, ""sem_dim"": 100, ""sem_sd_inflection"": 2.0, ""sem_sd_noise"": 1.0}",100.0,100,1.0,0.098357,4.112474,0.094654,0.192548,0.510817,4321,0,0.485564,0.6299,762,0.048983,22.294012
ita.V.orth.mgn,cue_ngram-2_ridge_shift-0.02_sem_dim-200_sem_sd_inflection-2.0_sem_sd_noise-0.0,"{""cue_ngram"": 2, ""ridge_shift"": 0.02, ""sem_dim"": 200, ""sem_sd_inflection"": 2.0, ""sem_sd_noise"": 0.0}",0.02,200,0.0,0.209442,2.320759,0.268456,0.260125,0.80516,4321,0,0.91601,0.9803,762,0.021216,14.239278
ita.V.orth.mgn,cue_ngram-2_ridge_shift-1.0_sem_dim-200_sem_sd_inflection-2.0_sem_sd_noise-0.0,"{""cue_ngram"": 2, ""ridge_shift"": 1.0, ""sem_dim"": 200, ""sem_sd_inflection"": 2.0, ""sem_sd_noise"": 0.0}",1.0,200,0.0,0.208054,2.290211,0.238834,0.260356,0.799111,4321,0,0.914698,0.9698,762,0.021561,14.049918
ita.V.orth.mgn,cue_ngram-2_ridge_shift-10.0_sem_dim-200_sem_sd_inflection-2.0_sem_sd_noise-0.0,"{""cue_ngram"": 2, ""ridge_shift"": 10.0, ""sem_dim"": 200, ""sem_sd_inflection"": 2.0, ""sem_sd_noise"": 0.0}",10.0,200,0.0,0.189539,2.51053,0.202037,0.254802,0.743869,4321,0,0.854331,0.9331,762,0.035553,14.502163
ita.V.orth.mgn,cue_ngram-2_ridge_shift-100.0_sem_dim-200_sem_sd_inflection-2.0_sem_sd_noise-0.0,"{""cue_ngram"": 2, ""ridge_shift"": 100.0, ""sem_dim"": 200, ""sem_sd_inflection"": 2.0, ""sem_sd_noise"": 0.0}",100.0,200,0.0,0.151122,3.107845,0.175654,0.241148,0.626679,4321,0,0.673228,0.7402,762,0.034681,16.74493
ita.V.orth.mgn,cue_ngram-2_ridge_shift-0.02_sem_dim-200_sem_sd_inflection-2.0_sem_sd_noise-0.5,"{""cue_ngram"": 2, ""ridge_shift"": 0.02, ""sem_dim"": 200, ""sem_sd_inflection"": 2.0, ""sem_sd_noise"": 0.5}",0.02,200,0.5,0.205045,2.342745,0.258505,0.256422,0.799639,4321,0,0.917323,0.9816,762,0.040361,23.322009
ita.V.orth.mgn,cue_ngram-2_ridge_shift-1.0_sem_dim-200_sem_sd_inflection-2.0_sem_sd_noise-0.5,"{""cue_ngram"": 2, ""ridge_shift"": 1.0, ""sem_dim"": 200, ""sem_sd_inflection"": 2.0, ""sem_sd_noise"": 0.5}",1.0,200,0.5,0.208285,2.317056,0.228882,0.255034,0.816697,4321,0,0.914698,0.9698,762,0.029997,23.529851
ita.V.orth.mgn,cue_ngram-2_ridge_shift-10.0_sem_dim-200_sem_sd_inflection-2.0_sem_sd_noise-0.5,"{""cue_ngram"": 2, ""ridge_shift"": 10.0, ""sem_dim"": 200, ""sem_sd_inflection"": 2.0, ""sem_sd_noise"": 0.5}",10.0,200,0.5,0.189539,2.561907,0.190002,0.249016,0.761152,4321,0,0.854331,0.937,762,0.030034,23.240109
ita.V.orth.mgn,cue_ngram-2_ridge_shift-100.0_sem_dim-200_sem_sd_inflection-2.0_sem_sd_noise-0.5,"{""cue_ngram"": 2, ""ridge_shift"": 100.0, ""sem_dim"": 200, ""sem_sd_inflection"": 2.0, ""sem_sd_noise"": 0.5}",100.0,200,0.5,0.147882,3.161305,0.16686,0.228188,0.648073,4321,0,0.656168,0.7428,762,0.029129,20.679617
ita.V.orth.mgn,cue_ngram-2_ridge_shift-0.02_sem_dim-200_sem_sd_inflection-2.0_sem_sd_noise-1.0,"{""cue_ngram"": 2, ""ridge_shift"": 0.02, ""sem_dim"": 200, ""sem_sd_inflection"": 2.0, ""sem_sd_noise"": 1.0}",0.02,200,1.0,0.204582,2.381856,0.246008,0.255034,0.802178,4321,0,0.91601,0.9816,762,0.029067,26.366159
ita.V.orth.mgn,cue_ngram-2_ridge_shift-1.0_sem_dim-200_sem_sd_inflection-2.0_sem_sd_noise-1.0,"{""cue_ngram"": 2, ""ridge_shift"": 1.0, ""sem_dim"": 200, ""sem_sd_inflection"": 2.0, ""sem_sd_noise"": 1.0}",1.0,200,1.0,0.207591,2.349456,0.214302,0.255728,0.811765,4321,0,0.91601,0.9711,762,0.029198,26.689143
ita.V.orth.mgn,cue_ngram-2_ridge_shift-10.0_sem_dim-200_sem_sd_inflection-2.0_sem_sd_noise-1.0,"{""cue_ngram"": 2, ""ridge_shift"": 10.0, ""sem_dim"": 200, ""sem_sd_inflection"": 2.0, ""sem_sd_noise"": 1.0}",10.0,200,1.0,0.187919,2.612358,0.174265,0.245545,0.765316,4321,0,0.854331,0.9423,762,0.029669,26.328858
ita.V.orth.mgn,cue_ngram-2_ridge_shift-100.0_sem_dim-200_sem_sd_inflection-2.0_sem_sd_noise-1.0,"{""cue_ngram"": 2, ""ridge_shift"": 100.0, ""sem_dim"": 200, ""sem_sd_inflection"": 2.0, ""sem_sd_noise"": 1.0}",100.0,200,1.0,0.145105,3.227956,0.146262,0.224022,0.647727,4321,0,0.637795,0.7388,762,0.029982,24.373378
ita.V.orth.mgn,cue_ngram-2_ridge_shift-0.02_sem_dim-400_sem_sd_inflection-2.0_sem_sd_noise-0.0,"{""cue_ngram"": 2, ""ridge_shift"": 0.02, ""sem_dim"": 400, ""sem_sd_inflection"": 2.0, ""sem_sd_noise"": 0.0}",0.02,400,0.0,0.211525,2.174265,0.296922,0.259199,0.816071,4321,0,0.919948,0.9764,762,0.061845,5.792958
ita.V.orth.mgn,cue_ngram-2_ridge_shift-1.0_sem_dim-400_sem_sd_inflection-2.0_sem_sd_noise-0.0,"{""cue_ngram"": 2, ""ridge_shift"": 1.0, ""sem_dim"": 400, ""sem_sd_inflection"": 2.0, ""sem_sd_noise"": 0.0}",1.0,400,0.0,0.209442,2.186994,0.270771,0.258968,0.808758,4321,0,0.918635,0.9751,762,0.06188,5.774916
ita.V.orth.mgn,cue_ngram-2_ridge_shift-10.0_sem_dim-400_sem_sd_inflection-2.0_sem_sd_noise-0.0,"{""cue_ngram"": 2, ""ridge_shift"": 10.0, ""sem_dim"": 400, ""sem_sd_inflection"": 2.0, ""sem_sd_noise"": 0.0}",10.0,400,0.0,0.196251,2.276325,0.238602,0.256191,0.766034,4321,0,0.872703,0.9409,762,0.065491,6.203847
ita.V.orth.mgn,cue_ngram-2_ridge_shift-100.0_sem_dim-400_sem_sd_inflection-2.0_sem_sd_noise-0.0,"{""cue_ngram"": 2, ""ridge_shift"": 100.0, ""sem_dim"": 400, ""sem_sd_inflection"": 2.0, ""sem_sd_noise"": 0.0}",100.0,400,0.0,0.170794,2.546401,0.217079,0.248322,0.687791,4321,0,0.750656,0.7638,762,0.050005,5.333387
ita.V.orth.mgn,cue_ngram-2_ridge_shift-0.02_sem_dim-400_sem_sd_inflection-2.0_sem_sd_noise-0.5,"{""cue_ngram"": 2, ""ridge_shift"": 0.02, ""sem_dim"": 400, ""sem_sd_inflection"": 2.0, ""sem_sd_noise"": 0.5}",0.02,400,0.5,0.207359,2.242999,0.271002,0.257348,0.805755,4321,0,0.918635,0.9777,762,0.06238,8.375234
ita.V.orth.mgn,cue_ngram-2_ridge_shift-1.0_sem_dim-400_sem_sd_inflection-2.0_sem_sd_noise-0.5,"{""cue_ngram"": 2, ""ridge_shift"": 1.0, ""sem_dim"": 400, ""sem_sd_inflection"": 2.0, ""sem_sd_noise"": 0.5}",1.0,400,0.5,0.205508,2.255959,0.246239,0.256191,0.802168,4321,0,0.914698,0.9751,762,0.059142,8.041359
ita.V.orth.mgn,cue_ngram-2_ridge_shift-10.0_sem_dim-400_sem_sd_inflection-2.0_sem_sd_noise-0.5,"{""cue_ngram"": 2, ""ridge_shift"": 10.0, ""sem_dim"": 400, ""sem_sd_inflection"": 2.0, ""sem_sd_noise"": 0.5}",10.0,400,0.5,0.194631,2.341125,0.220551,0.251794,0.772978,4321,0,0.864829,0.9383,762,0.073678,7.305482
ita.V.orth.mgn,cue_ngram-2_ridge_shift-100.0_sem_dim-400_sem_sd_inflection-2.0_sem_sd_noise-0.5,"{""cue_ngram"": 2, ""ridge_shift"": 100.0, ""sem_dim"": 400, ""sem_sd_inflection"": 2.0, ""sem_sd_noise"": 0.5}",100.0,400,0.5,0.168248,2.589678,0.211062,0.246239,0.683271,4321,0,0.707349,0.7612,762,0.058488,6.167907
ita.V.orth.mgn,cue_ngram-2_ridge_shift-0.02_sem_dim-400_sem_sd_inflection-2.0_sem_sd_noise-1.0,"{""cue_ngram"": 2, ""ridge_shift"": 0.02, ""sem_dim"": 400, ""sem_sd_inflection"": 2.0, ""sem_sd_noise"": 1.0}",0.02,400,1.0,0.206202,2.250636,0.265448,0.257811,0.79982,4321,0,0.923885,0.9816,762,0.051893,12.804819
ita.V.orth.mgn,cue_ngram-2_ridge_shift-1.0_sem_dim-400_sem_sd_inflection-2.0_sem_sd_noise-1.0,"{""cue_ngram"": 2, ""ridge_shift"": 1.0, ""sem_dim"": 400, ""sem_sd_inflection"": 2.0, ""sem_sd_noise"": 1.0}",1.0,400,1.0,0.205971,2.261282,0.236982,0.258042,0.798206,4321,0,0.914698,0.9764,762,0.053061,11.99003
ita.V.orth.mgn,cue_ngram-2_ridge_shift-10.0_sem_dim-400_sem_sd_inflection-2.0_sem_sd_noise-1.0,"{""cue_ngram"": 2, ""ridge_shift"": 10.0, ""sem_dim"": 400, ""sem_sd_inflection"": 2.0, ""sem_sd_noise"": 1.0}",10.0,400,1.0,0.191159,2.438324,0.203425,0.252256,0.757798,4321,0,0.867454,0.9409,762,0.049737,11.245492
ita.V.orth.mgn,cue_ngram-2_ridge_shift-100.0_sem_dim-400_sem_sd_inflection-2.0_sem_sd_noise-1.0,"{""cue_ngram"": 2, ""ridge_shift"": 100.0, ""sem_dim"": 400, ""sem_sd_inflection"": 2.0, ""sem_sd_noise"": 1.0}",100.0,400,1.0,0.165471,2.773664,0.186994,0.242305,0.682904,4321,0,0.699475,0.7717,762,0.059429,8.995785
ita.V.orth.mgn,cue_ngram-2_ridge_shift-0.02_sem_dim-1000_sem_sd_inflection-2.0_sem_sd_noise-0.0,"{""cue_ngram"": 2, ""ridge_shift"": 0.02, ""sem_dim"": 1000, ""sem_sd_inflection"": 2.0, ""sem_sd_noise"": 0.0}",0.02,1000,0.0,0.212451,2.176117,0.295302,0.259431,0.818912,4321,0,0.922572,0.9816,762,0.170534,8.945915
ita.V.orth.mgn,cue_ngram-2_ridge_shift-1.0_sem_dim-1000_sem_sd_inflection-2.0_sem_sd_noise-0.0,"{""cue_ngram"": 2, ""ridge_shift"": 1.0, ""sem_dim"": 1000, ""sem_sd_inflection"": 2.0, ""sem_sd_noise"": 0.0}",1.0,1000,0.0,0.208979,2.176811,0.270308,0.259431,0.805531,4321,0,0.922572,0.9777,762,0.152901,8.837865
ita.V.orth.mgn,cue_ngram-2_ridge_shift-10.0_sem_dim-1000_sem_sd_inflection-2.0_sem_sd_noise-0.0,"{""cue_ngram"": 2, ""ridge_shift"": 10.0, ""sem_dim"": 1000, ""sem_sd_inflection"": 2.0, ""sem_sd_noise"": 0.0}",10.0,1000,0.0,0.195325,2.270539,0.235362,0.257579,0.758311,4321,0,0.887139,0.9449,762,0.453254,9.042715
ita.V.orth.mgn,cue_ngram-2_ridge_shift-100.0_sem_dim-1000_sem_sd_inflection-2.0_sem_sd_noise-0.0,"{""cue_ngram"": 2, ""ridge_shift"": 100.0, ""sem_dim"": 1000, ""sem_sd_inflection"": 2.0, ""sem_sd_noise"": 0.0}",100.0,1000,0.0,0.170794,2.532516,0.218005,0.246934,0.691659,4321,0,0.74147,0.8005,762,0.362958,8.751234
ita.V.orth.mgn,cue_ngram-2_ridge_shift-0.02_sem_dim-1000_sem_sd_inflection-2.0_sem_sd_noise-0.5,"{""cue_ngram"": 2, ""ridge_shift"": 0.02, ""sem_dim"": 1000, ""sem_sd_inflection"": 2.0, ""sem_sd_noise"": 0.5}",0.02,1000,0.5,0.194399,2.325156,0.235594,0.247396,0.785781,4321,0,0.91601,0.9803,762,0.175512,33.879158
ita.V.orth.mgn,cue_ngram-2_ridge_shift-1.0_sem_dim-1000_sem_sd_inflection-2.0_sem_sd_noise-0.5,"{""cue_ngram"": 2, ""ridge_shift"": 1.0, ""sem_dim"": 1000, ""sem_sd_inflection"": 2.0, ""sem_sd_noise"": 0.5}",1.0,1000,0.5,0.196251,2.290211,0.204119,0.248785,0.788837,4321,0,0.912073,0.979,762,0.200302,30.055462
ita.V.orth.mgn,cue_ngram-2_ridge_shift-10.0_sem_dim-1000_sem_sd_inflection-2.0_sem_sd_noise-0.5,"{""cue_ngram"": 2, ""ridge_shift"": 10.0, ""sem_dim"": 1000, ""sem_sd_inflection"": 2.0, ""sem_sd_noise"": 0.5}",10.0,1000,0.5,0.185837,2.378847,0.193474,0.246934,0.752577,4321,0,0.863517,0.9462,762,0.349251,19.510644
ita.V.orth.mgn,cue_ngram-2_ridge_shift-100.0_sem_dim-1000_sem_sd_inflection-2.0_sem_sd_noise-0.5,"{""cue_ngram"": 2, ""ridge_shift"": 100.0, ""sem_dim"": 1000, ""sem_sd_inflection"": 2.0, ""sem_sd_noise"": 0.5}",100.0,1000,0.5,0.168711,2.543856,0.207822,0.243462,0.692966,4321,0,0.688976,0.8018,762,0.151391,11.755276
ita.V.orth.mgn,cue_ngram-2_ridge_shift-0.02_sem_dim-1000_sem_sd_inflection-2.0_sem_sd_noise-1.0,"{""cue_ngram"": 2, ""ridge_shift"": 0.02, ""sem_dim"": 1000, ""sem_sd_inflection"": 2.0, ""sem_sd_noise"": 1.0}",0.02,1000,1.0,0.196945,2.318676,0.237445,0.247628,0.795327,4321,0,0.925197,0.9829,762,0.14639,43.290055
ita.V.orth.mgn,cue_ngram-2_ridge_shift-1.0_sem_dim-1000_sem_sd_inflection-2.0_sem_sd_noise-1.0,"{""cue_ngram"": 2, ""ridge_shift"": 1.0, ""sem_dim"": 1000, ""sem_sd_inflection"": 2.0, ""sem_sd_noise"": 1.0}",1.0,1000,1.0,0.197871,2.303402,0.203425,0.247165,0.800562,4321,0,0.91601,0.9803,762,0.403869,41.012665
ita.V.orth.mgn,cue_ngram-2_ridge_shift-10.0_sem_dim-1000_sem_sd_inflection-2.0_sem_sd_noise-1.0,"{""cue_ngram"": 2, ""ridge_shift"": 10.0, ""sem_dim"": 1000, ""sem_sd_inflection"": 2.0, ""sem_sd_noise"": 1.0}",10.0,1000,1.0,0.187457,2.435084,0.174265,0.245545,0.763431,4321,0,0.864829,0.9475,762,0.147701,32.149313
ita.V.orth.mgn,cue_ngram-2_ridge_shift-100.0_sem_dim-1000_sem_sd_inflection-2.0_sem_sd_noise-1.0,"{""cue_ngram"": 2, ""ridge_shift"": 100.0, ""sem_dim"": 1000, ""sem_sd_inflection"": 2.0, ""sem_sd_noise"": 1.0}",100.0,1000,1.0,0.162231,2.66605,0.180282,0.238371,0.680583,4321,0,0.671916,0.8045,762,0.399102,15.36637
fin.V.orth.mgn,cue_ngram-2_ridge_shift-0.02_sem_dim-100_sem_sd_inflection-2.0_sem_sd_noise-0.0,"{""cue_ngram"": 2, ""ridge_shift"": 0.02, ""sem_dim"": 100, ""sem_sd_inflection"": 2.0, ""sem_sd_noise"": 0.0}",0.02,100,0.0,0.126942,2.864793,0.127934,0.163967,0.774194,3025,0,0.774843,0.9874,795,0.040503,498.984432
fin.V.orth.mgn,cue_ngram-2_ridge_shift-1.0_sem_dim-100_sem_sd_inflection-2.0_sem_sd_noise-0.0,"{""cue_ngram"": 2, ""ridge_shift"": 1.0, ""sem_dim"": 100, ""sem_sd_inflection"": 2.0, ""sem_sd_noise"": 0.0}",1.0,100,0.0,0.119669,2.967273,0.092231,0.160661,0.744856,3025,0,0.750943,0.9761,795,0.032971,525.87124
fin.V.orth.mgn,cue_ngram-2_ridge_shift-10.0_sem_dim-100_sem_sd_inflection-2.0_sem_sd_noise-0.0,"{""cue_ngram"": 2, ""ridge_shift"": 10.0, ""sem_dim"": 100, ""sem_sd_inflection"": 2.0, ""sem_sd_noise"": 0.0}",10.0,100,0.0,0.09124,3.489587,0.053884,0.151074,0.603939,3025,0,0.632704,0.9333,795,0.025619,540.800287
fin.V.orth.mgn,cue_ngram-2_ridge_shift-100.0_sem_dim-100_sem_sd_inflection-2.0_sem_sd_noise-0.0,"{""cue_ngram"": 2, ""ridge_shift"": 100.0, ""sem_dim"": 100, ""sem_sd_inflection"": 2.0, ""sem_sd_noise"": 0.0}",100.0,100,0.0,0.042645,4.553058,0.041653,0.111074,0.383929,3025,0,0.348428,0.6717,795,0.024189,452.701309
fin.V.orth.mgn,cue_ngram-2_ridge_shift-0.02_sem_dim-100_sem_sd_inflection-2.0_sem_sd_noise-0.5,"{""cue_ngram"": 2, ""ridge_shift"": 0.02, ""sem_dim"": 100, ""sem_sd_inflection"": 2.0, ""sem_sd_noise"": 0.5}",0.02,100,0.5,0.128595,2.906116,0.133554,0.163306,0.787449,3025,0,0.778616,0.9887,795,0.033559,475.746294
fin.V.orth.mgn,cue_ngram-2_ridge_shift-1.0_sem_dim-100_sem_sd_inflection-2.0_sem_sd_noise-0.5,"{""cue_ngram"": 2, ""ridge_shift"": 1.0, ""sem_dim"": 100, ""sem_sd_inflection"": 2.0, ""sem_sd_noise"": 0.5}",1.0,100,0.5,0.121322,2.987769,0.093554,0.16,0.758264,3025,0,0.754717,0.9774,795,0.029969,428.866052
fin.V.orth.mgn,cue_ngram-2_ridge_shift-10.0_sem_dim-100_sem_sd_inflection-2.0_sem_sd_noise-0.5,"{""cue_ngram"": 2, ""ridge_shift"": 10.0, ""sem_dim"": 100, ""sem_sd_inflection"": 2.0, ""sem_sd_noise"": 0.5}",10.0,100,0.5,0.092562,3.481322,0.05686,0.150083,0.61674,3025,0,0.644025,0.9321,795,0.024897,486.39789
fin.V.orth.mgn,cue_ngram-2_ridge_shift-100.0_sem_dim-100_sem_sd_inflection-2.0_sem_sd_noise-0.5,"{""cue_ngram"": 2, ""ridge_shift"": 100.0, ""sem_dim"": 100, ""sem_sd_inflection"": 2.0, ""sem_sd_noise"": 0.5}",100.0,100,0.5,0.041653,4.530248,0.043967,0.109421,0.380665,3025,0,0.343396,0.6541,795,0.025833,320.886365
fin.V.orth.mgn,cue_ngram-2_ridge_shift-0.02_sem_dim-100_sem_sd_inflection-2.0_sem_sd_noise-1.0,"{""cue_ngram"": 2, ""ridge_shift"": 0.02, ""sem_dim"": 100, ""sem_sd_inflection"": 2.0, ""sem_sd_noise"": 1.0}",0.02,100,1.0,0.124628,2.973223,0.145455,0.160331,0.77732,3025,0,0.779874,0.9874,795,0.019818,71.232799
fin.V.orth.mgn,cue_ngram-2_ridge_shift-1.0_sem_dim-100_sem_sd_inflection-2.0_sem_sd_noise-1.0,"{""cue_ngram"": 2, ""ridge_shift"": 1.0, ""sem_dim"": 100, ""sem_sd_inflection"": 2.0, ""sem_sd_noise"": 1.0}",1.0,100,1.0,0.117025,3.029421,0.09719,0.158017,0.740586,3025,0,0.752201,0.9774,795,0.019747,69.238621
fin.V.orth.mgn,cue_ngram-2_ridge_shift-10.0_sem_dim-100_sem_sd_inflection-2.0_sem_sd_noise-1.0,"{""cue_ngram"": 2, ""ridge_shift"": 10.0, ""sem_dim"": 100, ""sem_sd_inflection"": 2.0, ""sem_sd_noise"": 1.0}",10.0,100,1.0,0.092893,3.473058,0.060496,0.150083,0.618943,3025,0,0.626415,0.9308,795,0.039138,68.170433
fin.V.orth.mgn,cue_ngram-2_ridge_shift-100.0_sem_dim-100_sem_sd_inflection-2.0_sem_sd_noise-1.0,"{""cue_ngram"": 2, ""ridge_shift"": 100.0, ""sem_dim"": 100, ""sem_sd_inflection"": 2.0, ""sem_sd_noise"": 1.0}",100.0,100,1.0,0.041653,4.550083,0.045289,0.109421,0.380665,3025,0,0.330818,0.6327,795,0.020084,63.809463
fin.V.orth.mgn,cue_ngram-2_ridge_shift-0.02_sem_dim-200_sem_sd_inflection-2.0_sem_sd_noise-0.0,"{""cue_ngram"": 2, ""ridge_shift"": 0.02, ""sem_dim"": 200, ""sem_sd_inflection"": 2.0, ""sem_sd_noise"": 0.0}",0.02,200,0.0,0.135537,2.560661,0.217851,0.174215,0.777989,3025,0,0.865409,0.9874,795,0.03716,18.732793
fin.V.orth.mgn,cue_ngram-2_ridge_shift-1.0_sem_dim-200_sem_sd_inflection-2.0_sem_sd_noise-0.0,"{""cue_ngram"": 2, ""ridge_shift"": 1.0, ""sem_dim"": 200, ""sem_sd_inflection"": 2.0, ""sem_sd_noise"": 0.0}",1.0,200,0.0,0.129256,2.623471,0.179504,0.171901,0.751923,3025,0,0.855346,0.9824,795,0.031828,33.51276
fin.V.orth.mgn,cue_ngram-2_ridge_shift-10.0_sem_dim-200_sem_sd_inflection-2.0_sem_sd_noise-0.0,"{""cue_ngram"": 2, ""ridge_shift"": 10.0, ""sem_dim"": 200, ""sem_sd_inflection"": 2.0, ""sem_sd_noise"": 0.0}",10.0,200,0.0,0.107107,2.881322,0.139174,0.162645,0.658537,3025,0,0.762264,0.9409,795,0.039752,18.288557
fin.V.orth.mgn,cue_ngram-2_ridge_shift-100.0_sem_dim-200_sem_sd_inflection-2.0_sem_sd_noise-0.0,"{""cue_ngram"": 2, ""ridge_shift"": 100.0, ""sem_dim"": 200, ""sem_sd_inflection"": 2.0, ""sem_sd_noise"": 0.0}",100.0,200,0.0,0.071405,3.535207,0.119339,0.148099,0.482143,3025,0,0.539623,0.7396,795,0.033105,55.957124
fin.V.orth.mgn,cue_ngram-2_ridge_shift-0.02_sem_dim-200_sem_sd_inflection-2.0_sem_sd_noise-0.5,"{""cue_ngram"": 2, ""ridge_shift"": 0.02, ""sem_dim"": 200, ""sem_sd_inflection"": 2.0, ""sem_sd_noise"": 0.5}",0.02,200,0.5,0.132893,2.535207,0.193058,0.174545,0.761364,3025,0,0.85283,0.9887,795,0.043058,40.871641
fin.V.orth.mgn,cue_ngram-2_ridge_shift-1.0_sem_dim-200_sem_sd_inflection-2.0_sem_sd_noise-0.5,"{""cue_ngram"": 2, ""ridge_shift"": 1.0, ""sem_dim"": 200, ""sem_sd_inflection"": 2.0, ""sem_sd_noise"": 0.5}",1.0,200,0.5,0.127603,2.642975,0.14843,0.170579,0.748062,3025,0,0.837736,0.9811,795,0.044373,43.349704
fin.V.orth.mgn,cue_ngram-2_ridge_shift-10.0_sem_dim-200_sem_sd_inflection-2.0_sem_sd_noise-0.5,"{""cue_ngram"": 2, ""ridge_shift"": 10.0, ""sem_dim"": 200, ""sem_sd_inflection"": 2.0, ""sem_sd_noise"": 0.5}",10.0,200,0.5,0.10876,2.94843,0.116694,0.160992,0.675565,3025,0,0.740881,0.9447,795,0.044916,42.573247
fin.V.orth.mgn,cue_ngram-2_ridge_shift-100.0_sem_dim-200_sem_sd_inflection-2.0_sem_sd_noise-0.5,"{""cue_ngram"": 2, ""ridge_shift"": 100.0, ""sem_dim"": 200, ""sem_sd_inflection"": 2.0, ""sem_sd_noise"": 0.5}",100.0,200,0.5,0.070083,3.666116,0.096529,0.141818,0.494172,3025,0,0.489308,0.7371,795,0.028501,38.854505
fin.V.orth.mgn,cue_ngram-2_ridge_shift-0.02_sem_dim-200_sem_sd_inflection-2.0_sem_sd_noise-1.0,"{""cue_ngram"": 2, ""ridge_shift"": 0.02, ""sem_dim"": 200, ""sem_sd_inflection"": 2.0, ""sem_sd_noise"": 1.0}",0.02,200,1.0,0.132231,2.524628,0.178512,0.173554,0.761905,3025,0,0.854088,0.9887,795,0.040515,55.221201
fin.V.orth.mgn,cue_ngram-2_ridge_shift-1.0_sem_dim-200_sem_sd_inflection-2.0_sem_sd_noise-1.0,"{""cue_ngram"": 2, ""ridge_shift"": 1.0, ""sem_dim"": 200, ""sem_sd_inflection"": 2.0, ""sem_sd_noise"": 1.0}",1.0,200,1.0,0.126942,2.649256,0.132562,0.167934,0.755906,3025,0,0.844025,0.9799,795,0.034267,54.136772
fin.V.orth.mgn,cue_ngram-2_ridge_shift-10.0_sem_dim-200_sem_sd_inflection-2.0_sem_sd_noise-1.0,"{""cue_ngram"": 2, ""ridge_shift"": 10.0, ""sem_dim"": 200, ""sem_sd_inflection"": 2.0, ""sem_sd_noise"": 1.0}",10.0,200,1.0,0.106446,3.008926,0.097851,0.158347,0.672234,3025,0,0.738365,0.9459,795,0.033702,55.606306
fin.V.orth.mgn,cue_ngram-2_ridge_shift-100.0_sem_dim-200_sem_sd_inflection-2.0_sem_sd_noise-1.0,"{""cue_ngram"": 2, ""ridge_shift"": 100.0, ""sem_dim"": 200, ""sem_sd_inflection"": 2.0, ""sem_sd_noise"": 1.0}",100.0,200,1.0,0.065455,3.783802,0.079008,0.13719,0.477108,3025,0,0.447799,0.7296,795,0.045406,94.232027
fin.V.orth.mgn,cue_ngram-2_ridge_shift-0.02_sem_dim-400_sem_sd_inflection-2.0_sem_sd_noise-0.0,"{""cue_ngram"": 2, ""ridge_shift"": 0.02, ""sem_dim"": 400, ""sem_sd_inflection"": 2.0, ""sem_sd_noise"": 0.0}",0.02,400,0.0,0.133884,2.523306,0.250909,0.172562,0.775862,3025,0,0.87044,0.9899,795,0.094185,4.924789
fin.V.orth.mgn,cue_ngram-2_ridge_shift-1.0_sem_dim-400_sem_sd_inflection-2.0_sem_sd_noise-0.0,"{""cue_ngram"": 2, ""ridge_shift"": 1.0, ""sem_dim"": 400, ""sem_sd_inflection"": 2.0, ""sem_sd_noise"": 0.0}",1.0,400,0.0,0.130248,2.580826,0.209587,0.172893,0.753346,3025,0,0.860377,0.9824,795,0.051711,3.849316
fin.V.orth.mgn,cue_ngram-2_ridge_shift-10.0_sem_dim-400_sem_sd_inflection-2.0_sem_sd_noise-0.0,"{""cue_ngram"": 2, ""ridge_shift"": 10.0, ""sem_dim"": 400, ""sem_sd_inflection"": 2.0, ""sem_sd_noise"": 0.0}",10.0,400,0.0,0.112397,2.699835,0.18314,0.17157,0.655106,3025,0,0.784906,0.9572,795,0.054611,3.688939
fin.V.orth.mgn,cue_ngram-2_ridge_shift-100.0_sem_dim-400_sem_sd_inflection-2.0_sem_sd_noise-0.0,"{""cue_ngram"": 2, ""ridge_shift"": 100.0, ""sem_dim"": 400, ""sem_sd_inflection"": 2.0, ""sem_sd_noise"": 0.0}",100.0,400,0.0,0.082645,3.050909,0.173884,0.158017,0.523013,3025,0,0.605031,0.7925,795,0.061225,4.43338
fin.V.orth.mgn,cue_ngram-2_ridge_shift-0.02_sem_dim-400_sem_sd_inflection-2.0_sem_sd_noise-0.5,"{""cue_ngram"": 2, ""ridge_shift"": 0.02, ""sem_dim"": 400, ""sem_sd_inflection"": 2.0, ""sem_sd_noise"": 0.5}",0.02,400,0.5,0.13124,2.543471,0.204298,0.170248,0.770874,3025,0,0.847799,0.9887,795,0.087326,6.157427
fin.V.orth.mgn,cue_ngram-2_ridge_shift-1.0_sem_dim-400_sem_sd_inflection-2.0_sem_sd_noise-0.5,"{""cue_ngram"": 2, ""ridge_shift"": 1.0, ""sem_dim"": 400, ""sem_sd_inflection"": 2.0, ""sem_sd_noise"": 0.5}",1.0,400,0.5,0.128264,2.615207,0.161653,0.169587,0.756335,3025,0,0.840252,0.9824,795,0.073684,6.675907
fin.V.orth.mgn,cue_ngram-2_ridge_shift-10.0_sem_dim-400_sem_sd_inflection-2.0_sem_sd_noise-0.5,"{""cue_ngram"": 2, ""ridge_shift"": 10.0, ""sem_dim"": 400, ""sem_sd_inflection"": 2.0, ""sem_sd_noise"": 0.5}",10.0,400,0.5,0.111736,2.776529,0.141157,0.16595,0.673307,3025,0,0.754717,0.956,795,0.065528,5.789181
fin.V.orth.mgn,cue_ngram-2_ridge_shift-100.0_sem_dim-400_sem_sd_inflection-2.0_sem_sd_noise-0.5,"{""cue_ngram"": 2, ""ridge_shift"": 100.0, ""sem_dim"": 400, ""sem_sd_inflection"": 2.0, ""sem_sd_noise"": 0.5}",100.0,400,0.5,0.082645,3.076033,0.142479,0.156033,0.529661,3025,0,0.550943,0.8025,795,0.073177,4.903205
fin.V.orth.mgn,cue_ngram-2_ridge_shift-0.02_sem_dim-400_sem_sd_inflection-2.0_sem_sd_noise-1.0,"{""cue_ngram"": 2, ""ridge_shift"": 0.02, ""sem_dim"": 400, ""sem_sd_inflection"": 2.0, ""sem_sd_noise"": 1.0}",0.02,400,1.0,0.128595,2.551405,0.195372,0.162645,0.79065,3025,0,0.861635,0.9912,795,0.05686,9.478437
fin.V.orth.mgn,cue_ngram-2_ridge_shift-1.0_sem_dim-400_sem_sd_inflection-2.0_sem_sd_noise-1.0,"{""cue_ngram"": 2, ""ridge_shift"": 1.0, ""sem_dim"": 400, ""sem_sd_inflection"": 2.0, ""sem_sd_noise"": 1.0}",1.0,400,1.0,0.122645,2.642975,0.150744,0.161983,0.757143,3025,0,0.842767,0.9824,795,0.051835,8.916726
fin.V.orth.mgn,cue_ngram-2_ridge_shift-10.0_sem_dim-400_sem_sd_inflection-2.0_sem_sd_noise-1.0,"{""cue_ngram"": 2, ""ridge_shift"": 10.0, ""sem_dim"": 400, ""sem_sd_inflection"": 2.0, ""sem_sd_noise"": 1.0}",10.0,400,1.0,0.108099,2.87438,0.122314,0.158347,0.682672,3025,0,0.758491,0.9547,795,0.049873,8.520625
fin.V.orth.mgn,cue_ngram-2_ridge_shift-100.0_sem_dim-400_sem_sd_inflection-2.0_sem_sd_noise-1.0,"{""cue_ngram"": 2, ""ridge_shift"": 100.0, ""sem_dim"": 400, ""sem_sd_inflection"": 2.0, ""sem_sd_noise"": 1.0}",100.0,400,1.0,0.076694,3.311074,0.120992,0.146116,0.524887,3025,0,0.519497,0.8025,795,0.056873,7.974222
fin.V.orth.mgn,cue_ngram-2_ridge_shift-0.02_sem_dim-1000_sem_sd_inflection-2.0_sem_sd_noise-0.0,"{""cue_ngram"": 2, ""ridge_shift"": 0.02, ""sem_dim"": 1000, ""sem_sd_inflection"": 2.0, ""sem_sd_noise"": 0.0}",0.02,1000,0.0,0.134215,2.507769,0.259835,0.172562,0.777778,3025,0,0.875472,0.9912,795,0.299236,6.349887
fin.V.orth.mgn,cue_ngram-2_ridge_shift-1.0_sem_dim-1000_sem_sd_inflection-2.0_sem_sd_noise-0.0,"{""cue_ngram"": 2, ""ridge_shift"": 1.0, ""sem_dim"": 1000, ""sem_sd_inflection"": 2.0, ""sem_sd_noise"": 0.0}",1.0,1000,0.0,0.13124,2.540165,0.214215,0.172893,0.759082,3025,0,0.861635,0.9811,795,0.150021,6.507661
fin.V.orth.mgn,cue_ngram-2_ridge_shift-10.0_sem_dim-1000_sem_sd_inflection-2.0_sem_sd_noise-0.0,"{""cue_ngram"": 2, ""ridge_shift"": 10.0, ""sem_dim"": 1000, ""sem_sd_inflection"": 2.0, ""sem_sd_noise"": 0.0}",10.0,1000,0.0,0.116033,2.670744,0.186116,0.17157,0.676301,3025,0,0.801258,0.9547,795,0.147843,6.469279
fin.V.orth.mgn,cue_ngram-2_ridge_shift-100.0_sem_dim-1000_sem_sd_inflection-2.0_sem_sd_noise-0.0,"{""cue_ngram"": 2, ""ridge_shift"": 100.0, ""sem_dim"": 1000, ""sem_sd_inflection"": 2.0, ""sem_sd_noise"": 0.0}",100.0,1000,0.0,0.082645,3.055537,0.172562,0.160331,0.515464,3025,0,0.610063,0.8377,795,0.146249,6.380016
fin.V.orth.mgn,cue_ngram-2_ridge_shift-0.02_sem_dim-1000_sem_sd_inflection-2.0_sem_sd_noise-0.5,"{""cue_ngram"": 2, ""ridge_shift"": 0.02, ""sem_dim"": 1000, ""sem_sd_inflection"": 2.0, ""sem_sd_noise"": 0.5}",0.02,1000,0.5,0.130909,2.586116,0.153058,0.168595,0.776471,3025,0,0.844025,0.9912,795,0.131749,33.657126
fin.V.orth.mgn,cue_ngram-2_ridge_shift-1.0_sem_dim-1000_sem_sd_inflection-2.0_sem_sd_noise-0.5,"{""cue_ngram"": 2, ""ridge_shift"": 1.0, ""sem_dim"": 1000, ""sem_sd_inflection"": 2.0, ""sem_sd_noise"": 0.5}",1.0,1000,0.5,0.123636,2.693884,0.118347,0.164959,0.749499,3025,0,0.845283,0.9811,795,0.125616,24.958459
fin.V.orth.mgn,cue_ngram-2_ridge_shift-10.0_sem_dim-1000_sem_sd_inflection-2.0_sem_sd_noise-0.5,"{""cue_ngram"": 2, ""ridge_shift"": 10.0, ""sem_dim"": 1000, ""sem_sd_inflection"": 2.0, ""sem_sd_noise"": 0.5}",10.0,1000,0.5,0.105455,2.835702,0.109091,0.160992,0.655031,3025,0,0.754717,0.956,795,0.137206,10.801612
fin.V.orth.mgn,cue_ngram-2_ridge_shift-100.0_sem_dim-1000_sem_sd_inflection-2.0_sem_sd_noise-0.5,"{""cue_ngram"": 2, ""ridge_shift"": 100.0, ""sem_dim"": 1000, ""sem_sd_inflection"": 2.0, ""sem_sd_noise"": 0.5}",100.0,1000,0.5,0.08,3.046281,0.135868,0.157355,0.508403,3025,0,0.503145,0.8352,795,0.155094,7.359669
fin.V.orth.mgn,cue_ngram-2_ridge_shift-0.02_sem_dim-1000_sem_sd_inflection-2.0_sem_sd_noise-1.0,"{""cue_ngram"": 2, ""ridge_shift"": 0.02, ""sem_dim"": 1000, ""sem_sd_inflection"": 2.0, ""sem_sd_noise"": 1.0}",0.02,1000,1.0,0.127273,2.592727,0.152397,0.163306,0.779352,3025,0,0.85283,0.9912,795,0.142016,72.811179
fin.V.orth.mgn,cue_ngram-2_ridge_shift-1.0_sem_dim-1000_sem_sd_inflection-2.0_sem_sd_noise-1.0,"{""cue_ngram"": 2, ""ridge_shift"": 1.0, ""sem_dim"": 1000, ""sem_sd_inflection"": 2.0, ""sem_sd_noise"": 1.0}",1.0,1000,1.0,0.121983,2.707438,0.113719,0.160331,0.760825,3025,0,0.850314,0.9811,795,0.14973,67.139159
fin.V.orth.mgn,cue_ngram-2_ridge_shift-10.0_sem_dim-1000_sem_sd_inflection-2.0_sem_sd_noise-1.0,"{""cue_ngram"": 2, ""ridge_shift"": 10.0, ""sem_dim"": 1000, ""sem_sd_inflection"": 2.0, ""sem_sd_noise"": 1.0}",10.0,1000,1.0,0.106116,2.912066,0.09157,0.158347,0.670146,3025,0,0.773585,0.956,795,0.146514,36.539657
fin.V.orth.mgn,cue_ngram-2_ridge_shift-100.0_sem_dim-1000_sem_sd_inflection-2.0_sem_sd_noise-1.0,"{""cue_ngram"": 2, ""ridge_shift"": 100.0, ""sem_dim"": 1000, ""sem_sd_inflection"": 2.0, ""sem_sd_noise"": 1.0}",100.0,1000,1.0,0.078347,3.129587,0.107107,0.151405,0.517467,3025,0,0.493082,0.8365,795,0.339004,12.252535
