setting,setting_json,ridge_shift,sem_dim,sem_sd_noise,mean_accuracy,mean_edit_distance,mean_copy,mean_gold_in_candidates,mean_train_production,acc_fin.V.orth.mgn,acc_ita.V.orth.mgn
cue_ngram-2_ridge_shift-0.02_sem_dim-1000_sem_sd_inflection-2.0_sem_sd_noise-0.0,"{""cue_ngram"": 2, ""ridge_shift"": 0.02, ""sem_dim"": 1000, ""sem_sd_inflection"": 2.0, ""sem_sd_noise"": 0.0}",0.02,1000,0.0,0.173333,2.341943,0.277568,0.215996,0.899022,0.134215,0.212451
cue_ngram-2_ridge_shift-0.02_sem_dim-400_sem_sd_inflection-2.0_sem_sd_noise-0.0,"{""cue_ngram"": 2, ""ridge_shift"": 0.02, ""sem_dim"": 400, ""sem_sd_inflection"": 2.0, ""sem_sd_noise"": 0.0}",0.02,400,0.0,0.172705,2.348786,0.273916,0.215881,0.895194,0.133884,0.211525
cue_ngram-2_ridge_shift-0.02_sem_dim-200_sem_sd_inflection-2.0_sem_sd_noise-0.0,"{""cue_ngram"": 2, ""ridge_shift"": 0.02, ""sem_dim"": 200, ""sem_sd_inflection"": 2.0, ""sem_sd_noise"": 0.0}",0.02,200,0.0,0.17249,2.44071,0.243154,0.21717,0.89071,0.135537,0.209442
cue_ngram-2_ridge_shift-1.0_sem_dim-1000_sem_sd_inflection-2.0_sem_sd_noise-0.0,"{""cue_ngram"": 2, ""ridge_shift"": 1.0, ""sem_dim"": 1000, ""sem_sd_inflection"": 2.0, ""sem_sd_noise"": 0.0}",1.0,1000,0.0,0.17011,2.358488,0.242261,0.216162,0.892104,0.13124,0.208979
cue_ngram-2_ridge_shift-1.0_sem_dim-400_sem_sd_inflection-2.0_sem_sd_noise-0.0,"{""cue_ngram"": 2, ""ridge_shift"": 1.0, ""sem_dim"": 400, ""sem_sd_inflection"": 2.0, ""sem_sd_noise"": 0.0}",1.0,400,0.0,0.169845,2.38391,0.240179,0.21593,0.889506,0.130248,0.209442
cue_ngram-2_ridge_shift-0.02_sem_dim-400_sem_sd_inflection-2.0_sem_sd_noise-0.5,"{""cue_ngram"": 2, ""ridge_shift"": 0.02, ""sem_dim"": 400, ""sem_sd_inflection"": 2.0, ""sem_sd_noise"": 0.5}",0.02,400,0.5,0.1693,2.393235,0.23765,0.213798,0.883217,0.13124,0.207359
cue_ngram-2_ridge_shift-0.02_sem_dim-200_sem_sd_inflection-2.0_sem_sd_noise-0.5,"{""cue_ngram"": 2, ""ridge_shift"": 0.02, ""sem_dim"": 200, ""sem_sd_inflection"": 2.0, ""sem_sd_noise"": 0.5}",0.02,200,0.5,0.168969,2.438976,0.225781,0.215484,0.885077,0.132893,0.205045
cue_ngram-2_ridge_shift-1.0_sem_dim-200_sem_sd_inflection-2.0_sem_sd_noise-0.0,"{""cue_ngram"": 2, ""ridge_shift"": 1.0, ""sem_dim"": 200, ""sem_sd_inflection"": 2.0, ""sem_sd_noise"": 0.0}",1.0,200,0.0,0.168655,2.456841,0.209169,0.216129,0.885022,0.129256,0.208054
cue_ngram-2_ridge_shift-0.02_sem_dim-200_sem_sd_inflection-2.0_sem_sd_noise-1.0,"{""cue_ngram"": 2, ""ridge_shift"": 0.02, ""sem_dim"": 200, ""sem_sd_inflection"": 2.0, ""sem_sd_noise"": 1.0}",0.02,200,1.0,0.168407,2.453242,0.21226,0.214294,0.885049,0.132231,0.204582
cue_ngram-2_ridge_shift-1.0_sem_dim-200_sem_sd_inflection-2.0_sem_sd_noise-0.5,"{""cue_ngram"": 2, ""ridge_shift"": 1.0, ""sem_dim"": 200, ""sem_sd_inflection"": 2.0, ""sem_sd_noise"": 0.5}",1.0,200,0.5,0.167944,2.480016,0.188656,0.212806,0.876217,0.127603,0.208285
cue_ngram-2_ridge_shift-0.02_sem_dim-400_sem_sd_inflection-2.0_sem_sd_noise-1.0,"{""cue_ngram"": 2, ""ridge_shift"": 0.02, ""sem_dim"": 400, ""sem_sd_inflection"": 2.0, ""sem_sd_noise"": 1.0}",0.02,400,1.0,0.167399,2.401021,0.23041,0.210228,0.89276,0.128595,0.206202
cue_ngram-2_ridge_shift-1.0_sem_dim-200_sem_sd_inflection-2.0_sem_sd_noise-1.0,"{""cue_ngram"": 2, ""ridge_shift"": 1.0, ""sem_dim"": 200, ""sem_sd_inflection"": 2.0, ""sem_sd_noise"": 1.0}",1.0,200,1.0,0.167266,2.499356,0.173432,0.211831,0.880018,0.126942,0.207591
cue_ngram-2_ridge_shift-1.0_sem_dim-400_sem_sd_inflection-2.0_sem_sd_noise-0.5,"{""cue_ngram"": 2, ""ridge_shift"": 1.0, ""sem_dim"": 400, ""sem_sd_inflection"": 2.0, ""sem_sd_noise"": 0.5}",1.0,400,0.5,0.166886,2.435583,0.203946,0.212889,0.877475,0.128264,0.205508
cue_ngram-2_ridge_shift-1.0_sem_dim-400_sem_sd_inflection-2.0_sem_sd_noise-1.0,"{""cue_ngram"": 2, ""ridge_shift"": 1.0, ""sem_dim"": 400, ""sem_sd_inflection"": 2.0, ""sem_sd_noise"": 1.0}",1.0,400,1.0,0.164308,2.452129,0.193863,0.210013,0.878733,0.122645,0.205971
cue_ngram-2_ridge_shift-0.02_sem_dim-1000_sem_sd_inflection-2.0_sem_sd_noise-0.5,"{""cue_ngram"": 2, ""ridge_shift"": 0.02, ""sem_dim"": 1000, ""sem_sd_inflection"": 2.0, ""sem_sd_noise"": 0.5}",0.02,1000,0.5,0.162654,2.455636,0.194326,0.207996,0.880018,0.130909,0.194399
cue_ngram-2_ridge_shift-0.02_sem_dim-1000_sem_sd_inflection-2.0_sem_sd_noise-1.0,"{""cue_ngram"": 2, ""ridge_shift"": 0.02, ""sem_dim"": 1000, ""sem_sd_inflection"": 2.0, ""sem_sd_noise"": 1.0}",0.02,1000,1.0,0.162109,2.455702,0.194921,0.205467,0.889014,0.127273,0.196945
cue_ngram-2_ridge_shift-1.0_sem_dim-1000_sem_sd_inflection-2.0_sem_sd_noise-0.5,"{""cue_ngram"": 2, ""ridge_shift"": 1.0, ""sem_dim"": 1000, ""sem_sd_inflection"": 2.0, ""sem_sd_noise"": 0.5}",1.0,1000,0.5,0.159944,2.492047,0.161233,0.206872,0.878678,0.123636,0.196251
cue_ngram-2_ridge_shift-1.0_sem_dim-1000_sem_sd_inflection-2.0_sem_sd_noise-1.0,"{""cue_ngram"": 2, ""ridge_shift"": 1.0, ""sem_dim"": 1000, ""sem_sd_inflection"": 2.0, ""sem_sd_noise"": 1.0}",1.0,1000,1.0,0.159927,2.50542,0.158572,0.203748,0.883162,0.121983,0.197871
cue_ngram-2_ridge_shift-0.02_sem_dim-100_sem_sd_inflection-2.0_sem_sd_noise-0.5,"{""cue_ngram"": 2, ""ridge_shift"": 0.02, ""sem_dim"": 100, ""sem_sd_inflection"": 2.0, ""sem_sd_noise"": 0.5}",0.02,100,0.5,0.157679,2.840237,0.164439,0.201533,0.82566,0.128595,0.186762
cue_ngram-2_ridge_shift-10.0_sem_dim-1000_sem_sd_inflection-2.0_sem_sd_noise-0.0,"{""cue_ngram"": 2, ""ridge_shift"": 10.0, ""sem_dim"": 1000, ""sem_sd_inflection"": 2.0, ""sem_sd_noise"": 0.0}",10.0,1000,0.0,0.155679,2.470642,0.210739,0.214575,0.844198,0.116033,0.195325
cue_ngram-2_ridge_shift-0.02_sem_dim-100_sem_sd_inflection-2.0_sem_sd_noise-1.0,"{""cue_ngram"": 2, ""ridge_shift"": 0.02, ""sem_dim"": 100, ""sem_sd_inflection"": 2.0, ""sem_sd_noise"": 1.0}",0.02,100,1.0,0.155464,2.883742,0.172588,0.199814,0.823664,0.124628,0.186299
cue_ngram-2_ridge_shift-10.0_sem_dim-400_sem_sd_inflection-2.0_sem_sd_noise-0.0,"{""cue_ngram"": 2, ""ridge_shift"": 10.0, ""sem_dim"": 400, ""sem_sd_inflection"": 2.0, ""sem_sd_noise"": 0.0}",10.0,400,0.0,0.154324,2.48808,0.210871,0.21388,0.828805,0.112397,0.196251
cue_ngram-2_ridge_shift-0.02_sem_dim-100_sem_sd_inflection-2.0_sem_sd_noise-0.0,"{""cue_ngram"": 2, ""ridge_shift"": 0.02, ""sem_dim"": 100, ""sem_sd_inflection"": 2.0, ""sem_sd_noise"": 0.0}",0.02,100,0.0,0.153959,2.826634,0.16163,0.19897,0.823773,0.126942,0.180977
cue_ngram-2_ridge_shift-1.0_sem_dim-100_sem_sd_inflection-2.0_sem_sd_noise-0.5,"{""cue_ngram"": 2, ""ridge_shift"": 1.0, ""sem_dim"": 100, ""sem_sd_inflection"": 2.0, ""sem_sd_noise"": 0.5}",1.0,100,0.5,0.153695,2.877939,0.125809,0.201153,0.809773,0.121322,0.186068
cue_ngram-2_ridge_shift-10.0_sem_dim-400_sem_sd_inflection-2.0_sem_sd_noise-0.5,"{""cue_ngram"": 2, ""ridge_shift"": 10.0, ""sem_dim"": 400, ""sem_sd_inflection"": 2.0, ""sem_sd_noise"": 0.5}",10.0,400,0.5,0.153183,2.558827,0.180854,0.208872,0.809773,0.111736,0.194631
cue_ngram-2_ridge_shift-1.0_sem_dim-100_sem_sd_inflection-2.0_sem_sd_noise-1.0,"{""cue_ngram"": 2, ""ridge_shift"": 1.0, ""sem_dim"": 100, ""sem_sd_inflection"": 2.0, ""sem_sd_noise"": 1.0}",1.0,100,1.0,0.150274,2.911147,0.130405,0.199004,0.805891,0.117025,0.183522
cue_ngram-2_ridge_shift-1.0_sem_dim-100_sem_sd_inflection-2.0_sem_sd_noise-0.0,"{""cue_ngram"": 2, ""ridge_shift"": 1.0, ""sem_dim"": 100, ""sem_sd_inflection"": 2.0, ""sem_sd_noise"": 0.0}",1.0,100,0.0,0.149976,2.88123,0.126421,0.19859,0.80723,0.119669,0.180282
cue_ngram-2_ridge_shift-10.0_sem_dim-400_sem_sd_inflection-2.0_sem_sd_noise-1.0,"{""cue_ngram"": 2, ""ridge_shift"": 10.0, ""sem_dim"": 400, ""sem_sd_inflection"": 2.0, ""sem_sd_noise"": 1.0}",10.0,400,1.0,0.149629,2.656352,0.16287,0.205302,0.812972,0.108099,0.191159
cue_ngram-2_ridge_shift-10.0_sem_dim-200_sem_sd_inflection-2.0_sem_sd_noise-0.5,"{""cue_ngram"": 2, ""ridge_shift"": 10.0, ""sem_dim"": 200, ""sem_sd_inflection"": 2.0, ""sem_sd_noise"": 0.5}",10.0,200,0.5,0.14915,2.755168,0.153348,0.205004,0.797606,0.10876,0.189539
cue_ngram-2_ridge_shift-10.0_sem_dim-200_sem_sd_inflection-2.0_sem_sd_noise-0.0,"{""cue_ngram"": 2, ""ridge_shift"": 10.0, ""sem_dim"": 200, ""sem_sd_inflection"": 2.0, ""sem_sd_noise"": 0.0}",10.0,200,0.0,0.148323,2.695926,0.170605,0.208723,0.808297,0.107107,0.189539
cue_ngram-2_ridge_shift-10.0_sem_dim-200_sem_sd_inflection-2.0_sem_sd_noise-1.0,"{""cue_ngram"": 2, ""ridge_shift"": 10.0, ""sem_dim"": 200, ""sem_sd_inflection"": 2.0, ""sem_sd_noise"": 1.0}",10.0,200,1.0,0.147183,2.810642,0.136058,0.201946,0.796348,0.106446,0.187919
cue_ngram-2_ridge_shift-10.0_sem_dim-1000_sem_sd_inflection-2.0_sem_sd_noise-1.0,"{""cue_ngram"": 2, ""ridge_shift"": 10.0, ""sem_dim"": 1000, ""sem_sd_inflection"": 2.0, ""sem_sd_noise"": 1.0}",10.0,1000,1.0,0.146786,2.673575,0.132918,0.201946,0.819207,0.106116,0.187457
cue_ngram-2_ridge_shift-10.0_sem_dim-1000_sem_sd_inflection-2.0_sem_sd_noise-0.5,"{""cue_ngram"": 2, ""ridge_shift"": 10.0, ""sem_dim"": 1000, ""sem_sd_inflection"": 2.0, ""sem_sd_noise"": 0.5}",10.0,1000,0.5,0.145646,2.607275,0.151282,0.203963,0.809117,0.105455,0.185837
cue_ngram-2_ridge_shift-10.0_sem_dim-100_sem_sd_inflection-2.0_sem_sd_noise-0.5,"{""cue_ngram"": 2, ""ridge_shift"": 10.0, ""sem_dim"": 100, ""sem_sd_inflection"": 2.0, ""sem_sd_noise"": 0.5}",10.0,100,0.5,0.127859,3.325711,0.088601,0.188672,0.710464,0.092562,0.163157
cue_ngram-2_ridge_shift-10.0_sem_dim-100_sem_sd_inflection-2.0_sem_sd_noise-1.0,"{""cue_ngram"": 2, ""ridge_shift"": 10.0, ""sem_dim"": 100, ""sem_sd_inflection"": 2.0, ""sem_sd_noise"": 1.0}",10.0,100,1.0,0.127562,3.33558,0.093081,0.187515,0.701659,0.092893,0.162231
cue_ngram-2_ridge_shift-100.0_sem_dim-1000_sem_sd_inflection-2.0_sem_sd_noise-0.0,"{""cue_ngram"": 2, ""ridge_shift"": 100.0, ""sem_dim"": 1000, ""sem_sd_inflection"": 2.0, ""sem_sd_noise"": 0.0}",100.0,1000,0.0,0.126719,2.794026,0.195284,0.203632,0.675766,0.082645,0.170794
cue_ngram-2_ridge_shift-100.0_sem_dim-400_sem_sd_inflection-2.0_sem_sd_noise-0.0,"{""cue_ngram"": 2, ""ridge_shift"": 100.0, ""sem_dim"": 400, ""sem_sd_inflection"": 2.0, ""sem_sd_noise"": 0.0}",100.0,400,0.0,0.126719,2.798655,0.195482,0.203169,0.677844,0.082645,0.170794
cue_ngram-2_ridge_shift-100.0_sem_dim-400_sem_sd_inflection-2.0_sem_sd_noise-0.5,"{""cue_ngram"": 2, ""ridge_shift"": 100.0, ""sem_dim"": 400, ""sem_sd_inflection"": 2.0, ""sem_sd_noise"": 0.5}",100.0,400,0.5,0.125446,2.832856,0.176771,0.201136,0.629146,0.082645,0.168248
cue_ngram-2_ridge_shift-10.0_sem_dim-100_sem_sd_inflection-2.0_sem_sd_noise-0.0,"{""cue_ngram"": 2, ""ridge_shift"": 10.0, ""sem_dim"": 100, ""sem_sd_inflection"": 2.0, ""sem_sd_noise"": 0.0}",10.0,100,0.0,0.124652,3.33343,0.087808,0.186738,0.700867,0.09124,0.158065
cue_ngram-2_ridge_shift-100.0_sem_dim-1000_sem_sd_inflection-2.0_sem_sd_noise-0.5,"{""cue_ngram"": 2, ""ridge_shift"": 100.0, ""sem_dim"": 1000, ""sem_sd_inflection"": 2.0, ""sem_sd_noise"": 0.5}",100.0,1000,0.5,0.124355,2.795068,0.171845,0.200409,0.596061,0.08,0.168711
cue_ngram-2_ridge_shift-100.0_sem_dim-400_sem_sd_inflection-2.0_sem_sd_noise-1.0,"{""cue_ngram"": 2, ""ridge_shift"": 100.0, ""sem_dim"": 400, ""sem_sd_inflection"": 2.0, ""sem_sd_noise"": 1.0}",100.0,400,1.0,0.121083,3.042369,0.153993,0.19421,0.609486,0.076694,0.165471
cue_ngram-2_ridge_shift-100.0_sem_dim-1000_sem_sd_inflection-2.0_sem_sd_noise-1.0,"{""cue_ngram"": 2, ""ridge_shift"": 100.0, ""sem_dim"": 1000, ""sem_sd_inflection"": 2.0, ""sem_sd_noise"": 1.0}",100.0,1000,1.0,0.120289,2.897818,0.143695,0.194888,0.582499,0.078347,0.162231
cue_ngram-2_ridge_shift-100.0_sem_dim-200_sem_sd_inflection-2.0_sem_sd_noise-0.0,"{""cue_ngram"": 2, ""ridge_shift"": 100.0, ""sem_dim"": 200, ""sem_sd_inflection"": 2.0, ""sem_sd_noise"": 0.0}",100.0,200,0.0,0.111264,3.321526,0.147496,0.194624,0.606425,0.071405,0.151122
cue_ngram-2_ridge_shift-100.0_sem_dim-200_sem_sd_inflection-2.0_sem_sd_noise-0.5,"{""cue_ngram"": 2, ""ridge_shift"": 100.0, ""sem_dim"": 200, ""sem_sd_inflection"": 2.0, ""sem_sd_noise"": 0.5}",100.0,200,0.5,0.108983,3.41371,0.131694,0.185003,0.572738,0.070083,0.147882
cue_ngram-2_ridge_shift-100.0_sem_dim-200_sem_sd_inflection-2.0_sem_sd_noise-1.0,"{""cue_ngram"": 2, ""ridge_shift"": 100.0, ""sem_dim"": 200, ""sem_sd_inflection"": 2.0, ""sem_sd_noise"": 1.0}",100.0,200,1.0,0.10528,3.505879,0.112635,0.180606,0.542797,0.065455,0.145105
cue_ngram-2_ridge_shift-100.0_sem_dim-100_sem_sd_inflection-2.0_sem_sd_noise-0.5,"{""cue_ngram"": 2, ""ridge_shift"": 100.0, ""sem_dim"": 100, ""sem_sd_inflection"": 2.0, ""sem_sd_noise"": 0.5}",100.0,100,0.5,0.072203,4.30412,0.067922,0.151448,0.41973,0.041653,0.102754
cue_ngram-2_ridge_shift-100.0_sem_dim-100_sem_sd_inflection-2.0_sem_sd_noise-0.0,"{""cue_ngram"": 2, ""ridge_shift"": 100.0, ""sem_dim"": 100, ""sem_sd_inflection"": 2.0, ""sem_sd_noise"": 0.0}",100.0,100,0.0,0.071542,4.307772,0.067112,0.150307,0.42487,0.042645,0.10044
cue_ngram-2_ridge_shift-100.0_sem_dim-100_sem_sd_inflection-2.0_sem_sd_noise-1.0,"{""cue_ngram"": 2, ""ridge_shift"": 100.0, ""sem_dim"": 100, ""sem_sd_inflection"": 2.0, ""sem_sd_noise"": 1.0}",100.0,100,1.0,0.070005,4.331278,0.069972,0.150985,0.408191,0.041653,0.098357
