resource_id,unit_id_prospective,language,iso639_3,glottocode,pos,representation,extinct,n_lemmas,source_cell,source_coverage,panel_method,panel,panel_min_coverage,panel_fallbacks,n_eligible_lemmas,n_eligible_groups,meets_inventory_size,panel_multiword_rate,variant_rate,suitability,suitability_reason
mgn_data:ady-n,ady.N.orth.mgn,Adyghe,ady,adyg1241,N,orth,False,1609,NOM;SG,1.0,noun top-coverage panel,N1=LGSPEC1;PL | N2=NOM;PL | N3=DEF;ERG;PL | N4=DEF;ERG;SG | N5=DEF;INS;PL | N6=DEF;INS;SG | N7=INS;NDEF;PL | N8=INS;NDEF;SG,0.9994,,1608,1608,True,0.0193,0.0,suitable,
mgn_data:ang-n,ang.N.orth.mgn,Old English (ca. 450-1100),ang,olde1238,N,orth,True,829,NOM;SG,0.9903,noun top-coverage panel,N1=ACC;SG | N2=DAT;SG | N3=GEN;SG | N4=ACC;PL | N5=DAT;PL | N6=GEN;PL | N7=NOM;PL,0.9903,,817,810,False,0.0,0.0878,out_of_scope,extinct/historical language (synchronic study)
mgn_data:ang-v,ang.V.orth.mgn,Old English (ca. 450-1100),ang,olde1238,V,orth,True,753,NFIN,1.0,verb slot template,PRS.1SG=1;IND;PRS;SG | PRS.3SG=3;IND;PRS;SG | PRS.3PL=1;IND;PST;SG | PST.1SG=2;IND;PST;SG | PST.3SG=3;IND;PST;SG | PST.3PL=IND;PL;PST | COND.3SG=IND;PL;PRS | IMP.2SG=PL;PRS;SBJV,0.9987,PRS.3PL; PST.1SG; PST.3PL; COND.3SG; IMP.2SG,752,752,False,0.0,0.1892,out_of_scope,extinct/historical language (synchronic study)
mgn_data:ast-v,ast.V.orth.mgn,Asturian,ast,astu1245,V,orth,False,384,NFIN,0.9896,verb slot template,PRS.1SG=1;IND;PRS;SG | PRS.3SG=3;IND;PRS;SG | PRS.3PL=3;IND;PL;PRS | PST.1SG=1;IND;PFV;PST;SG | PST.3SG=3;IND;PFV;PST;SG | PST.3PL=3;IND;PFV;PL;PST | COND.3SG=1;IPFV;LGSPEC1;PL;PST;SBJV | IMP.2SG=2;IMP;SG,0.987,COND.3SG,374,374,False,0.0,0.0,insufficient,374 eligible groups < 600
mgn_data:aze-n,azj.N.ipa_epitran.mgn,North Azerbaijani,azj,nort2697,N,ipa_epitran,False,334,NOM;SG,1.0,noun top-coverage panel,N1=ABL;PL | N2=ABL;SG | N3=ACC;DEF;PL | N4=ACC;DEF;SG | N5=DEF;GEN;PL | N6=DEF;GEN;SG | N7=LOC;PL | N8=LOC;SG,1.0,,334,334,False,0.012,0.33,insufficient,334 eligible groups < 600
mgn_data:bak-n,bak.N.orth.mgn,Bashkir,bak,bash1264,N,orth,False,1082,NOM;SG,1.0,noun top-coverage panel,N1=ABL;SG | N2=ACC;DEF;SG | N3=DAT;SG | N4=DEF;GEN;SG | N5=LOC;SG | N6=ABL;PL | N7=ACC;DEF;PL | N8=DAT;PL,0.805,source NOM;SG reconstructed from lexeme label (column absent; MGN drops columns identical to `lexeme`; unverified),871,869,False,0.0168,0.0,limited,869 eligible groups < inventory_size 1200; task cells by fallback: source NOM;SG reconstructed from lexeme label (column absent; MGN drops columns identical to `lexeme`; unverified)
mgn_data:bel-n,bel.N.orth.mgn,Belarusian,bel,bela1254,N,orth,False,508,NOM;SG,1.0,noun top-coverage panel,N1=DAT;SG | N2=GEN;SG | N3=ACC;SG | N4=INS;SG | N5=ESS;SG | N6=DAT;PL | N7=GEN;PL | N8=NOM;PL,0.8386,,422,422,False,0.0098,0.0156,insufficient,422 eligible groups < 600
mgn_data:bel-v,bel.V.orth.mgn,Belarusian,bel,bela1254,V,orth,False,310,NFIN,1.0,verb slot template,PRS.1SG=1;PRS;SG | PRS.3SG=3;PRS;SG | PRS.3PL=3;PL;PRS | PST.1SG=1;FUT;PL | PST.3SG=1;FUT;SG | PST.3PL=2;FUT;PL | COND.3SG=2;FUT;SG | IMP.2SG=2;IMP;SG,0.5484,PST.1SG; PST.3SG; PST.3PL; COND.3SG; source NFIN reconstructed from lexeme label (column absent; MGN drops columns identical to `lexeme`; unverified),169,169,False,0.3287,0.004,insufficient,169 eligible groups < 600
mgn_data:bod-v,bod.V.orth.mgn,Tibetan,bod,tibe1272,V,orth,False,1335,NFIN,1.0,verb slot template,PRS.1SG=PRS | PRS.3SG=PST | PRS.3PL=IMP,0.5551,PRS.1SG; PRS.3SG; PRS.3PL; source NFIN reconstructed from lexeme label (column absent; MGN drops columns identical to `lexeme`; unverified),741,741,False,0.0,0.0196,limited,741 eligible groups < inventory_size 1200; task cells by fallback: PRS.1SG; PRS.3SG; PRS.3PL; source NFIN reconstructed from lexeme label (column absent; MGN drops columns identical to `lexeme`; unverified)
mgn_data:bul-n,bul.N.orth.mgn,Bulgarian,bul,bulg1262,N,orth,False,1334,NOM;SG,1.0,noun top-coverage panel,N1=DEF;PL | N2=INDF;PL | N3=PL;VOC | N4=SG;VOC | N5=DEF;SG | N6=ACC;DEF;SG | N7=DEF;NOM;SG | N8=PL,0.4483,source NOM;SG reconstructed from lexeme label (column absent; MGN drops columns identical to `lexeme`; unverified),0,0,False,0.0173,0.0,insufficient,0 eligible groups < 600
mgn_data:bul-v,bul.V.orth.mgn,Bulgarian,bul,bulg1262,V,orth,False,699,NFIN,1.0,verb slot template,PRS.1SG=1;IND;PL;PROG;PST | PRS.3SG=3;IND;PRS;SG | PRS.3PL=3;IND;PL;PRS | PST.1SG=1;IND;PST;SG | PST.3SG=1;IND;PL;PRS | PST.3PL=3;IND;PL;PST | COND.3SG=1;IND;PL;PST | IMP.2SG=2;IMP;SG,0.9986,PRS.1SG; PST.3SG; COND.3SG; source NFIN reconstructed from lexeme label (column absent; MGN drops columns identical to `lexeme`; unverified),698,698,False,0.0415,0.0,limited,698 eligible groups < inventory_size 1200; task cells by fallback: PRS.1SG; PST.3SG; COND.3SG; source NFIN reconstructed from lexeme label (column absent; MGN drops columns identical to `lexeme`; unverified)
mgn_data:cat-v,cat.V.ipa_epitran.mgn,Catalan,cat,stan1289,V,ipa_epitran,False,1547,NFIN,1.0,verb slot template,PRS.1SG=1;IND;PRS;SG | PRS.3SG=3;IND;PRS;SG | PRS.3PL=3;IND;PL;PRS | PST.1SG=1;IND;IPFV;PST;SG | PST.3SG=3;IND;IPFV;PST;SG | PST.3PL=3;IND;IPFV;PL;PST | COND.3SG=3;COND;SG | IMP.2SG=2;IMP;POS;SG,0.9981,,1544,1505,True,0.0011,0.0,suitable_with_caveats,"automatic epitran G2P (orthography-driven, unverified)"
mgn_data:ces-n,ces.N.orth.mgn,Czech,ces,czec1258,N,orth,False,3145,NOM;SG,0.9844,noun top-coverage panel,N1=NOM;PL | N2=ACC;PL | N3=ACC;SG | N4=DAT;SG | N5=ESS;SG | N6=GEN;SG | N7=INS;SG | N8=DAT;PL,0.9841,,3093,3092,True,0.0037,0.0,suitable,
mgn_data:ces-v,ces.V.orth.mgn,Czech,ces,czec1258,V,orth,False,500,NFIN,0.72,verb slot template,PRS.1SG=1;IND;PRS;SG | PRS.3SG=3;IND;PRS;SG | PRS.3PL=3;IND;PL;PRS | PST.1SG=1;FEM;IND;PST;SG | PST.3SG=3;FEM;IND;PST;SG | PST.3PL=3;FEM;IND;PL;PST | COND.3SG=3;COND;FEM;PST;SG | IMP.2SG=2;IMP;SG,0.72,,359,355,False,0.2242,0.0,insufficient,355 eligible groups < 600
mgn_data:chu-n,chu.N.orth.mgn,Church Slavic,chu,chur1257,N,orth,True,152,NOM;SG,0.9934,noun top-coverage panel,N1=ACC;DU | N2=ACC;PL | N3=ACC;SG | N4=DAT;DU | N5=DAT;PL | N6=DAT;SG | N7=DU;ESS | N8=DU;GEN,0.9934,,151,131,False,0.0,0.3031,out_of_scope,extinct/historical language (synchronic study)
mgn_data:ckb-n,ckb.N.orth.mgn,Central Kurdish,ckb,cent1972,N,orth,False,142,NOM;SG,1.0,noun top-coverage panel,N1=PROX | N2=PSS2P | N3=PSS2S | N4=REMT | N5=PSS1P | N6=PSS3P | N7=PSS1S,0.7324,source NOM;SG reconstructed from lexeme label (column absent; MGN drops columns identical to `lexeme`; unverified),95,95,False,0.0154,0.0022,insufficient,95 eligible groups < 600
mgn_data:ckb-v,ckb.V.orth.mgn,Central Kurdish,ckb,cent1972,V,orth,False,112,NFIN,1.0,verb slot template,PRS.1SG=1;IND;NEG;PL;PRF;PRS | PRS.3SG=1;IND;NEG;PL;PRF;PST | PRS.3PL=1;IND;NEG;PL;PROG;PRS | PST.1SG=1;IND;NEG;PRF;PRS;SG | PST.3SG=1;IND;NEG;PRF;PST;SG | PST.3PL=1;IND;NEG;PROG;PRS;SG | COND.3SG=1;IND;PL;PRF;PRS | IMP.2SG=1;IND;PL;PRF;PST,1.0,PRS.1SG; PRS.3SG; PRS.3PL; PST.1SG; PST.3SG; PST.3PL; COND.3SG; IMP.2SG; source NFIN reconstructed from lexeme label (column absent; MGN drops columns identical to `lexeme`; unverified),112,112,False,0.0,0.3482,insufficient,112 eligible groups < 600
mgn_data:crh-n,crh.N.orth.mgn,Crimean Tatar,crh,crim1257,N,orth,False,1146,NOM;SG,1.0,noun top-coverage panel,N1=ABL | N2=ACC | N3=DAT | N4=GEN | N5=LOC,1.0,source NOM;SG reconstructed from lexeme label (column absent; MGN drops columns identical to `lexeme`; unverified),1146,1146,False,0.0148,0.0,limited,1146 eligible groups < inventory_size 1200; task cells by fallback: source NOM;SG reconstructed from lexeme label (column absent; MGN drops columns identical to `lexeme`; unverified)
mgn_data:cym-v,cym.V.orth.mgn,Welsh,cym,wels1247,V,orth,False,183,NFIN,1.0,verb slot template,PRS.1SG=1;COL;IND;PRS;SG | PRS.3SG=3;COL;IND;PRS;SG | PRS.3PL=3;COL;IND;PL;PRS | PST.1SG=1;COL;IND;PST;SG | PST.3SG=3;COL;IND;PST;SG | PST.3PL=3;COL;IND;PL;PST | COND.3SG=1;COL;IND;IPFV;PL | IMP.2SG=2;COL;IMP;SG,0.9344,COND.3SG; source NFIN reconstructed from lexeme label (column absent; MGN drops columns identical to `lexeme`; unverified),171,171,False,0.8743,0.0,insufficient,171 eligible groups < 600
mgn_data:dan-n,dan.N.orth.mgn,Danish,dan,dani1285,N,orth,False,3031,INDF;NOM;SG,1.0,noun top-coverage panel,N1=DEF;NOM;SG | N2=GEN;INDF;SG | N3=DEF;NOM;PL | N4=GEN;INDF;PL | N5=INDF;NOM;PL,0.997,,3022,3019,True,0.001,0.3331,suitable_with_caveats,variant rate 33.3%
mgn_data:dan-v,dan.V.orth.mgn,Danish,dan,dani1285,V,orth,False,162,NFIN,1.0,verb slot template,PRS.1SG=ACT;IMP | PRS.3SG=ACT;IND;PRS | PRS.3PL=ACT;IND;PST | PST.1SG=IND;PASS;PRS | PST.3SG=IND;PASS;PST,1.0,PRS.1SG; PRS.3SG; PRS.3PL; PST.1SG; PST.3SG; source NFIN reconstructed from lexeme label (column absent; MGN drops columns identical to `lexeme`; unverified),162,162,False,0.0,0.0,insufficient,162 eligible groups < 600
mgn_data:deu-n,deu.N.ipa_epitran.mgn,German,deu,stan1295,N,ipa_epitran,False,12090,NOM;SG,1.0,noun top-coverage panel,N1=ACC;SG | N2=GEN;SG | N3=DAT;SG | N4=ACC;PL | N5=DAT;PL,0.9299,,11241,11095,True,0.0001,0.0,suitable_with_caveats,"automatic epitran G2P (orthography-driven, unverified)"
mgn_data:deu-v,deu.V.ipa_epitran.mgn,German,deu,stan1295,V,ipa_epitran,False,2970,NFIN,1.0,verb slot template,PRS.1SG=1;IND;PRS;SG | PRS.3SG=3;IND;PRS;SG | PRS.3PL=1;IND;PL;PRS | PST.1SG=1;IND;PST;SG | PST.3SG=3;IND;PST;SG | PST.3PL=1;IND;PL;PST | COND.3SG=1;PL;PRS;SBJV | IMP.2SG=2;IMP;SG,0.9808,PRS.3PL; PST.3PL; COND.3SG,2913,2878,True,0.1015,0.0,suitable_with_caveats,"automatic epitran G2P (orthography-driven, unverified); multiword panel forms 10.2%; task cells by fallback: PRS.3PL; PST.3PL; COND.3SG"
mgn_data:dsb-n,dsb.N.orth.mgn,Lower Sorbian,dsb,lowe1385,N,orth,False,709,NOM;SG,0.9535,noun top-coverage panel,N1=ACC;DU | N2=ACC;PL | N3=ACC;SG | N4=DAT;DU | N5=DAT;PL | N6=DAT;SG | N7=DU;ESS | N8=DU;GEN,0.9535,,676,676,False,0.0047,0.0,limited,676 eligible groups < inventory_size 1200
mgn_data:dsb-v,dsb.V.orth.mgn,Lower Sorbian,dsb,lowe1385,V,orth,False,138,NFIN,1.0,verb slot template,PRS.1SG=1;PRS;SG | PRS.3SG=3;PRS;SG | PRS.3PL=3;PL;PRS | PST.1SG=1;PST;SG | PST.3SG=1;DU;PRS | PST.3PL=3;PL;PST | COND.3SG=1;DU;PST | IMP.2SG=2;IMP;SG,1.0,PST.3SG; COND.3SG; source NFIN reconstructed from lexeme label (column absent; MGN drops columns identical to `lexeme`; unverified),138,138,False,0.0,0.0,insufficient,138 eligible groups < 600
mgn_data:ell-n,ell.N.orth.mgn,Modern Greek (1453-),ell,mode1248,N,orth,False,8373,NOM;SG,0.9998,noun top-coverage panel,N1=ACC;SG | N2=SG;VOC | N3=GEN;SG | N4=ACC;PL | N5=NOM;PL | N6=PL;VOC | N7=GEN;PL,0.8726,,7303,7274,True,0.0175,0.0,suitable,
mgn_data:ell-v,ell.V.orth.mgn,Modern Greek (1453-),ell,mode1248,V,orth,False,1106,NFIN,0.6935,verb slot template,PRS.1SG=1;IPFV;PRS;SG | PRS.3SG=3;IPFV;PRS;SG | PRS.3PL=3;IPFV;PL;PRS | PST.1SG=1;IPFV;PST;SG | PST.3SG=3;IPFV;PST;SG | PST.3PL=3;IPFV;PL;PST | COND.3SG=1;FUT;IPFV;PL | IMP.2SG=2;IMP;SG,1.0,COND.3SG,767,669,False,0.4864,0.023,limited,669 eligible groups < inventory_size 1200; multiword panel forms 48.6%; task cells by fallback: COND.3SG
mgn_data:est-n,ekk.N.orth.mgn,Standard Estonian,ekk,esto1258,N,orth,False,675,NOM;SG,1.0,noun top-coverage panel,N1=ACC;SG | N2=AT+ABL;PL | N3=AT+ABL;SG | N4=AT+ALL;PL | N5=AT+ALL;SG | N6=AT+ESS;PL | N7=AT+ESS;SG | N8=COM;PL,1.0,,675,675,False,0.0,0.0,limited,675 eligible groups < inventory_size 1200
mgn_data:est-v,ekk.V.orth.mgn,Standard Estonian,ekk,esto1258,V,orth,False,211,NFIN,1.0,verb slot template,PRS.1SG=1;ACT;IND;POS;PRS;SG | PRS.3SG=3;ACT;IND;POS;PRS;SG | PRS.3PL=3;ACT;IND;PL;POS;PRS | PST.1SG=1;ACT;IND;POS;PST;SG | PST.3SG=3;ACT;IND;POS;PST;SG | PST.3PL=3;ACT;IND;PL;POS;PST | COND.3SG=3;ACT;COND;POS;PRS;SG | IMP.2SG=2;ACT;IMP;POS;PRS;SG,1.0,source NFIN reconstructed from lexeme label (column absent; MGN drops columns identical to `lexeme`; unverified),211,211,False,0.0,0.1061,insufficient,211 eligible groups < 600
mgn_data:fao-n,fao.N.orth.mgn,Faroese,fao,faro1244,N,orth,False,2135,INDF;NOM;SG,1.0,noun top-coverage panel,N1=ACC;INDF;SG | N2=DAT;INDF;SG | N3=GEN;INDF;SG | N4=ACC;INDF;PL | N5=INDF;NOM;PL | N6=DAT;INDF;PL | N7=GEN;INDF;PL | N8=ACC;DEF;SG,0.8379,,1786,1771,True,0.0,0.0,suitable,
mgn_data:fao-v,fao.V.orth.mgn,Faroese,fao,faro1244,V,orth,False,596,NFIN,1.0,verb slot template,PRS.1SG=1;IND;PRS;SG | PRS.3SG=3;IND;PRS;SG | PRS.3PL=1;IND;PST;SG | PST.1SG=2;IND;PRS;SG | PST.3SG=2;IND;PST;SG | PST.3PL=3;IND;PRS | COND.3SG=3;IND;PST | IMP.2SG=2;IMP;SG,0.9597,PRS.3PL; PST.1SG; PST.3SG; PST.3PL; COND.3SG,572,503,False,0.0,0.0,insufficient,503 eligible groups < 600
mgn_data:fas-v,pes.V.ipa_epitran.mgn,Iranian Persian,pes,west2369,V,ipa_epitran,False,273,NFIN,1.0,verb slot template,PRS.1SG=1;IPFV;PRS;SG | PRS.3SG=3;IPFV;PRS;SG | PRS.3PL=3;IPFV;PL;PRS | PST.1SG=1;PST;SG | PST.3SG=3;PST;SG | PST.3PL=3;PL;PST | COND.3SG=1;COL;IPFV;PL;PRS | IMP.2SG=2;IMP;SG,1.0,COND.3SG,273,272,False,0.7436,0.0,insufficient,272 eligible groups < 600
mgn_data:fin-n,fin.N.orth.mgn,Finnish,fin,finn1318,N,orth,False,43187,ACC;SG,0.9902,noun top-coverage panel,N1=AT+ABL;SG | N2=AT+ALL;SG | N3=AT+ESS;SG | N4=FRML;SG | N5=GEN;SG | N6=IN+ABL;SG | N7=IN+ALL;SG | N8=IN+ESS;SG,0.9902,NOM;SG absent; used ACC;SG,42765,42752,True,0.0072,0.0,suitable_with_caveats,task cells by fallback: NOM;SG absent; used ACC;SG
mgn_data:fin-v,fin.V.orth.mgn,Finnish,fin,finn1318,V,orth,False,7724,NFIN,1.0,verb slot template,PRS.1SG=1;ACT;IND;POS;PRS;SG | PRS.3SG=3;ACT;IND;POS;PRS;SG | PRS.3PL=3;ACT;IND;PL;POS;PRS | PST.1SG=1;ACT;IND;POS;PST;SG | PST.3SG=3;ACT;IND;POS;PST;SG | PST.3PL=3;ACT;IND;PL;POS;PST | COND.3SG=3;ACT;COND;POS;PRS;SG | IMP.2SG=2;ACT;IMP;POS;PRS;SG,1.0,,7724,7704,True,0.0135,0.0,suitable,
mgn_data:frm-v,frm.V.orth.mgn,Middle French (ca. 1400-1600),frm,,V,orth,True,603,NFIN,1.0,verb slot template,PRS.1SG=1;IND;PRS;SG | PRS.3SG=3;IND;PRS;SG | PRS.3PL=3;IND;PL;PRS | PST.1SG=1;IND;PFV;PST;SG | PST.3SG=3;IND;PFV;PST;SG | PST.3PL=3;IND;PFV;PL;PST | COND.3SG=1;IND;PFV;PL;PST | IMP.2SG=2;IMP;SG,0.9768,COND.3SG; source NFIN reconstructed from lexeme label (column absent; MGN drops columns identical to `lexeme`; unverified),586,586,False,0.0019,0.0,out_of_scope,extinct/historical language (synchronic study)
mgn_data:fro-v,fro.V.orth.mgn,Old French (842-ca. 1400),fro,oldf1239,V,orth,True,1628,NFIN,1.0,verb slot template,PRS.1SG=1;IND;PRS;SG | PRS.3SG=3;IND;PRS;SG | PRS.3PL=3;IND;PL;PRS | PST.1SG=1;IND;PFV;PST;SG | PST.3SG=3;IND;PFV;PST;SG | PST.3PL=3;IND;PFV;PL;PST | COND.3SG=2;FUT;IND;LGSPEC1;PL | IMP.2SG=2;IMP;SG,0.906,COND.3SG,1403,1403,True,0.0011,0.0,out_of_scope,extinct/historical language (synchronic study)
mgn_data:fur-v,fur.V.orth.mgn,Friulian,fur,friu1240,V,orth,False,168,NFIN,1.0,verb slot template,PRS.1SG=1;IND;PRS;SG | PRS.3SG=3;IND;PRS;SG | PRS.3PL=3;IND;PL;PRS | PST.1SG=1;IND;IPFV;PST;SG | PST.3SG=3;IND;IPFV;PST;SG | PST.3PL=3;IND;IPFV;PL;PST | COND.3SG=1;COND;PL | IMP.2SG=2;IMP;SG,0.9881,COND.3SG,165,165,False,0.0,0.0,insufficient,165 eligible groups < 600
mgn_data:gal-v,glg.V.orth.mgn,Galician,glg,gali1258,V,orth,False,486,NFIN,1.0,verb slot template,PRS.1SG=1;IND;PRS;SG | PRS.3SG=3;IND;PRS;SG | PRS.3PL=3;IND;PL;PRS | PST.1SG=1;IND;IPFV;PST;SG | PST.3SG=3;IND;PFV;PST;SG | PST.3PL=3;IND;IPFV;PL;PST | COND.3SG=3;COND;SG | IMP.2SG=2;IMP;POS;SG,0.9774,,475,475,False,0.0,0.0,insufficient,475 eligible groups < 600
mgn_data:gle-n,gle.N.orth.mgn,Irish,gle,iris1253,N,orth,False,6919,NOM;SG,0.9999,noun top-coverage panel,N1=DAT;DEF;SG | N2=DEF;NOM;SG | N3=SG;VOC | N4=DEF;GEN;SG | N5=GEN;SG | N6=DAT;SG | N7=DAT;DEF;PL | N8=DAT;PL,0.6666,,4579,4540,True,0.6752,0.0605,suitable_with_caveats,multiword panel forms 67.5%; variant rate 6.0%
mgn_data:gle-v,gle.V.orth.mgn,Irish,gle,iris1253,V,orth,False,392,NFIN,1.0,verb slot template,PRS.1SG=1;COND;PL | PRS.3SG=3;IND;PRS;SG | PRS.3PL=3;IND;PL;PRS | PST.1SG=1;IND;PST;SG | PST.3SG=3;IND;PST;SG | PST.3PL=3;IND;PL;PST | COND.3SG=3;COND;SG | IMP.2SG=2;IMP;SG,1.0,PRS.1SG; source NFIN reconstructed from lexeme label (column absent; MGN drops columns identical to `lexeme`; unverified),392,392,False,0.7494,0.0,insufficient,392 eligible groups < 600
mgn_data:grc-n,grc.N.orth.mgn,Ancient Greek (to 1453),grc,anci1242,N,orth,True,2224,NOM;SG,0.9987,noun top-coverage panel,N1=ACC;SG | N2=DAT;PL | N3=DAT;SG | N4=GEN;PL | N5=GEN;SG | N6=ACC;PL | N7=NOM;PL | N8=PL;VOC,0.9987,,2220,2215,True,0.7182,0.0,out_of_scope,extinct/historical language (synchronic study)
mgn_data:hbs-n,hbs.N.orth.mgn,Serbo-Croatian,hbs,sout1528,N,orth,False,11548,NOM;SG,0.9998,noun top-coverage panel,N1=ACC;SG | N2=DAT;SG | N3=GEN;SG | N4=INS;SG | N5=ESS;SG | N6=SG;VOC | N7=NOM;PL | N8=DAT;PL,0.8681,,10006,9964,True,0.0022,0.0,suitable,
mgn_data:hbs-v,hbs.V.orth.mgn,Serbo-Croatian,hbs,sout1528,V,orth,False,4348,NFIN,1.0,verb slot template,PRS.1SG=1;PRS;SG | PRS.3SG=3;PRS;SG | PRS.3PL=3;PL;PRS | PST.1SG=1;PST;SG | PST.3SG=3;PST;SG | PST.3PL=3;PL;PST | COND.3SG=3;COND;PST;SG | IMP.2SG=2;IMP;SG,0.9961,source NFIN reconstructed from lexeme label (column absent; MGN drops columns identical to `lexeme`; unverified),4329,4329,True,0.5054,0.0,suitable_with_caveats,multiword panel forms 50.5%; task cells by fallback: source NFIN reconstructed from lexeme label (column absent; MGN drops columns identical to `lexeme`; unverified)
mgn_data:heb-n,heb.N.orth.mgn,Hebrew,heb,hebr1245,N,orth,False,144,NDEF;SG,1.0,noun top-coverage panel,N1=DEF;FEM;PL;PSS2P | N2=DEF;FEM;PL;PSS2S | N3=DEF;FEM;PSS2P;SG | N4=DEF;FEM;PSS2S;SG | N5=DEF;MASC;PL;PSS2P | N6=DEF;MASC;PL;PSS2S | N7=DEF;MASC;PSS2P;SG | N8=DEF;PL,1.0,NOM;SG absent; used NDEF;SG,144,144,False,0.0,0.0,insufficient,144 eligible groups < 600
mgn_data:heb-v,heb.V.orth.mgn,Hebrew,heb,hebr1245,V,orth,False,366,NFIN,0.9071,verb slot template,PRS.1SG=1;FUT;PL | PRS.3SG=1;FUT;SG | PRS.3PL=1;PL;PST | PST.1SG=1;PST;SG | PST.3SG=3;FEM;PST;SG | PST.3PL=3;PL;PST | COND.3SG=2;FEM;FUT;PL | IMP.2SG=2;FEM;IMP;SG,0.9044,PRS.1SG; PRS.3SG; PRS.3PL; COND.3SG,331,326,False,0.0,0.0,insufficient,326 eligible groups < 600
mgn_data:hin-v,hin.V.ipa_epitran.mgn,Hindi,hin,hind1269,V,ipa_epitran,False,258,,0.0,no NFIN cell,,0.0,,0,0,False,0.0,0.0,insufficient,no NFIN cell
mgn_data:hye-n,hye.N.orth.mgn,Armenian,hye,nucl1235,N,orth,False,4919,NOM;SG,1.0,noun top-coverage panel,N1=ABL;SG | N2=DAT;DEF;SG | N3=DAT;SG | N4=DEF;NOM;SG | N5=INS;SG | N6=ABL;PSS1S;SG | N7=ABL;PSS2S;SG | N8=DAT;PSS1S;SG,0.9996,source NOM;SG reconstructed from lexeme label (column absent; MGN drops columns identical to `lexeme`; unverified),4917,4916,True,0.0083,0.0,suitable_with_caveats,task cells by fallback: source NOM;SG reconstructed from lexeme label (column absent; MGN drops columns identical to `lexeme`; unverified)
mgn_data:hye-v,hye.V.orth.mgn,Armenian,hye,nucl1235,V,orth,False,903,NFIN,1.0,verb slot template,PRS.1SG=1;IND;PRS;SG | PRS.3SG=3;IND;PRS;SG | PRS.3PL=3;IND;PL;PRS | PST.1SG=1;IND;PST;SG | PST.3SG=3;IND;PST;SG | PST.3PL=3;IND;PL;PST | COND.3SG=3;COND;FUT;SG | IMP.2SG=2;IMP;SG,1.0,source NFIN reconstructed from lexeme label (column absent; MGN drops columns identical to `lexeme`; unverified),903,903,False,0.375,0.0,limited,903 eligible groups < inventory_size 1200; multiword panel forms 37.5%; task cells by fallback: source NFIN reconstructed from lexeme label (column absent; MGN drops columns identical to `lexeme`; unverified)
mgn_data:isl-n,isl.N.orth.mgn,Icelandic,isl,icel1247,N,orth,False,4170,INDF;NOM;SG,1.0,noun top-coverage panel,N1=ACC;DEF;SG | N2=ACC;INDF;SG | N3=DAT;DEF;SG | N4=DAT;INDF;SG | N5=DEF;GEN;SG | N6=DEF;NOM;SG | N7=GEN;INDF;SG | N8=ACC;DEF;PL,0.7806,,3255,3221,True,0.0,0.0,suitable,
mgn_data:isl-v,isl.V.orth.mgn,Icelandic,isl,icel1247,V,orth,False,605,NFIN,1.0,verb slot template,PRS.1SG=1;IND;PRS;SG | PRS.3SG=3;IND;PRS;SG | PRS.3PL=3;IND;PL;PRS | PST.1SG=1;IND;PST;SG | PST.3SG=3;IND;PST;SG | PST.3PL=3;IND;PL;PST | COND.3SG=1;IND;PL;PRS | IMP.2SG=2;IMP;SG,0.7917,COND.3SG; source NFIN reconstructed from lexeme label (column absent; MGN drops columns identical to `lexeme`; unverified),479,479,False,0.0,0.0843,insufficient,479 eligible groups < 600
mgn_data:ita-v,ita.V.orth.mgn,Italian,ita,ital1282,V,orth,False,10009,NFIN,1.0,verb slot template,PRS.1SG=1;IND;PRS;SG | PRS.3SG=3;IND;PRS;SG | PRS.3PL=3;IND;PL;PRS | PST.1SG=1;IND;PFV;PST;SG | PST.3SG=3;IND;IPFV;PST;SG | PST.3PL=3;IND;IPFV;PL;PST | COND.3SG=3;COND;SG | IMP.2SG=2;IMP;POS;SG,0.9977,,9983,9975,True,0.1936,0.0,suitable_with_caveats,multiword panel forms 19.4%
mgn_data:kan-n,kan.N.orth.mgn,Kannada,kan,nucl1305,N,orth,False,124,NOM;SG,1.0,noun top-coverage panel,N1=ACC;PL | N2=ACC;SG | N3=DAT;PL | N4=DAT;SG | N5=GEN;PL | N6=GEN;SG | N7=INS;PL | N8=INS;SG,1.0,,124,124,False,0.0,0.0121,insufficient,124 eligible groups < 600
mgn_data:kat-n,kat.N.orth.mgn,Georgian,kat,nucl1302,N,orth,False,3644,NOM;SG,1.0,noun top-coverage panel,N1=DAT;LGSPEC2;PL | N2=DAT;PL | N3=DAT;SG | N4=ERG;PL | N5=ERG;SG | N6=GEN;PL | N7=GEN;SG | N8=INS;PL,1.0,,3644,3644,True,0.0011,0.0,suitable,
mgn_data:kbd-n,kbd.N.orth.mgn,Kabardian,kbd,kaba1278,N,orth,False,244,NOM;SG,1.0,noun top-coverage panel,N1=DEF;ERG;PL | N2=DEF;ERG;SG | N3=DEF;INS;PL | N4=DEF;INS;SG | N5=INS;NDEF;PL | N6=INS;NDEF;SG | N7=LGSPEC1;PL | N8=LGSPEC1;SG,1.0,,244,244,False,0.0041,0.0,insufficient,244 eligible groups < 600
mgn_data:klr-v,klr.V.orth.mgn,Khaling,klr,khal1275,V,orth,False,587,NFIN,1.0,verb slot template,PRS.1SG=1;INTR;POS;PRS;SG | PRS.3SG=3;INTR;POS;PRS;SG | PRS.3PL=3;INTR;PL;POS;PRS | PST.1SG=1;INTR;POS;PST;SG | PST.3SG=3;INTR;POS;PST;SG | PST.3PL=3;INTR;PL;POS;PST | COND.3SG=3;ARG1;ARGDU;ARGEXCL;NEG;PRS;SG;TR | IMP.2SG=2;IMP;INTR;POS;SG,0.2998,COND.3SG; source NFIN reconstructed from lexeme label (column absent; MGN drops columns identical to `lexeme`; unverified),46,46,False,0.0,0.0087,insufficient,46 eligible groups < 600
mgn_data:kmr-n,kmr.N.ipa_epitran.mgn,Northern Kurdish,kmr,nort2641,N,ipa_epitran,False,14786,INDF;NOM;SG,0.9998,noun top-coverage panel,N1=ACC;INDF;LGSPEC1;SG | N2=ACC;INDF;PL | N3=DEF;LGSPEC1;PL;VOC | N4=DEF;PL;VOC | N5=INDF;LGSPEC1;PL | N6=INDF;NOM;PL | N7=ACC;DEF;LGSPEC2;PL | N8=DEF;LGSPEC1;SG,0.9943,,14684,14680,True,0.0659,0.0337,suitable_with_caveats,"automatic epitran G2P (orthography-driven, unverified); multiword panel forms 6.6%"
mgn_data:kmr-v,kmr.V.ipa_epitran.mgn,Northern Kurdish,kmr,nort2641,V,ipa_epitran,False,318,,0.0,no NFIN cell,,0.0,,0,0,False,0.0,0.4701,insufficient,no NFIN cell
mgn_data:lit-n,lit.N.orth.mgn,Lithuanian,lit,lith1251,N,orth,False,1067,NOM;SG,0.9859,noun top-coverage panel,N1=ACC;SG | N2=DAT;SG | N3=GEN;SG | N4=INS;SG | N5=LOC;SG | N6=SG;VOC | N7=ACC;PL | N8=DAT;PL,0.9222,,969,968,False,0.0623,0.0,limited,968 eligible groups < inventory_size 1200; multiword panel forms 6.2%
mgn_data:lit-v,lit.V.orth.mgn,Lithuanian,lit,lith1251,V,orth,False,233,NFIN,1.0,verb slot template,PRS.1SG=1;IND;PRS;SG | PRS.3SG=1;FREQ;IND;PL;PST | PRS.3PL=3;IND;PL;PRS | PST.1SG=1;IND;PST;SG | PST.3SG=1;FREQ;IND;PST;SG | PST.3PL=3;IND;PL;PST | COND.3SG=1;FUT;IND;PL | IMP.2SG=2;IMP;SG,1.0,PRS.3SG; PST.3SG; COND.3SG; source NFIN reconstructed from lexeme label (column absent; MGN drops columns identical to `lexeme`; unverified),233,233,False,0.0,0.0,insufficient,233 eligible groups < 600
mgn_data:liv-n,liv.N.orth.mgn,Liv,liv,livv1244,N,orth,True,143,NOM;SG,0.993,noun top-coverage panel,N1=DAT;SG | N2=GEN;SG | N3=IN+ABL;SG | N4=IN+ALL;SG | N5=IN+ESS;SG | N6=INS;SG | N7=PRT;SG | N8=DAT;PL,0.8811,,125,125,False,0.0143,0.0,out_of_scope,extinct/historical language (synchronic study)
mgn_data:lld-v,lld.V.orth.mgn,Ladin,lld,ladi1250,V,orth,False,180,NFIN,1.0,verb slot template,PRS.1SG=3;FUT;IND;SG | PRS.3SG=3;IND;LGSPEC3;PRS;SG | PRS.3PL=1;FUT;IND;PL | PST.1SG=1;IND;IPFV;PST;SG | PST.3SG=3;IND;IPFV;PST;SG | PST.3PL=3;IND;IPFV;PL;PST | COND.3SG=1;FUT;IND;SG | IMP.2SG=2;FUT;IND;PL,0.6333,PRS.1SG; PRS.3PL; COND.3SG; IMP.2SG; source NFIN reconstructed from lexeme label (column absent; MGN drops columns identical to `lexeme`; unverified),114,114,False,0.0,0.0,insufficient,114 eligible groups < 600
mgn_data:mkd-n,mkd.N.orth.mgn,Macedonian,mkd,mace1250,N,orth,False,5084,INDF;SG,0.9998,noun top-coverage panel,N1=DEF;SG | N2=SG;VOC | N3=DEF;PROX;SG | N4=DEF;REMT;SG | N5=DEF;PL | N6=DEF;PL;PROX | N7=DEF;PL;REMT | N8=INDF;PL,0.88,NOM;SG absent; used INDF;SG,4443,4442,True,0.002,0.0,suitable_with_caveats,task cells by fallback: NOM;SG absent; used INDF;SG
mgn_data:mkd-v,mkd.V.orth.mgn,Macedonian,mkd,mace1250,V,orth,False,3442,NFIN,1.0,verb slot template,PRS.1SG=1;PRS;SG | PRS.3SG=3;PRS;SG | PRS.3PL=3;PL;PRS | PST.1SG=1;PST;SG | PST.3SG=3;PST;SG | PST.3PL=3;PL;PST | COND.3SG=3;PROG;PST;SG | IMP.2SG=2;IMP;SG,0.5697,COND.3SG; source NFIN reconstructed from lexeme label (column absent; MGN drops columns identical to `lexeme`; unverified),1961,1961,True,0.1448,0.0,suitable_with_caveats,multiword panel forms 14.5%; task cells by fallback: COND.3SG; source NFIN reconstructed from lexeme label (column absent; MGN drops columns identical to `lexeme`; unverified)
mgn_data:mlt-v,mlt.V.orth.mgn,Maltese,mlt,malt1254,V,orth,False,108,NFIN,1.0,verb slot template,PRS.1SG=1;FIN;IMP;PL | PRS.3SG=1;FIN;IPFV;PL;PST | PRS.3PL=1;FIN;IPFV;PST;SG | PST.1SG=1;FIN;PL;PRF;PST | PST.3SG=3;FIN;IPFV;MASC;PST;SG | PST.3PL=3;FIN;IPFV;PL;PST | COND.3SG=1;FIN;PRF;PST;SG | IMP.2SG=2;FIN;IMP;SG,1.0,PRS.1SG; PRS.3SG; PRS.3PL; PST.1SG; COND.3SG; source NFIN reconstructed from lexeme label (column absent; MGN drops columns identical to `lexeme`; unverified),108,108,False,0.0046,0.0012,insufficient,108 eligible groups < 600
mgn_data:nld-v,nld.V.ipa_epitran.mgn,Dutch,nld,dutc1256,V,ipa_epitran,False,2149,,0.0,no NFIN cell,,0.0,,0,0,False,0.0,0.0,insufficient,no NFIN cell
mgn_data:nob-n,nor-bokmal.N.orth.mgn,Norwegian,nor,norw1258,N,orth,False,4190,NOM;SG,1.0,noun top-coverage panel,N1=DEF;SG | N2=NDEF;PL | N3=DEF;PL,0.8838,source NOM;SG reconstructed from lexeme label (column absent; MGN drops columns identical to `lexeme`; unverified),3687,3685,True,0.0003,0.1929,suitable_with_caveats,task cells by fallback: source NOM;SG reconstructed from lexeme label (column absent; MGN drops columns identical to `lexeme`; unverified); variant rate 19.3%
mgn_data:nob-v,nor-bokmal.V.orth.mgn,Norwegian,nor,norw1258,V,orth,False,608,NFIN,1.0,verb slot template,PRS.1SG=PST | PRS.3SG=PRS | PRS.3PL=IMP | PST.1SG=PST;V.PTCP | PST.3SG=PRS;V.PTCP,0.6036,PRS.1SG; PRS.3SG; PRS.3PL; PST.1SG; PST.3SG; source NFIN reconstructed from lexeme label (column absent; MGN drops columns identical to `lexeme`; unverified),242,242,False,0.0033,0.1395,insufficient,242 eligible groups < 600
mgn_data:oci-v,oci.V.orth.mgn,Occitan (post 1500),oci,occi1239,V,orth,False,174,NFIN,1.0,verb slot template,PRS.1SG=1;IND;PRS;SG | PRS.3SG=3;IND;PRS;SG | PRS.3PL=3;IND;PL;PRS | PST.1SG=1;IND;IPFV;PST;SG | PST.3SG=3;IND;IPFV;PST;SG | PST.3PL=3;IND;IPFV;PL;PST | COND.3SG=3;COND;SG | IMP.2SG=2;IMP;SG,0.9885,,172,171,False,0.0,0.0,insufficient,171 eligible groups < 600
mgn_data:osx-n,osx.N.orth.mgn,Old Saxon,osx,olds1250,N,orth,True,185,NOM;SG,0.9892,noun top-coverage panel,N1=ACC;SG | N2=DAT;SG | N3=GEN;SG | N4=ACC;PL | N5=DAT;PL | N6=GEN;PL | N7=NOM;PL,0.9892,,182,182,False,0.0,0.0313,out_of_scope,extinct/historical language (synchronic study)
mgn_data:osx-v,osx.V.orth.mgn,Old Saxon,osx,olds1250,V,orth,True,570,NFIN,1.0,verb slot template,PRS.1SG=1;IND;PRS;SG | PRS.3SG=3;IND;PRS;SG | PRS.3PL=1;IND;PST;SG | PST.1SG=1;PST;SBJV;SG | PST.3SG=2;PST;SBJV;SG | PST.3PL=IND;PL;PST | COND.3SG=PL;PST;SBJV | IMP.2SG=2;IND;PST;SG,0.9789,PRS.3PL; PST.1SG; PST.3SG; PST.3PL; COND.3SG; IMP.2SG,555,554,False,0.0,0.0092,out_of_scope,extinct/historical language (synchronic study)
mgn_data:pol-n,pol.N.ipa_epitran.mgn,Polish,pol,poli1260,N,ipa_epitran,False,178197,NOM;SG,0.9773,noun top-coverage panel,N1=ACC;SG | N2=DAT;SG | N3=GEN;SG | N4=INS;SG | N5=LOC;SG | N6=SG;VOC | N7=DAT;PL | N8=INS;PL,0.9771,,173465,169918,True,0.0,0.014,suitable_with_caveats,"automatic epitran G2P (orthography-driven, unverified)"
mgn_data:pus-n,pbt.N.orth.mgn,Southern Pashto,pbt,sout2649,N,orth,False,270,NOM;SG,1.0,noun top-coverage panel,N1=(NON)NOM;PL | N2=(NON)NOM;SG | N3=NOM;PL | N4=PL;VOC | N5=SG;VOC,1.0,,270,269,False,0.0237,0.0,insufficient,269 eligible groups < 600
mgn_data:ron-n,ron.N.ipa_epitran.mgn,Romanian,ron,roma1327,N,ipa_epitran,False,2314,,0.0,no base singular cell,,0.0,,0,0,False,0.0,0.6108,insufficient,no base singular cell
mgn_data:ron-v,ron.V.ipa_epitran.mgn,Romanian,ron,roma1327,V,ipa_epitran,False,1216,NFIN,1.0,verb slot template,PRS.1SG=1;IND;PRS;SG | PRS.3SG=3;IND;PRS;SG | PRS.3PL=3;IND;PL;PRS | PST.1SG=1;IND;IPFV;PST;SG | PST.3SG=3;IND;IPFV;PST;SG | PST.3PL=3;IND;IPFV;PL;PST | COND.3SG=1;IND;PFV;PL;PST | IMP.2SG=2;IMP;POS;SG,1.0,COND.3SG,1216,1215,True,0.009,0.0,suitable_with_caveats,"automatic epitran G2P (orthography-driven, unverified); task cells by fallback: COND.3SG"
mgn_data:san-n,san.N.orth.mgn,Sanskrit,san,sans1269,N,orth,True,737,NOM;SG,1.0,noun top-coverage panel,N1=DU;NOM | N2=NOM;PL | N3=ABL;DU | N4=ABL;PL | N5=ABL;SG | N6=ACC;DU | N7=ACC;PL | N8=ACC;SG,0.9986,,736,734,False,0.0,0.0476,out_of_scope,extinct/historical language (synchronic study)
mgn_data:slv-n,slv.N.orth.mgn,Slovenian,slv,slov1268,N,orth,False,1911,NOM;SG,0.8603,noun top-coverage panel,N1=ACC;SG | N2=DAT;SG | N3=ESS;SG | N4=GEN;SG | N5=INS;SG | N6=ACC;DU | N7=ACC;PL | N8=DAT;DU,0.8022,,1533,1532,True,0.0,0.0,suitable,
mgn_data:slv-v,slv.V.orth.mgn,Slovenian,slv,slov1268,V,orth,False,104,NFIN,1.0,verb slot template,PRS.1SG=1;IND;PRS;SG | PRS.3SG=3;IND;PRS;SG | PRS.3PL=3;IND;PL;PRS | PST.1SG=1;DU;IND;PRS | PST.3SG=1;IND;PL;PRS | PST.3PL=2;DU;IND;PRS | COND.3SG=2;IND;PL;PRS | IMP.2SG=2;IMP;SG,0.9904,PST.1SG; PST.3SG; PST.3PL; COND.3SG,103,103,False,0.0,0.0,insufficient,103 eligible groups < 600
mgn_data:sme-n,sme.N.orth.mgn,Northern Sami,sme,nort2671,N,orth,False,913,NOM;SG,0.9956,noun top-coverage panel,N1=ACC;PL | N2=ACC;SG | N3=COM;PL | N4=COM;SG | N5=FRML;SG | N6=GEN;SG | N7=IN+ALL;PL | N8=IN+ALL;SG,0.9956,,909,909,False,0.0,0.0,limited,909 eligible groups < inventory_size 1200
mgn_data:sme-v,sme.V.orth.mgn,Northern Sami,sme,nort2671,V,orth,False,881,NFIN,1.0,verb slot template,PRS.1SG=1;IND;PRS;SG | PRS.3SG=3;IND;PRS;SG | PRS.3PL=3;IND;PL;PRS | PST.1SG=1;IND;PST;SG | PST.3SG=3;IND;PST;SG | PST.3PL=3;IND;PL;PST | COND.3SG=3;COND;SG | IMP.2SG=2;IMP;SG,1.0,source NFIN reconstructed from lexeme label (column absent; MGN drops columns identical to `lexeme`; unverified),881,881,False,0.0,0.0,limited,881 eligible groups < inventory_size 1200; task cells by fallback: source NFIN reconstructed from lexeme label (column absent; MGN drops columns identical to `lexeme`; unverified)
mgn_data:spa-v,spa.V.ipa_epitran.mgn,Spanish,spa,stan1288,V,ipa_epitran,False,5460,NFIN,1.0,verb slot template,PRS.1SG=1;IND;PRS;SG | PRS.3SG=3;IND;PRS;SG | PRS.3PL=3;IND;PL;PRS | PST.1SG=1;IND;IPFV;PST;SG | PST.3SG=3;IND;IPFV;PST;SG | PST.3PL=3;IND;IPFV;PL;PST | COND.3SG=3;COND;SG | IMP.2SG=2;IMP;POS;SG,1.0,,5460,5430,True,0.0429,0.0019,suitable_with_caveats,"automatic epitran G2P (orthography-driven, unverified)"
mgn_data:sqi-n,als.N.orth.mgn,Tosk Albanian,als,tosk1239,N,orth,False,366,NDEF;NOM;SG,1.0,noun top-coverage panel,N1=ABL;DEF;SG | N2=ACC;DEF;SG | N3=ACC;NDEF;SG | N4=ABL;NDEF;SG | N5=DEF;NOM;SG | N6=ABL;DEF;PL | N7=ABL;NDEF;PL | N8=ACC;DEF;PL,0.8579,,314,314,False,0.0058,0.0,insufficient,314 eligible groups < 600
mgn_data:sqi-v,als.V.orth.mgn,Tosk Albanian,als,tosk1239,V,orth,False,223,NFIN,1.0,verb slot template,PRS.1SG=1;ADM;PL;PRF | PRS.3SG=3;IND;PRS;SG | PRS.3PL=3;IND;PL;PRS | PST.1SG=1;IND;PST;SG | PST.3SG=3;IND;PST;SG | PST.3PL=3;IND;PL;PST | COND.3SG=3;COND;PRS;SG | IMP.2SG=2;IMP;SG,0.9865,PRS.1SG,220,220,False,0.2969,0.0,insufficient,220 eligible groups < 600
mgn_data:swe-n,swe.N.ipa_epitran.mgn,Swedish,swe,swed1254,N,ipa_epitran,False,7044,INDF;NOM;SG,0.9997,noun top-coverage panel,N1=DEF;NOM;SG | N2=DEF;GEN;SG | N3=GEN;INDF;SG | N4=DEF;NOM;PL | N5=INDF;NOM;PL | N6=DEF;GEN;PL | N7=GEN;INDF;PL,0.7567,,5328,5325,True,0.0055,0.0,suitable_with_caveats,"automatic epitran G2P (orthography-driven, unverified)"
mgn_data:swe-v,swe.V.ipa_epitran.mgn,Swedish,swe,swed1254,V,ipa_epitran,False,1818,,0.0,no NFIN cell,,0.0,,0,0,False,0.0,0.0,insufficient,no NFIN cell
mgn_data:syc-n,syc.N.orth.mgn,Classical Syriac,syc,clas1252,N,orth,True,155,NOM;SG,1.0,noun top-coverage panel,N1=ABS;SG | N2=DEF;SG | N3=PSS1P;SG | N4=PSS1S;SG | N5=PSS2PF;SG | N6=PSS2PM;SG | N7=PSS2SF;SG | N8=PSS2SM;SG,1.0,source NOM;SG reconstructed from lexeme label (column absent; MGN drops columns identical to `lexeme`; unverified),155,155,False,0.0,0.0,out_of_scope,extinct/historical language (synchronic study)
mgn_data:tat-n,tat.N.orth.mgn,Tatar,tat,tata1255,N,orth,False,1197,NOM;SG,1.0,noun top-coverage panel,N1=ABL | N2=ACC | N3=DAT | N4=GEN | N5=LOC,1.0,source NOM;SG reconstructed from lexeme label (column absent; MGN drops columns identical to `lexeme`; unverified),1197,1197,False,0.0167,0.0,limited,1197 eligible groups < inventory_size 1200; task cells by fallback: source NOM;SG reconstructed from lexeme label (column absent; MGN drops columns identical to `lexeme`; unverified)
mgn_data:tel-v,tel.V.ipa_epitran.mgn,Telugu,tel,telu1262,V,ipa_epitran,False,115,,0.0,no NFIN cell,,0.0,,0,0,False,0.0,0.0012,insufficient,no NFIN cell
mgn_data:tur-n,tur.N.ipa_epitran.mgn,Turkish,tur,nucl1301,N,ipa_epitran,False,2924,NOM;SG,1.0,noun top-coverage panel,N1=ABL;PL | N2=ABL;SG | N3=ACC;PL | N4=ACC;SG | N5=DAT;PL | N6=DAT;SG | N7=GEN;PL | N8=GEN;SG,1.0,,2924,2922,True,0.1707,0.1455,suitable_with_caveats,"automatic epitran G2P (orthography-driven, unverified); multiword panel forms 17.1%; variant rate 14.5%"
mgn_data:tur-v,tur.V.ipa_epitran.mgn,Turkish,tur,nucl1301,V,ipa_epitran,False,588,,0.0,no NFIN cell,,0.0,,0,0,False,0.0,0.0,insufficient,no NFIN cell
mgn_data:ukr-n,ukr.N.ipa_epitran.mgn,Ukrainian,ukr,ukra1253,N,ipa_epitran,False,1375,NOM;SG,1.0,noun top-coverage panel,N1=ACC;SG | N2=DAT;SG | N3=ESS;SG | N4=GEN;SG | N5=INS;SG | N6=SG;VOC | N7=GEN;PL | N8=ACC;PL,0.8916,,1226,1226,True,0.0,0.0,suitable_with_caveats,"automatic epitran G2P (orthography-driven, unverified)"
mgn_data:urd-n,urd.N.orth.mgn,Urdu,urd,urdu1245,N,orth,False,126,NOM;SG,1.0,noun top-coverage panel,N1=ACC;PL | N2=ACC;SG | N3=NOM;PL | N4=PL;VOC,1.0,,126,126,False,0.0159,0.0,insufficient,126 eligible groups < 600
mgn_data:vec-v,vec.V.orth.mgn,Venetian,vec,vene1258,V,orth,False,368,NFIN,1.0,verb slot template,PRS.1SG=1;IND;PRS;SG | PRS.3SG=3;IND;PRS;SG | PRS.3PL=3;IND;PL;PRS | PST.1SG=1;IND;IPFV;PST;SG | PST.3SG=3;IND;IPFV;PST;SG | PST.3PL=3;IND;IPFV;PL;PST | COND.3SG=3;COND;SG | IMP.2SG=2;IMP;SG,0.9864,,363,362,False,0.0,0.0,insufficient,362 eligible groups < 600
mgn_data:xcl-n,xcl.N.orth.mgn,Classical Armenian,xcl,clas1249,N,orth,True,3112,NOM;SG,1.0,noun top-coverage panel,N1=LGSPEC3;NOM;SG | N2=ACC;LGSPEC3;SG | N3=ABL;LGSPEC3;SG | N4=GEN;LGSPEC3;SG | N5=DAT;LGSPEC3;SG | N6=ESS;LGSPEC3;SG | N7=INS;LGSPEC3;SG | N8=ESS;LGSPEC2;PL,0.3268,source NOM;SG reconstructed from lexeme label (column absent; MGN drops columns identical to `lexeme`; unverified),123,123,False,0.0,0.028,out_of_scope,extinct/historical language (synchronic study)
mgn_data:xcl-v,xcl.V.orth.mgn,Classical Armenian,xcl,clas1249,V,orth,True,741,NFIN,1.0,verb slot template,PRS.1SG=1;ACT;FIN;IND;PRS;SG | PRS.3SG=3;FIN;IND;PRS;SG | PRS.3PL=3;ACT;FIN;IND;PL;PRS | PST.1SG=1;ACT;FIN;IND;IPFV;PST;SG | PST.3SG=3;ACT;FIN;IND;IPFV;PST;SG | PST.3PL=3;ACT;FIN;IND;IPFV;PL;PST | COND.3SG=1;ACT;FIN;IND;PL;PRS | IMP.2SG=2;ACT;FIN;IMP;POS;SG,0.4575,COND.3SG; source NFIN reconstructed from lexeme label (column absent; MGN drops columns identical to `lexeme`; unverified),334,334,False,0.0,0.0841,out_of_scope,extinct/historical language (synchronic study)
mgn_data:yid-v,ydd.V.orth.mgn,Eastern Yiddish,ydd,east2295,V,orth,False,294,NFIN,0.9932,verb slot template,PRS.1SG=3;FIN;PL;PRES | PRS.3SG=1;FIN;PL;PRES | PRS.3PL=1;FIN;PRES;SG | PST.1SG=2;FIN;PL;PRES | PST.3SG=2;FIN;IMP;PL | PST.3PL=2;FIN;IMP;SG,0.983,PRS.1SG; PRS.3SG; PRS.3PL; PST.1SG; PST.3SG; PST.3PL,289,289,False,0.0011,0.0,insufficient,289 eligible groups < 600
mgn_data:zul-n,zul.N.ipa_epitran.mgn,Zulu,zul,zulu1248,N,ipa_epitran,False,410,SG,0.9927,noun top-coverage panel,N1=LGSPEC1;PSSB11;SG | N2=LGSPEC1;PSSB14;SG | N3=LGSPEC1;PSSB17;SG | N4=LGSPEC1;PSSB1;SG | N5=LGSPEC1;PSSB2;SG | N6=LGSPEC1;PSSB4;SG | N7=LGSPEC1;PSSB5;SG | N8=LGSPEC1;PSSB6;SG,0.9927,NOM;SG absent; used SG,407,402,False,0.0,0.0002,insufficient,402 eligible groups < 600
mgn_data:zul-v,zul.V.ipa_epitran.mgn,Zulu,zul,zulu1248,V,ipa_epitran,False,139,NFIN,1.0,verb slot template,PRS.1SG=1;PRS;SG | PRS.3SG=1;FUT;PL | PRS.3PL=1;FUT;SG | PST.1SG=1;PST;RCT;SG | PST.3SG=1;PL;PROG;PST;RCT | PST.3PL=1;PL;PST;RCT | COND.3SG=1;PL;V.PTCP | IMP.2SG=2;IMP;SG,1.0,PRS.3SG; PRS.3PL; PST.3SG; PST.3PL; COND.3SG,139,139,False,0.0,0.2213,insufficient,139 eligible groups < 600
mgn_custom:arabic-v,arb.V.phon_custom.mgn,Standard Arabic,arb,stan1318,V,phon_custom,False,1018,,0.0,no NFIN cell,,0.0,,0,0,False,0.0,0.0152,insufficient,no NFIN cell
mgn_custom:english-v,eng.V.phon_custom.mgn,English,eng,stan1293,V,phon_custom,False,6064,NFIN,1.0,verb slot template,PRS.1SG=1;PRS;SG | PRS.3SG=3;PRS;SG | PRS.3PL=LGSPEC1;PRS | PST.1SG=LGSPEC1;PST | PST.3SG=LGSPEC2;PST | PST.3PL=PRS;V.PTCP | COND.3SG=PST;V.PTCP,0.9985,PRS.3PL; PST.1SG; PST.3SG; PST.3PL; COND.3SG,6055,6037,True,0.0,0.005,suitable_with_caveats,task cells by fallback: PRS.3PL; PST.1SG; PST.3SG; PST.3PL; COND.3SG
mgn_custom:french-v,fra.V.phon_custom.mgn,French,fra,stan1290,V,phon_custom,False,5249,NFIN,0.9998,verb slot template,PRS.1SG=1;PRS;SG | PRS.3SG=3;PRS;SG | PRS.3PL=3;PL;PRS | PST.1SG=1;PST;SG | PST.3SG=3;PST;SG | PST.3PL=3;PL;PST | COND.3SG=3;COND;SG | IMP.2SG=2;IMP;SG,0.9933,,5212,5206,True,0.0,0.0,suitable,
mgn_custom:hungarian-n,hun.N.phon_custom.mgn,Hungarian,hun,hung1274,N,phon_custom,False,12729,NOM;SG,1.0,noun top-coverage panel,N1=AT+ALL;SG | N2=AT+ESS;SG | N3=DAT;SG | N4=IN+ABL;SG | N5=IN+ALL;SG | N6=INS;SG | N7=ON+ABL;SG | N8=ON+ALL;SG,1.0,,12729,12727,True,0.0,0.0,suitable,
mgn_custom:latin-n,lat.N.phon_custom.mgn,Latin,lat,lati1261,N,phon_custom,True,1038,NOM;SG,0.9865,noun top-coverage panel,N1=ABL;SG | N2=ACC;SG | N3=DAT;SG | N4=GEN;SG | N5=SG;VOC | N6=ACC;PL | N7=GEN;PL | N8=ABL;PL,0.9855,,1021,1016,False,0.0,0.0,out_of_scope,extinct/historical language (synchronic study)
mgn_custom:latin-v,lat.V.phon_custom.mgn,Latin,lat,lati1261,V,phon_custom,True,3348,,0.0,no NFIN cell,,0.0,,0,0,False,0.0,0.0,out_of_scope,extinct/historical language (synchronic study)
mgn_custom:latvian-n,lav.N.phon_custom.mgn,Latvian,lav,latv1249,N,phon_custom,False,3706,NOM;SG,0.9746,noun top-coverage panel,N1=ACC;SG | N2=GEN;SG | N3=DAT;SG | N4=INS;SG | N5=LOC;SG | N6=SG;VOC | N7=ACC;PL | N8=GEN;PL,0.7021,,2482,2481,True,0.0,0.0,suitable,
mgn_custom:navajo-v,nav.V.phon_custom.mgn,Navajo,nav,nava1243,V,phon_custom,False,2153,,0.0,no NFIN cell,,0.0,,0,0,False,0.0,0.0063,insufficient,no NFIN cell
mgn_custom:portuguese-v,por.V.phon_custom.mgn,Portuguese,por,port1283,V,phon_custom,False,1996,NFIN,1.0,verb slot template,PRS.1SG=1;IND;PRS;SG | PRS.3SG=3;IND;PRS;SG | PRS.3PL=3;IND;PL;PRS | PST.1SG=1;IND;IPFV;PST;SG | PST.3SG=3;IND;IPFV;PST;SG | PST.3PL=3;IND;IPFV;PL;PST | COND.3SG=3;COND;SG | IMP.2SG=2;IMP;SG,1.0,,1996,1993,True,0.0,0.0,suitable,
mgn_custom:russian-n,rus.N.phon_custom.mgn,Russian,rus,russ1263,N,phon_custom,False,45183,NOM;SG,1.0,noun top-coverage panel,N1=ACC;SG | N2=DAT;SG | N3=ESS;SG | N4=GEN;SG | N5=INS;SG | N6=DAT;PL | N7=ESS;PL | N8=INS;PL,0.9895,,44707,43439,True,0.0,0.0303,suitable,
mgn_custom:yaitepec-chatino-v,ctp.V.phon_custom.mgn,Western Highland Chatino,ctp,west2644,V,phon_custom,False,324,,0.0,no NFIN cell,,0.0,,0,0,False,0.0,0.0316,insufficient,no NFIN cell
mgn_custom:zenzontepec-chatino-v,czn.V.phon_custom.mgn,Zenzontepec Chatino,czn,zenz1235,V,phon_custom,False,392,,0.0,no NFIN cell,,0.0,,0,0,False,0.0,0.0,insufficient,no NFIN cell
