unit_id,slot,configured_cell_norm,found,coverage,closest_present
ita.V.orth.mgn,NFIN,NFIN,True,1.0,
ita.V.orth.mgn,PRS.1SG,1;IND;PRS;SG,True,0.9977,
ita.V.orth.mgn,PRS.3SG,3;IND;PRS;SG,True,0.9995,
ita.V.orth.mgn,PRS.3PL,3;IND;PL;PRS,True,0.9988,
ita.V.orth.mgn,PST.1SG,1;IND;PFV;PST;SG,True,0.998,
ita.V.orth.mgn,PST.3SG,3;IND;PFV;PST;SG,True,0.9996,
ita.V.orth.mgn,PST.3PL,3;IND;PFV;PL;PST,True,0.9991,
ita.V.orth.mgn,COND.3SG,3;COND;SG,True,0.9993,
ita.V.orth.mgn,IMP.2SG,2;IMP;POS;SG,True,0.9979,
fin.V.orth.mgn,NFIN,NFIN,True,1.0,
fin.V.orth.mgn,PRS.1SG,1;ACT;IND;POS;PRS;SG,True,1.0,
fin.V.orth.mgn,PRS.3SG,3;ACT;IND;POS;PRS;SG,True,1.0,
fin.V.orth.mgn,PRS.3PL,3;ACT;IND;PL;POS;PRS,True,1.0,
fin.V.orth.mgn,PST.1SG,1;ACT;IND;POS;PST;SG,True,1.0,
fin.V.orth.mgn,PST.3SG,3;ACT;IND;POS;PST;SG,True,1.0,
fin.V.orth.mgn,PST.3PL,3;ACT;IND;PL;POS;PST,True,1.0,
fin.V.orth.mgn,COND.3SG,3;ACT;COND;POS;PRS;SG,True,1.0,
fin.V.orth.mgn,IMP.2SG,2;ACT;IMP;POS;PRS;SG,True,1.0,
