cell_orig,cell_norm,role,slot,n_lemmas,n_present,coverage,n_missing_marked,missing_rate,variant_rate,max_variants,multiword_rate,unparseable
NFIN,NFIN,source,SOURCE,10009,10009,1.0,0,0.0,0.0,1,0.0,False
IND;PST;3;SG;PFV,3;IND;PFV;PST;SG,panel,PST.3SG,10009,10005,0.9996,4,0.0004,0.0,1,0.221,False
IND;PRS;3;SG,3;IND;PRS;SG,panel,PRS.3SG,10009,10004,0.9995,5,0.0005,0.0,1,0.2209,False
COND;3;SG,3;COND;SG,panel,COND.3SG,10009,10002,0.9993,7,0.0007,0.0,1,0.2211,False
IND;PST;3;PL;PFV,3;IND;PFV;PL;PST,panel,PST.3PL,10009,10000,0.9991,9,0.0009,0.0,1,0.2211,False
IND;PRS;3;PL,3;IND;PL;PRS,panel,PRS.3PL,10009,9997,0.9988,12,0.0012,0.0,1,0.2212,False
IND;PST;1;SG;PFV,1;IND;PFV;PST;SG,panel,PST.1SG,10009,9989,0.998,20,0.002,0.0,1,0.2211,False
POS;IMP;2;SG,2;IMP;POS;SG,panel,IMP.2SG,10009,9988,0.9979,21,0.0021,0.0,1,0.0012,False
IND;PRS;1;SG,1;IND;PRS;SG,panel,PRS.1SG,10009,9986,0.9977,23,0.0023,0.0,1,0.2212,False
IND;PST;3;SG;IPFV,3;IND;IPFV;PST;SG,other,,10009,10006,0.9997,3,0.0003,0.0,1,0.2209,False
SBJV;PST;3;SG,3;PST;SBJV;SG,other,,10009,10004,0.9995,5,0.0005,0.0,1,0.221,False
SBJV;PRS;3;SG,3;PRS;SBJV;SG,other,,10009,10004,0.9995,5,0.0005,0.0,1,0.221,False
IND;FUT;3;SG,3;FUT;IND;SG,other,,10009,10003,0.9994,6,0.0006,0.0,1,0.221,False
IND;PST;3;PL;IPFV,3;IND;IPFV;PL;PST,other,,10009,10000,0.9991,9,0.0009,0.0,1,0.221,False
SBJV;PST;3;PL,3;PL;PST;SBJV,other,,10009,9999,0.999,10,0.001,0.0,1,0.2211,False
IND;FUT;3;PL,3;FUT;IND;PL,other,,10009,9997,0.9988,12,0.0012,0.0,1,0.2212,False
SBJV;PRS;3;PL,3;PL;PRS;SBJV,other,,10009,9997,0.9988,12,0.0012,0.0,1,0.2212,False
COND;3;PL,3;COND;PL,other,,10009,9996,0.9987,13,0.0013,0.0,1,0.2212,False
IND;PST;2;SG;PFV,2;IND;PFV;PST;SG,other,,10009,9989,0.998,20,0.002,0.0,1,0.2211,False
IND;PST;1;PL;PFV,1;IND;PFV;PL;PST,other,,10009,9988,0.9979,21,0.0021,0.0,1,0.2212,False
SBJV;PST;1;PL,1;PL;PST;SBJV,other,,10009,9988,0.9979,21,0.0021,0.0,1,0.2212,False
IND;PST;2;PL;PFV,2;IND;PFV;PL;PST,other,,10009,9988,0.9979,21,0.0021,0.0,1,0.2212,False
SBJV;PST;2;PL,2;PL;PST;SBJV,other,,10009,9988,0.9979,21,0.0021,0.0,1,0.2212,False
IND;PRS;2;PL,2;IND;PL;PRS,other,,10009,9988,0.9979,21,0.0021,0.0,1,0.2212,False
IND;PST;1;PL;IPFV,1;IND;IPFV;PL;PST,other,,10009,9988,0.9979,21,0.0021,0.0,1,0.2211,False
IND;PST;2;SG;IPFV,2;IND;IPFV;PST;SG,other,,10009,9988,0.9979,21,0.0021,0.0,1,0.2211,False
IND;PST;1;SG;IPFV,1;IND;IPFV;PST;SG,other,,10009,9988,0.9979,21,0.0021,0.0,1,0.2211,False
IND;FUT;1;PL,1;FUT;IND;PL,other,,10009,9988,0.9979,21,0.0021,0.0,1,0.2212,False
IND;FUT;2;PL,2;FUT;IND;PL,other,,10009,9988,0.9979,21,0.0021,0.0,1,0.2212,False
SBJV;PST;1;SG,1;PST;SBJV;SG,other,,10009,9987,0.9978,22,0.0022,0.0,1,0.2212,False
SBJV;PST;2;SG,2;PST;SBJV;SG,other,,10009,9987,0.9978,22,0.0022,0.0,1,0.2212,False
IND;PST;2;PL;IPFV,2;IND;IPFV;PL;PST,other,,10009,9987,0.9978,22,0.0022,0.0,1,0.2211,False
IND;FUT;2;SG,2;FUT;IND;SG,other,,10009,9987,0.9978,22,0.0022,0.0,1,0.2212,False
IND;FUT;1;SG,1;FUT;IND;SG,other,,10009,9987,0.9978,22,0.0022,0.0,1,0.2212,False
IND;PRS;1;PL,1;IND;PL;PRS,other,,10009,9987,0.9978,22,0.0022,0.0,1,0.2212,False
POS;IMP;3;SG,3;IMP;POS;SG,other,,10009,9987,0.9978,22,0.0022,0.0,1,0.2212,False
SBJV;PRS;1;SG,1;PRS;SBJV;SG,other,,10009,9987,0.9978,22,0.0022,0.0,1,0.2212,False
SBJV;PRS;2;SG,2;PRS;SBJV;SG,other,,10009,9987,0.9978,22,0.0022,0.0,1,0.2212,False
COND;1;SG,1;COND;SG,other,,10009,9986,0.9977,23,0.0023,0.0,1,0.2212,False
COND;1;PL,1;COND;PL,other,,10009,9986,0.9977,23,0.0023,0.0,1,0.2212,False
COND;2;PL,2;COND;PL,other,,10009,9986,0.9977,23,0.0023,0.0,1,0.2212,False
COND;2;SG,2;COND;SG,other,,10009,9986,0.9977,23,0.0023,0.0,1,0.2212,False
SBJV;PRS;1;PL,1;PL;PRS;SBJV,other,,10009,9986,0.9977,23,0.0023,0.0,1,0.2212,False
SBJV;PRS;2;PL,2;PL;PRS;SBJV,other,,10009,9986,0.9977,23,0.0023,0.0,1,0.2212,False
IND;PRS;2;SG,2;IND;PRS;SG,other,,10009,9986,0.9977,23,0.0023,0.0,1,0.2212,False
POS;IMP;3;PL,3;IMP;PL;POS,other,,10009,9984,0.9975,25,0.0025,0.0,1,0.2213,False
POS;IMP;2;PL,2;IMP;PL;POS,other,,10009,9978,0.9969,31,0.0031,0.0,1,0.0,False
POS;IMP;1;PL,1;IMP;PL;POS,other,,10009,9977,0.9968,32,0.0032,0.0,1,0.0,False
