unit_id,policy,pool_cap,budget,model,variety_id,iso639_3,glottocode,pos,representation,resource_version,ldl_cue_ngram,ldl_sem_sd_inflection,ldl_source_binding,ldl_decoder,selector_arch,unit_role,resource_id,task,source_slot,panel_slots,training_mode,accuracy_micro,accuracy_micro_ci_low,accuracy_micro_ci_high,accuracy_macro_lemma,accuracy_macro_lemma_ci_low,accuracy_macro_lemma_ci_high,edit_distance_micro,edit_distance_micro_ci_low,edit_distance_micro_ci_high,edit_distance_macro,edit_distance_macro_ci_low,edit_distance_macro_ci_high,norm_edit_distance_micro,norm_edit_distance_micro_ci_low,norm_edit_distance_micro_ci_high,norm_edit_distance_macro,norm_edit_distance_macro_ci_low,norm_edit_distance_macro_ci_high,n_test_lemmas,n_items,n_missing,n_failed,n_folds,n_repetitions,boot_seed,n_boot,ci_level,interval_note,config_hash
fin.V.orth.mgn,high_entropy,500,100,ldl,fin,fin,finn1318,V,orth,sha256:0842c6ec0879e596,2,0.4,wug_refit,learn_paths,char_transformer,substantive,mgn_data:fin-v,source_known_completion,NFIN,PRS.1SG|PRS.3SG|PRS.3PL|PST.1SG|PST.3SG|PST.3PL|COND.3SG|IMP.2SG,panel,0.185,0.1704140625,0.19937760416666664,0.185,0.1704140625,0.19937760416666664,1.6755208333333333,1.6306223958333332,1.7184427083333333,1.6755208333333333,1.6306223958333332,1.7184427083333333,0.19039249964870367,0.18538493517159071,0.1956901970095961,0.19039249964870367,0.18538493517159071,0.1956901970095961,1200,9600,0,0,3,1,1669995530,2000,0.95,lemma-cluster percentile bootstrap over cached out-of-fold predictions; conditional on fitted fold models,a559df1d7b61a544
fin.V.orth.mgn,high_entropy,500,100,selector,fin,fin,finn1318,V,orth,sha256:0842c6ec0879e596,2,0.4,wug_refit,learn_paths,char_transformer,substantive,mgn_data:fin-v,source_known_completion,NFIN,PRS.1SG|PRS.3SG|PRS.3PL|PST.1SG|PST.3SG|PST.3PL|COND.3SG|IMP.2SG,panel,0.7720833333333333,0.7533333333333333,0.7919791666666667,0.7720833333333333,0.7533333333333333,0.7919791666666667,0.3120833333333333,0.2796875,0.3452109375,0.3120833333333333,0.2796875,0.3452109375,0.03897581817182001,0.03471735788742337,0.04341909684452767,0.03897581817182001,0.03471735788742337,0.04341909684452767,1200,9600,8,0,3,1,1750120134,2000,0.95,lemma-cluster percentile bootstrap over cached out-of-fold predictions; conditional on fitted fold models,a559df1d7b61a544
fin.V.orth.mgn,low_confidence,250,100,ldl,fin,fin,finn1318,V,orth,sha256:0842c6ec0879e596,2,0.4,wug_refit,learn_paths,char_transformer,substantive,mgn_data:fin-v,source_known_completion,NFIN,PRS.1SG|PRS.3SG|PRS.3PL|PST.1SG|PST.3SG|PST.3PL|COND.3SG|IMP.2SG,panel,0.20677083333333332,0.1925,0.22177604166666665,0.20677083333333332,0.1925,0.22177604166666665,1.6152083333333334,1.5713489583333333,1.6612526041666666,1.6152083333333334,1.5713489583333333,1.6612526041666666,0.1825220858679039,0.17701267954603775,0.1880048002744464,0.1825220858679039,0.17701267954603775,0.1880048002744464,1200,9600,0,0,3,1,1761598380,2000,0.95,lemma-cluster percentile bootstrap over cached out-of-fold predictions; conditional on fitted fold models,a559df1d7b61a544
fin.V.orth.mgn,low_confidence,250,100,selector,fin,fin,finn1318,V,orth,sha256:0842c6ec0879e596,2,0.4,wug_refit,learn_paths,char_transformer,substantive,mgn_data:fin-v,source_known_completion,NFIN,PRS.1SG|PRS.3SG|PRS.3PL|PST.1SG|PST.3SG|PST.3PL|COND.3SG|IMP.2SG,panel,0.7941666666666667,0.7749947916666667,0.8120859375,0.7941666666666667,0.7749947916666667,0.8120859375,0.2938541666666667,0.26155208333333335,0.32760416666666664,0.2938541666666667,0.26155208333333335,0.32760416666666664,0.03528518005517086,0.03129155989324877,0.039590689333261694,0.03528518005517086,0.03129155989324877,0.039590689333261694,1200,9600,8,0,3,1,127551459,2000,0.95,lemma-cluster percentile bootstrap over cached out-of-fold predictions; conditional on fitted fold models,a559df1d7b61a544
fin.V.orth.mgn,low_confidence,500,100,ldl,fin,fin,finn1318,V,orth,sha256:0842c6ec0879e596,2,0.4,wug_refit,learn_paths,char_transformer,substantive,mgn_data:fin-v,source_known_completion,NFIN,PRS.1SG|PRS.3SG|PRS.3PL|PST.1SG|PST.3SG|PST.3PL|COND.3SG|IMP.2SG,panel,0.18614583333333334,0.17228645833333336,0.20000260416666665,0.18614583333333334,0.17228645833333336,0.20000260416666665,1.6552083333333334,1.6097890625,1.6972942708333334,1.6552083333333334,1.6097890625,1.6972942708333334,0.1864446814844333,0.18120467040236113,0.1916893498639075,0.1864446814844333,0.18120467040236113,0.1916893498639075,1200,9600,0,0,3,1,1745843879,2000,0.95,lemma-cluster percentile bootstrap over cached out-of-fold predictions; conditional on fitted fold models,a559df1d7b61a544
fin.V.orth.mgn,low_confidence,500,100,selector,fin,fin,finn1318,V,orth,sha256:0842c6ec0879e596,2,0.4,wug_refit,learn_paths,char_transformer,substantive,mgn_data:fin-v,source_known_completion,NFIN,PRS.1SG|PRS.3SG|PRS.3PL|PST.1SG|PST.3SG|PST.3PL|COND.3SG|IMP.2SG,panel,0.7770833333333333,0.7575,0.7965677083333332,0.7770833333333333,0.7575,0.7965677083333332,0.31302083333333336,0.28010416666666665,0.34510937499999994,0.31302083333333336,0.28010416666666665,0.34510937499999994,0.036911665880415875,0.03316417179336526,0.04089864536377633,0.036911665880415875,0.03316417179336526,0.04089864536377633,1200,9600,0,0,3,1,890658316,2000,0.95,lemma-cluster percentile bootstrap over cached out-of-fold predictions; conditional on fitted fold models,a559df1d7b61a544
fin.V.orth.mgn,random,500,100,ldl,fin,fin,finn1318,V,orth,sha256:0842c6ec0879e596,2,0.4,wug_refit,learn_paths,char_transformer,substantive,mgn_data:fin-v,source_known_completion,NFIN,PRS.1SG|PRS.3SG|PRS.3PL|PST.1SG|PST.3SG|PST.3PL|COND.3SG|IMP.2SG,panel,0.20135416666666667,0.18666666666666668,0.21729166666666666,0.20135416666666667,0.18666666666666668,0.21729166666666666,1.5830208333333333,1.5386302083333332,1.6287552083333332,1.5830208333333333,1.5386302083333332,1.6287552083333332,0.18038420841821576,0.1748617156287595,0.1859790132708216,0.18038420841821576,0.1748617156287595,0.1859790132708216,1200,9600,0,0,3,1,535844162,2000,0.95,lemma-cluster percentile bootstrap over cached out-of-fold predictions; conditional on fitted fold models,a559df1d7b61a544
fin.V.orth.mgn,random,500,100,selector,fin,fin,finn1318,V,orth,sha256:0842c6ec0879e596,2,0.4,wug_refit,learn_paths,char_transformer,substantive,mgn_data:fin-v,source_known_completion,NFIN,PRS.1SG|PRS.3SG|PRS.3PL|PST.1SG|PST.3SG|PST.3PL|COND.3SG|IMP.2SG,panel,0.7770833333333333,0.7562473958333333,0.7977135416666666,0.7770833333333333,0.7562473958333333,0.7977135416666666,0.33947916666666667,0.30197395833333335,0.3761536458333333,0.33947916666666667,0.30197395833333335,0.3761536458333333,0.040983182692511735,0.03641571653470781,0.045556944988775175,0.040983182692511735,0.03641571653470781,0.045556944988775175,1200,9600,4,0,3,1,1074089192,2000,0.95,lemma-cluster percentile bootstrap over cached out-of-fold predictions; conditional on fitted fold models,a559df1d7b61a544
ita.V.orth.mgn,high_entropy,500,100,ldl,ita,ita,ital1282,V,orth,sha256:7ba5066622160d4d,2,0.4,wug_refit,learn_paths,char_transformer,substantive,mgn_data:ita-v,source_known_completion,NFIN,PRS.1SG|PRS.3SG|PRS.3PL|PST.1SG|PST.3SG|PST.3PL|COND.3SG|IMP.2SG,panel,0.22520833333333334,0.21291666666666667,0.23760651454336948,0.22520833333333334,0.21291666666666667,0.23760651454336948,1.9804166666666667,1.936301084236864,2.022985609520491,1.9804166666666667,1.936301084236864,2.022985609520491,0.2315652280090409,0.22532259467989493,0.23800682179694027,0.2315652280090409,0.22532259467989493,0.23800682179694027,1200,9600,0,0,3,1,1589345548,2000,0.95,lemma-cluster percentile bootstrap over cached out-of-fold predictions; conditional on fitted fold models,a559df1d7b61a544
ita.V.orth.mgn,high_entropy,500,100,selector,ita,ita,ital1282,V,orth,sha256:7ba5066622160d4d,2,0.4,wug_refit,learn_paths,char_transformer,substantive,mgn_data:ita-v,source_known_completion,NFIN,PRS.1SG|PRS.3SG|PRS.3PL|PST.1SG|PST.3SG|PST.3PL|COND.3SG|IMP.2SG,panel,0.8984375,0.8855120732722731,0.9105504587155964,0.8984375,0.8855120732722731,0.9105504587155964,0.19697916666666668,0.16839792944300655,0.22513167760880384,0.19697916666666668,0.16839792944300655,0.22513167760880384,0.02128088245218905,0.01809658487641483,0.024609273918898483,0.02128088245218905,0.01809658487641483,0.024609273918898483,1200,9600,0,0,3,1,11446345,2000,0.95,lemma-cluster percentile bootstrap over cached out-of-fold predictions; conditional on fitted fold models,a559df1d7b61a544
ita.V.orth.mgn,low_confidence,250,100,ldl,ita,ita,ital1282,V,orth,sha256:7ba5066622160d4d,2,0.4,wug_refit,learn_paths,char_transformer,substantive,mgn_data:ita-v,source_known_completion,NFIN,PRS.1SG|PRS.3SG|PRS.3PL|PST.1SG|PST.3SG|PST.3PL|COND.3SG|IMP.2SG,panel,0.24708333333333332,0.2346875,0.2591763393197881,0.24708333333333332,0.2346875,0.2591763393197881,1.9314583333333333,1.8866657370725606,1.9781479669719677,1.9314583333333333,1.8866657370725606,1.9781479669719677,0.22569704613707367,0.21908168786593177,0.23213484256481204,0.22569704613707367,0.21908168786593177,0.23213484256481204,1200,9600,0,0,3,1,1567793119,2000,0.95,lemma-cluster percentile bootstrap over cached out-of-fold predictions; conditional on fitted fold models,a559df1d7b61a544
ita.V.orth.mgn,low_confidence,250,100,selector,ita,ita,ital1282,V,orth,sha256:7ba5066622160d4d,2,0.4,wug_refit,learn_paths,char_transformer,substantive,mgn_data:ita-v,source_known_completion,NFIN,PRS.1SG|PRS.3SG|PRS.3PL|PST.1SG|PST.3SG|PST.3PL|COND.3SG|IMP.2SG,panel,0.8967708333333333,0.8838561583437586,0.9096147831526271,0.8967708333333333,0.8838561583437586,0.9096147831526271,0.21291666666666667,0.18202408256880734,0.24387194952856348,0.21291666666666667,0.18202408256880734,0.24387194952856348,0.022959079230327775,0.01961212640356118,0.026483603438948344,0.022959079230327775,0.01961212640356118,0.026483603438948344,1200,9600,0,0,3,1,2146977358,2000,0.95,lemma-cluster percentile bootstrap over cached out-of-fold predictions; conditional on fitted fold models,a559df1d7b61a544
ita.V.orth.mgn,low_confidence,500,100,ldl,ita,ita,ital1282,V,orth,sha256:7ba5066622160d4d,2,0.4,wug_refit,learn_paths,char_transformer,substantive,mgn_data:ita-v,source_known_completion,NFIN,PRS.1SG|PRS.3SG|PRS.3PL|PST.1SG|PST.3SG|PST.3PL|COND.3SG|IMP.2SG,panel,0.21395833333333333,0.2025,0.2259375,0.21395833333333333,0.2025,0.2259375,2.004375,1.9622583989261886,2.04625,2.004375,1.9622583989261886,2.04625,0.23340858854794372,0.22766120979261545,0.2392976933823302,0.23340858854794372,0.22766120979261545,0.2392976933823302,1200,9600,0,0,3,1,1051715716,2000,0.95,lemma-cluster percentile bootstrap over cached out-of-fold predictions; conditional on fitted fold models,a559df1d7b61a544
ita.V.orth.mgn,low_confidence,500,100,selector,ita,ita,ital1282,V,orth,sha256:7ba5066622160d4d,2,0.4,wug_refit,learn_paths,char_transformer,substantive,mgn_data:ita-v,source_known_completion,NFIN,PRS.1SG|PRS.3SG|PRS.3PL|PST.1SG|PST.3SG|PST.3PL|COND.3SG|IMP.2SG,panel,0.9008333333333334,0.8881140716069942,0.9136780650542119,0.9008333333333334,0.8881140716069942,0.9136780650542119,0.1996875,0.1706630525437865,0.23020874531640298,0.1996875,0.1706630525437865,0.23020874531640298,0.021015221947134677,0.017843532481155236,0.02438552985487459,0.021015221947134677,0.017843532481155236,0.02438552985487459,1200,9600,0,0,3,1,1667760051,2000,0.95,lemma-cluster percentile bootstrap over cached out-of-fold predictions; conditional on fitted fold models,a559df1d7b61a544
ita.V.orth.mgn,random,500,100,ldl,ita,ita,ital1282,V,orth,sha256:7ba5066622160d4d,2,0.4,wug_refit,learn_paths,char_transformer,substantive,mgn_data:ita-v,source_known_completion,NFIN,PRS.1SG|PRS.3SG|PRS.3PL|PST.1SG|PST.3SG|PST.3PL|COND.3SG|IMP.2SG,panel,0.35125,0.33684320266889073,0.3654168661532057,0.35125,0.33684320266889073,0.3654168661532057,1.6416666666666666,1.591008844175702,1.6920324842729424,1.6416666666666666,1.591008844175702,1.6920324842729424,0.189024857908009,0.1823152510957972,0.19609725464959735,0.189024857908009,0.1823152510957972,0.19609725464959735,1200,9600,0,0,3,1,695625323,2000,0.95,lemma-cluster percentile bootstrap over cached out-of-fold predictions; conditional on fitted fold models,a559df1d7b61a544
ita.V.orth.mgn,random,500,100,selector,ita,ita,ital1282,V,orth,sha256:7ba5066622160d4d,2,0.4,wug_refit,learn_paths,char_transformer,substantive,mgn_data:ita-v,source_known_completion,NFIN,PRS.1SG|PRS.3SG|PRS.3PL|PST.1SG|PST.3SG|PST.3PL|COND.3SG|IMP.2SG,panel,0.8622916666666667,0.8465379583513161,0.8781274698419301,0.8622916666666667,0.8465379583513161,0.8781274698419301,0.2690625,0.23542820168625117,0.3045401594028884,0.2690625,0.23542820168625117,0.3045401594028884,0.028454807504730107,0.025011101564703105,0.03228244101846069,0.028454807504730107,0.025011101564703105,0.03228244101846069,1200,9600,0,0,3,1,1460841184,2000,0.95,lemma-cluster percentile bootstrap over cached out-of-fold predictions; conditional on fitted fold models,a559df1d7b61a544
