model,budget,unit_id,comparison,statistic,estimate_a,estimate_b,difference,ci_low,ci_high,prop_boot_gt0,n_clusters,n_lemmas,n_items,n_boot,boot_seed,interval_note
ldl,100,fin.V.orth.mgn,low_confidence@500 - random@500,correct_micro,0.18614583333333334,0.20135416666666667,-0.015208333333333324,-0.027395833333333314,-0.002604166666666685,0.008,1200,1200,9600,2000,1950329238,paired cluster bootstrap over cached out-of-fold predictions; conditional on the fitted fold models
ldl,100,fin.V.orth.mgn,low_confidence@500 - random@500,correct_macro,0.18614583333333334,0.20135416666666667,-0.015208333333333324,-0.027395833333333314,-0.002604166666666685,0.008,1200,1200,9600,2000,1950329238,paired cluster bootstrap over cached out-of-fold predictions; conditional on the fitted fold models
ldl,100,fin.V.orth.mgn,low_confidence@500 - random@500,edit_distance_micro,1.6552083333333334,1.5830208333333333,0.07218750000000007,0.0345833333333334,0.10720052083333326,0.9995,1200,1200,9600,2000,1950329238,paired cluster bootstrap over cached out-of-fold predictions; conditional on the fitted fold models
ldl,100,fin.V.orth.mgn,low_confidence@500 - random@500,edit_distance_macro,1.6552083333333334,1.5830208333333333,0.07218750000000007,0.0345833333333334,0.10720052083333326,0.9995,1200,1200,9600,2000,1950329238,paired cluster bootstrap over cached out-of-fold predictions; conditional on the fitted fold models
ldl,100,fin.V.orth.mgn,low_confidence@500 - random@500,norm_edit_distance_micro,0.1864446814844333,0.18038420841821576,0.006060473066217542,0.001875566202375719,0.01004039828252834,0.998,1200,1200,9600,2000,1950329238,paired cluster bootstrap over cached out-of-fold predictions; conditional on the fitted fold models
ldl,100,fin.V.orth.mgn,low_confidence@500 - random@500,norm_edit_distance_macro,0.1864446814844333,0.18038420841821576,0.006060473066217542,0.001875566202375719,0.01004039828252834,0.998,1200,1200,9600,2000,1950329238,paired cluster bootstrap over cached out-of-fold predictions; conditional on the fitted fold models
ldl,100,fin.V.orth.mgn,high_entropy@500 - random@500,correct_micro,0.185,0.20135416666666667,-0.01635416666666667,-0.029169270833333337,-0.003955729166666661,0.007,1200,1200,9600,2000,1042821854,paired cluster bootstrap over cached out-of-fold predictions; conditional on the fitted fold models
ldl,100,fin.V.orth.mgn,high_entropy@500 - random@500,correct_macro,0.185,0.20135416666666667,-0.01635416666666667,-0.029169270833333337,-0.003955729166666661,0.007,1200,1200,9600,2000,1042821854,paired cluster bootstrap over cached out-of-fold predictions; conditional on the fitted fold models
ldl,100,fin.V.orth.mgn,high_entropy@500 - random@500,edit_distance_micro,1.6755208333333333,1.5830208333333333,0.09250000000000003,0.05447656249999997,0.1311458333333333,1.0,1200,1200,9600,2000,1042821854,paired cluster bootstrap over cached out-of-fold predictions; conditional on the fitted fold models
ldl,100,fin.V.orth.mgn,high_entropy@500 - random@500,edit_distance_macro,1.6755208333333333,1.5830208333333333,0.09250000000000003,0.05447656249999997,0.1311458333333333,1.0,1200,1200,9600,2000,1042821854,paired cluster bootstrap over cached out-of-fold predictions; conditional on the fitted fold models
ldl,100,fin.V.orth.mgn,high_entropy@500 - random@500,norm_edit_distance_micro,0.19039249964870367,0.18038420841821576,0.010008291230487909,0.005904292847675178,0.014156691332351942,1.0,1200,1200,9600,2000,1042821854,paired cluster bootstrap over cached out-of-fold predictions; conditional on the fitted fold models
ldl,100,fin.V.orth.mgn,high_entropy@500 - random@500,norm_edit_distance_macro,0.19039249964870367,0.18038420841821576,0.010008291230487909,0.005904292847675178,0.014156691332351942,1.0,1200,1200,9600,2000,1042821854,paired cluster bootstrap over cached out-of-fold predictions; conditional on the fitted fold models
ldl,100,fin.V.orth.mgn,low_confidence@500 - low_confidence@250,correct_micro,0.18614583333333334,0.20677083333333332,-0.020624999999999977,-0.032083333333333325,-0.00874739583333333,0.0,1200,1200,9600,2000,839640093,paired cluster bootstrap over cached out-of-fold predictions; conditional on the fitted fold models
ldl,100,fin.V.orth.mgn,low_confidence@500 - low_confidence@250,correct_macro,0.18614583333333334,0.20677083333333332,-0.020624999999999977,-0.032083333333333325,-0.00874739583333333,0.0,1200,1200,9600,2000,839640093,paired cluster bootstrap over cached out-of-fold predictions; conditional on the fitted fold models
ldl,100,fin.V.orth.mgn,low_confidence@500 - low_confidence@250,edit_distance_micro,1.6552083333333334,1.6152083333333334,0.040000000000000036,0.005208333333333476,0.07500781249999991,0.9885,1200,1200,9600,2000,839640093,paired cluster bootstrap over cached out-of-fold predictions; conditional on the fitted fold models
ldl,100,fin.V.orth.mgn,low_confidence@500 - low_confidence@250,edit_distance_macro,1.6552083333333334,1.6152083333333334,0.040000000000000036,0.005208333333333476,0.07500781249999991,0.9885,1200,1200,9600,2000,839640093,paired cluster bootstrap over cached out-of-fold predictions; conditional on the fitted fold models
ldl,100,fin.V.orth.mgn,low_confidence@500 - low_confidence@250,norm_edit_distance_micro,0.1864446814844333,0.1825220858679039,0.003922595616529412,2.314283024310414e-06,0.007824548413995786,0.975,1200,1200,9600,2000,839640093,paired cluster bootstrap over cached out-of-fold predictions; conditional on the fitted fold models
ldl,100,fin.V.orth.mgn,low_confidence@500 - low_confidence@250,norm_edit_distance_macro,0.1864446814844333,0.1825220858679039,0.003922595616529412,2.314283024310414e-06,0.007824548413995786,0.975,1200,1200,9600,2000,839640093,paired cluster bootstrap over cached out-of-fold predictions; conditional on the fitted fold models
ldl,100,fin.V.orth.mgn,low_confidence@250 - random@500,correct_micro,0.20677083333333332,0.20135416666666667,0.005416666666666653,-0.0060442708333333294,0.018645833333333334,0.8165,1200,1200,9600,2000,586302709,paired cluster bootstrap over cached out-of-fold predictions; conditional on the fitted fold models
ldl,100,fin.V.orth.mgn,low_confidence@250 - random@500,correct_macro,0.20677083333333332,0.20135416666666667,0.005416666666666653,-0.0060442708333333294,0.018645833333333334,0.8165,1200,1200,9600,2000,586302709,paired cluster bootstrap over cached out-of-fold predictions; conditional on the fitted fold models
ldl,100,fin.V.orth.mgn,low_confidence@250 - random@500,edit_distance_micro,1.6152083333333334,1.5830208333333333,0.032187500000000036,-0.006570312500000011,0.06751302083333316,0.9425,1200,1200,9600,2000,586302709,paired cluster bootstrap over cached out-of-fold predictions; conditional on the fitted fold models
ldl,100,fin.V.orth.mgn,low_confidence@250 - random@500,edit_distance_macro,1.6152083333333334,1.5830208333333333,0.032187500000000036,-0.006570312500000011,0.06751302083333316,0.9425,1200,1200,9600,2000,586302709,paired cluster bootstrap over cached out-of-fold predictions; conditional on the fitted fold models
ldl,100,fin.V.orth.mgn,low_confidence@250 - random@500,norm_edit_distance_micro,0.1825220858679039,0.18038420841821576,0.0021378774496881303,-0.002145974197881329,0.0059418407215741445,0.832,1200,1200,9600,2000,586302709,paired cluster bootstrap over cached out-of-fold predictions; conditional on the fitted fold models
ldl,100,fin.V.orth.mgn,low_confidence@250 - random@500,norm_edit_distance_macro,0.1825220858679039,0.18038420841821576,0.0021378774496881303,-0.002145974197881329,0.0059418407215741445,0.832,1200,1200,9600,2000,586302709,paired cluster bootstrap over cached out-of-fold predictions; conditional on the fitted fold models
selector,100,fin.V.orth.mgn,low_confidence@500 - random@500,correct_micro,0.7770833333333333,0.7770833333333333,0.0,-0.01968749999999997,0.01885937500000003,0.495,1200,1200,9600,2000,649229873,paired cluster bootstrap over cached out-of-fold predictions; conditional on the fitted fold models
selector,100,fin.V.orth.mgn,low_confidence@500 - random@500,correct_macro,0.7770833333333333,0.7770833333333333,0.0,-0.01968749999999997,0.01885937500000003,0.495,1200,1200,9600,2000,649229873,paired cluster bootstrap over cached out-of-fold predictions; conditional on the fitted fold models
selector,100,fin.V.orth.mgn,low_confidence@500 - random@500,edit_distance_micro,0.31302083333333336,0.33947916666666667,-0.026458333333333306,-0.057617187499999986,0.004481770833333298,0.047,1200,1200,9600,2000,649229873,paired cluster bootstrap over cached out-of-fold predictions; conditional on the fitted fold models
selector,100,fin.V.orth.mgn,low_confidence@500 - random@500,edit_distance_macro,0.31302083333333336,0.33947916666666667,-0.026458333333333306,-0.057617187499999986,0.004481770833333298,0.047,1200,1200,9600,2000,649229873,paired cluster bootstrap over cached out-of-fold predictions; conditional on the fitted fold models
selector,100,fin.V.orth.mgn,low_confidence@500 - random@500,norm_edit_distance_micro,0.036911665880415875,0.040983182692511735,-0.00407151681209586,-0.007842729835991553,-0.0003890421548682181,0.015,1200,1200,9600,2000,649229873,paired cluster bootstrap over cached out-of-fold predictions; conditional on the fitted fold models
selector,100,fin.V.orth.mgn,low_confidence@500 - random@500,norm_edit_distance_macro,0.036911665880415875,0.040983182692511735,-0.00407151681209586,-0.007842729835991553,-0.0003890421548682181,0.015,1200,1200,9600,2000,649229873,paired cluster bootstrap over cached out-of-fold predictions; conditional on the fitted fold models
selector,100,fin.V.orth.mgn,high_entropy@500 - random@500,correct_micro,0.7720833333333333,0.7770833333333333,-0.0050000000000000044,-0.02239583333333328,0.013440104166666644,0.267,1200,1200,9600,2000,1843253920,paired cluster bootstrap over cached out-of-fold predictions; conditional on the fitted fold models
selector,100,fin.V.orth.mgn,high_entropy@500 - random@500,correct_macro,0.7720833333333333,0.7770833333333333,-0.0050000000000000044,-0.02239583333333328,0.013440104166666644,0.267,1200,1200,9600,2000,1843253920,paired cluster bootstrap over cached out-of-fold predictions; conditional on the fitted fold models
selector,100,fin.V.orth.mgn,high_entropy@500 - random@500,edit_distance_micro,0.3120833333333333,0.33947916666666667,-0.02739583333333334,-0.05760677083333334,0.00093749999999998,0.0295,1200,1200,9600,2000,1843253920,paired cluster bootstrap over cached out-of-fold predictions; conditional on the fitted fold models
selector,100,fin.V.orth.mgn,high_entropy@500 - random@500,edit_distance_macro,0.3120833333333333,0.33947916666666667,-0.02739583333333334,-0.05760677083333334,0.00093749999999998,0.0295,1200,1200,9600,2000,1843253920,paired cluster bootstrap over cached out-of-fold predictions; conditional on the fitted fold models
selector,100,fin.V.orth.mgn,high_entropy@500 - random@500,norm_edit_distance_micro,0.03897581817182001,0.040983182692511735,-0.0020073645206917234,-0.005291952477711896,0.001298766356107803,0.122,1200,1200,9600,2000,1843253920,paired cluster bootstrap over cached out-of-fold predictions; conditional on the fitted fold models
selector,100,fin.V.orth.mgn,high_entropy@500 - random@500,norm_edit_distance_macro,0.03897581817182001,0.040983182692511735,-0.0020073645206917234,-0.005291952477711896,0.001298766356107803,0.122,1200,1200,9600,2000,1843253920,paired cluster bootstrap over cached out-of-fold predictions; conditional on the fitted fold models
selector,100,fin.V.orth.mgn,low_confidence@500 - low_confidence@250,correct_micro,0.7770833333333333,0.7941666666666667,-0.01708333333333334,-0.034492187500000035,0.0009401041666666856,0.0315,1200,1200,9600,2000,1201527836,paired cluster bootstrap over cached out-of-fold predictions; conditional on the fitted fold models
selector,100,fin.V.orth.mgn,low_confidence@500 - low_confidence@250,correct_macro,0.7770833333333333,0.7941666666666667,-0.01708333333333334,-0.034492187500000035,0.0009401041666666856,0.0315,1200,1200,9600,2000,1201527836,paired cluster bootstrap over cached out-of-fold predictions; conditional on the fitted fold models
selector,100,fin.V.orth.mgn,low_confidence@500 - low_confidence@250,edit_distance_micro,0.31302083333333336,0.2938541666666667,0.019166666666666665,-0.008645833333333353,0.04666927083333334,0.891,1200,1200,9600,2000,1201527836,paired cluster bootstrap over cached out-of-fold predictions; conditional on the fitted fold models
selector,100,fin.V.orth.mgn,low_confidence@500 - low_confidence@250,edit_distance_macro,0.31302083333333336,0.2938541666666667,0.019166666666666665,-0.008645833333333353,0.04666927083333334,0.891,1200,1200,9600,2000,1201527836,paired cluster bootstrap over cached out-of-fold predictions; conditional on the fitted fold models
selector,100,fin.V.orth.mgn,low_confidence@500 - low_confidence@250,norm_edit_distance_micro,0.036911665880415875,0.03528518005517086,0.0016264858252450151,-0.0016910137624579174,0.004708726010041502,0.823,1200,1200,9600,2000,1201527836,paired cluster bootstrap over cached out-of-fold predictions; conditional on the fitted fold models
selector,100,fin.V.orth.mgn,low_confidence@500 - low_confidence@250,norm_edit_distance_macro,0.036911665880415875,0.03528518005517086,0.0016264858252450151,-0.0016910137624579174,0.004708726010041502,0.823,1200,1200,9600,2000,1201527836,paired cluster bootstrap over cached out-of-fold predictions; conditional on the fitted fold models
selector,100,fin.V.orth.mgn,low_confidence@250 - random@500,correct_micro,0.7941666666666667,0.7770833333333333,0.01708333333333334,0.0012500000000000816,0.034062499999999996,0.9795,1200,1200,9600,2000,2129994296,paired cluster bootstrap over cached out-of-fold predictions; conditional on the fitted fold models
selector,100,fin.V.orth.mgn,low_confidence@250 - random@500,correct_macro,0.7941666666666667,0.7770833333333333,0.01708333333333334,0.0012500000000000816,0.034062499999999996,0.9795,1200,1200,9600,2000,2129994296,paired cluster bootstrap over cached out-of-fold predictions; conditional on the fitted fold models
selector,100,fin.V.orth.mgn,low_confidence@250 - random@500,edit_distance_micro,0.2938541666666667,0.33947916666666667,-0.04562499999999997,-0.07354166666666667,-0.019372395833333323,0.0,1200,1200,9600,2000,2129994296,paired cluster bootstrap over cached out-of-fold predictions; conditional on the fitted fold models
selector,100,fin.V.orth.mgn,low_confidence@250 - random@500,edit_distance_macro,0.2938541666666667,0.33947916666666667,-0.04562499999999997,-0.07354166666666667,-0.019372395833333323,0.0,1200,1200,9600,2000,2129994296,paired cluster bootstrap over cached out-of-fold predictions; conditional on the fitted fold models
selector,100,fin.V.orth.mgn,low_confidence@250 - random@500,norm_edit_distance_micro,0.03528518005517086,0.040983182692511735,-0.005698002637340875,-0.00908831379188111,-0.002667543222156047,0.0,1200,1200,9600,2000,2129994296,paired cluster bootstrap over cached out-of-fold predictions; conditional on the fitted fold models
selector,100,fin.V.orth.mgn,low_confidence@250 - random@500,norm_edit_distance_macro,0.03528518005517086,0.040983182692511735,-0.005698002637340875,-0.00908831379188111,-0.002667543222156047,0.0,1200,1200,9600,2000,2129994296,paired cluster bootstrap over cached out-of-fold predictions; conditional on the fitted fold models
ldl,100,ita.V.orth.mgn,low_confidence@500 - random@500,correct_micro,0.21395833333333333,0.35125,-0.13729166666666667,-0.15312499999999998,-0.12218279060827221,0.0,1199,1200,9600,2000,1231720286,paired cluster bootstrap over cached out-of-fold predictions; conditional on the fitted fold models
ldl,100,ita.V.orth.mgn,low_confidence@500 - random@500,correct_macro,0.21395833333333333,0.35125,-0.13729166666666667,-0.15312499999999998,-0.12218279060827221,0.0,1199,1200,9600,2000,1231720286,paired cluster bootstrap over cached out-of-fold predictions; conditional on the fitted fold models
ldl,100,ita.V.orth.mgn,low_confidence@500 - random@500,edit_distance_micro,2.004375,1.6416666666666666,0.3627083333333334,0.31562363395087434,0.4119603425071825,1.0,1199,1200,9600,2000,1231720286,paired cluster bootstrap over cached out-of-fold predictions; conditional on the fitted fold models
ldl,100,ita.V.orth.mgn,low_confidence@500 - random@500,edit_distance_macro,2.004375,1.6416666666666666,0.3627083333333334,0.31562363395087434,0.4119603425071825,1.0,1199,1200,9600,2000,1231720286,paired cluster bootstrap over cached out-of-fold predictions; conditional on the fitted fold models
ldl,100,ita.V.orth.mgn,low_confidence@500 - random@500,norm_edit_distance_micro,0.23340858854794372,0.189024857908009,0.044383730639934726,0.03910142046538532,0.050102216717743994,1.0,1199,1200,9600,2000,1231720286,paired cluster bootstrap over cached out-of-fold predictions; conditional on the fitted fold models
ldl,100,ita.V.orth.mgn,low_confidence@500 - random@500,norm_edit_distance_macro,0.23340858854794372,0.189024857908009,0.044383730639934726,0.03910142046538532,0.050102216717743994,1.0,1199,1200,9600,2000,1231720286,paired cluster bootstrap over cached out-of-fold predictions; conditional on the fitted fold models
ldl,100,ita.V.orth.mgn,high_entropy@500 - random@500,correct_micro,0.22520833333333334,0.35125,-0.12604166666666666,-0.14019598685123508,-0.11227324854045044,0.0,1199,1200,9600,2000,1956291643,paired cluster bootstrap over cached out-of-fold predictions; conditional on the fitted fold models
ldl,100,ita.V.orth.mgn,high_entropy@500 - random@500,correct_macro,0.22520833333333334,0.35125,-0.12604166666666666,-0.14019598685123508,-0.11227324854045044,0.0,1199,1200,9600,2000,1956291643,paired cluster bootstrap over cached out-of-fold predictions; conditional on the fitted fold models
ldl,100,ita.V.orth.mgn,high_entropy@500 - random@500,edit_distance_micro,1.9804166666666667,1.6416666666666666,0.3387500000000001,0.29267194586593476,0.3835440908617818,1.0,1199,1200,9600,2000,1956291643,paired cluster bootstrap over cached out-of-fold predictions; conditional on the fitted fold models
ldl,100,ita.V.orth.mgn,high_entropy@500 - random@500,edit_distance_macro,1.9804166666666667,1.6416666666666666,0.3387500000000001,0.29267194586593476,0.3835440908617818,1.0,1199,1200,9600,2000,1956291643,paired cluster bootstrap over cached out-of-fold predictions; conditional on the fitted fold models
ldl,100,ita.V.orth.mgn,high_entropy@500 - random@500,norm_edit_distance_micro,0.2315652280090409,0.189024857908009,0.0425403701010319,0.03701380213346377,0.04801421558403983,1.0,1199,1200,9600,2000,1956291643,paired cluster bootstrap over cached out-of-fold predictions; conditional on the fitted fold models
ldl,100,ita.V.orth.mgn,high_entropy@500 - random@500,norm_edit_distance_macro,0.2315652280090409,0.189024857908009,0.0425403701010319,0.03701380213346377,0.04801421558403983,1.0,1199,1200,9600,2000,1956291643,paired cluster bootstrap over cached out-of-fold predictions; conditional on the fitted fold models
ldl,100,ita.V.orth.mgn,low_confidence@500 - low_confidence@250,correct_micro,0.21395833333333333,0.24708333333333332,-0.03312499999999999,-0.04739744874063283,-0.019060291128023373,0.0,1199,1200,9600,2000,858560352,paired cluster bootstrap over cached out-of-fold predictions; conditional on the fitted fold models
ldl,100,ita.V.orth.mgn,low_confidence@500 - low_confidence@250,correct_macro,0.21395833333333333,0.24708333333333332,-0.03312499999999999,-0.04739744874063283,-0.019060291128023373,0.0,1199,1200,9600,2000,858560352,paired cluster bootstrap over cached out-of-fold predictions; conditional on the fitted fold models
ldl,100,ita.V.orth.mgn,low_confidence@500 - low_confidence@250,edit_distance_micro,2.004375,1.9314583333333333,0.07291666666666674,0.030750276853007203,0.11759815254031115,1.0,1199,1200,9600,2000,858560352,paired cluster bootstrap over cached out-of-fold predictions; conditional on the fitted fold models
ldl,100,ita.V.orth.mgn,low_confidence@500 - low_confidence@250,edit_distance_macro,2.004375,1.9314583333333333,0.07291666666666674,0.030750276853007203,0.11759815254031115,1.0,1199,1200,9600,2000,858560352,paired cluster bootstrap over cached out-of-fold predictions; conditional on the fitted fold models
ldl,100,ita.V.orth.mgn,low_confidence@500 - low_confidence@250,norm_edit_distance_micro,0.23340858854794372,0.22569704613707367,0.007711542410870048,0.0024533644727637487,0.012973309753539101,0.9975,1199,1200,9600,2000,858560352,paired cluster bootstrap over cached out-of-fold predictions; conditional on the fitted fold models
ldl,100,ita.V.orth.mgn,low_confidence@500 - low_confidence@250,norm_edit_distance_macro,0.23340858854794372,0.22569704613707367,0.007711542410870048,0.0024533644727637487,0.012973309753539101,0.9975,1199,1200,9600,2000,858560352,paired cluster bootstrap over cached out-of-fold predictions; conditional on the fitted fold models
ldl,100,ita.V.orth.mgn,low_confidence@250 - random@500,correct_micro,0.24708333333333332,0.35125,-0.10416666666666669,-0.1171962858133929,-0.09065290643213987,0.0,1199,1200,9600,2000,1137683141,paired cluster bootstrap over cached out-of-fold predictions; conditional on the fitted fold models
ldl,100,ita.V.orth.mgn,low_confidence@250 - random@500,correct_macro,0.24708333333333332,0.35125,-0.10416666666666669,-0.1171962858133929,-0.09065290643213987,0.0,1199,1200,9600,2000,1137683141,paired cluster bootstrap over cached out-of-fold predictions; conditional on the fitted fold models
ldl,100,ita.V.orth.mgn,low_confidence@250 - random@500,edit_distance_micro,1.9314583333333333,1.6416666666666666,0.28979166666666667,0.24395052083333352,0.3333011884904086,1.0,1199,1200,9600,2000,1137683141,paired cluster bootstrap over cached out-of-fold predictions; conditional on the fitted fold models
ldl,100,ita.V.orth.mgn,low_confidence@250 - random@500,edit_distance_macro,1.9314583333333333,1.6416666666666666,0.28979166666666667,0.24395052083333352,0.3333011884904086,1.0,1199,1200,9600,2000,1137683141,paired cluster bootstrap over cached out-of-fold predictions; conditional on the fitted fold models
ldl,100,ita.V.orth.mgn,low_confidence@250 - random@500,norm_edit_distance_micro,0.22569704613707367,0.189024857908009,0.03667218822906468,0.03125708117055098,0.042014001735361996,1.0,1199,1200,9600,2000,1137683141,paired cluster bootstrap over cached out-of-fold predictions; conditional on the fitted fold models
ldl,100,ita.V.orth.mgn,low_confidence@250 - random@500,norm_edit_distance_macro,0.22569704613707367,0.189024857908009,0.03667218822906468,0.03125708117055098,0.042014001735361996,1.0,1199,1200,9600,2000,1137683141,paired cluster bootstrap over cached out-of-fold predictions; conditional on the fitted fold models
selector,100,ita.V.orth.mgn,low_confidence@500 - random@500,correct_micro,0.9008333333333334,0.8622916666666667,0.038541666666666696,0.02643630308076605,0.050458715596330306,1.0,1199,1200,9600,2000,1907331098,paired cluster bootstrap over cached out-of-fold predictions; conditional on the fitted fold models
selector,100,ita.V.orth.mgn,low_confidence@500 - random@500,correct_macro,0.9008333333333334,0.8622916666666667,0.038541666666666696,0.02643630308076605,0.050458715596330306,1.0,1199,1200,9600,2000,1907331098,paired cluster bootstrap over cached out-of-fold predictions; conditional on the fitted fold models
selector,100,ita.V.orth.mgn,low_confidence@500 - random@500,edit_distance_micro,0.1996875,0.2690625,-0.06937499999999999,-0.09226438698915762,-0.046562500000000034,0.0,1199,1200,9600,2000,1907331098,paired cluster bootstrap over cached out-of-fold predictions; conditional on the fitted fold models
selector,100,ita.V.orth.mgn,low_confidence@500 - random@500,edit_distance_macro,0.1996875,0.2690625,-0.06937499999999999,-0.09226438698915762,-0.046562500000000034,0.0,1199,1200,9600,2000,1907331098,paired cluster bootstrap over cached out-of-fold predictions; conditional on the fitted fold models
selector,100,ita.V.orth.mgn,low_confidence@500 - random@500,norm_edit_distance_micro,0.021015221947134677,0.028454807504730107,-0.00743958555759543,-0.009889689502787898,-0.0049659216138875075,0.0,1199,1200,9600,2000,1907331098,paired cluster bootstrap over cached out-of-fold predictions; conditional on the fitted fold models
selector,100,ita.V.orth.mgn,low_confidence@500 - random@500,norm_edit_distance_macro,0.021015221947134677,0.028454807504730107,-0.00743958555759543,-0.009889689502787898,-0.0049659216138875075,0.0,1199,1200,9600,2000,1907331098,paired cluster bootstrap over cached out-of-fold predictions; conditional on the fitted fold models
selector,100,ita.V.orth.mgn,high_entropy@500 - random@500,correct_micro,0.8984375,0.8622916666666667,0.03614583333333332,0.024082067087155903,0.04798445305995,1.0,1199,1200,9600,2000,1076364610,paired cluster bootstrap over cached out-of-fold predictions; conditional on the fitted fold models
selector,100,ita.V.orth.mgn,high_entropy@500 - random@500,correct_macro,0.8984375,0.8622916666666667,0.03614583333333332,0.024082067087155903,0.04798445305995,1.0,1199,1200,9600,2000,1076364610,paired cluster bootstrap over cached out-of-fold predictions; conditional on the fitted fold models
selector,100,ita.V.orth.mgn,high_entropy@500 - random@500,edit_distance_micro,0.19697916666666668,0.2690625,-0.0720833333333333,-0.0946622185154295,-0.048685391037670285,0.0,1199,1200,9600,2000,1076364610,paired cluster bootstrap over cached out-of-fold predictions; conditional on the fitted fold models
selector,100,ita.V.orth.mgn,high_entropy@500 - random@500,edit_distance_macro,0.19697916666666668,0.2690625,-0.0720833333333333,-0.0946622185154295,-0.048685391037670285,0.0,1199,1200,9600,2000,1076364610,paired cluster bootstrap over cached out-of-fold predictions; conditional on the fitted fold models
selector,100,ita.V.orth.mgn,high_entropy@500 - random@500,norm_edit_distance_micro,0.02128088245218905,0.028454807504730107,-0.007173925052541056,-0.009493109254130485,-0.004686167085349993,0.0,1199,1200,9600,2000,1076364610,paired cluster bootstrap over cached out-of-fold predictions; conditional on the fitted fold models
selector,100,ita.V.orth.mgn,high_entropy@500 - random@500,norm_edit_distance_macro,0.02128088245218905,0.028454807504730107,-0.007173925052541056,-0.009493109254130485,-0.004686167085349993,0.0,1199,1200,9600,2000,1076364610,paired cluster bootstrap over cached out-of-fold predictions; conditional on the fitted fold models
selector,100,ita.V.orth.mgn,low_confidence@500 - low_confidence@250,correct_micro,0.9008333333333334,0.8967708333333333,0.00406250000000008,-0.004064930844425922,0.012395833333333384,0.8235,1199,1200,9600,2000,466235884,paired cluster bootstrap over cached out-of-fold predictions; conditional on the fitted fold models
selector,100,ita.V.orth.mgn,low_confidence@500 - low_confidence@250,correct_macro,0.9008333333333334,0.8967708333333333,0.00406250000000008,-0.004064930844425922,0.012395833333333384,0.8235,1199,1200,9600,2000,466235884,paired cluster bootstrap over cached out-of-fold predictions; conditional on the fitted fold models
selector,100,ita.V.orth.mgn,low_confidence@500 - low_confidence@250,edit_distance_micro,0.1996875,0.21291666666666667,-0.01322916666666668,-0.029821100917431172,0.0038650265555739767,0.0605,1199,1200,9600,2000,466235884,paired cluster bootstrap over cached out-of-fold predictions; conditional on the fitted fold models
selector,100,ita.V.orth.mgn,low_confidence@500 - low_confidence@250,edit_distance_macro,0.1996875,0.21291666666666667,-0.01322916666666668,-0.029821100917431172,0.0038650265555739767,0.0605,1199,1200,9600,2000,466235884,paired cluster bootstrap over cached out-of-fold predictions; conditional on the fitted fold models
selector,100,ita.V.orth.mgn,low_confidence@500 - low_confidence@250,norm_edit_distance_micro,0.021015221947134677,0.022959079230327775,-0.0019438572831930977,-0.0038167970482503076,-9.624374014538406e-05,0.02,1199,1200,9600,2000,466235884,paired cluster bootstrap over cached out-of-fold predictions; conditional on the fitted fold models
selector,100,ita.V.orth.mgn,low_confidence@500 - low_confidence@250,norm_edit_distance_macro,0.021015221947134677,0.022959079230327775,-0.0019438572831930977,-0.0038167970482503076,-9.624374014538406e-05,0.02,1199,1200,9600,2000,466235884,paired cluster bootstrap over cached out-of-fold predictions; conditional on the fitted fold models
selector,100,ita.V.orth.mgn,low_confidence@250 - random@500,correct_micro,0.8967708333333333,0.8622916666666667,0.034479166666666616,0.024353113700078935,0.04566375349913444,1.0,1199,1200,9600,2000,230348488,paired cluster bootstrap over cached out-of-fold predictions; conditional on the fitted fold models
selector,100,ita.V.orth.mgn,low_confidence@250 - random@500,correct_macro,0.8967708333333333,0.8622916666666667,0.034479166666666616,0.024353113700078935,0.04566375349913444,1.0,1199,1200,9600,2000,230348488,paired cluster bootstrap over cached out-of-fold predictions; conditional on the fitted fold models
selector,100,ita.V.orth.mgn,low_confidence@250 - random@500,edit_distance_micro,0.21291666666666667,0.2690625,-0.05614583333333331,-0.07664368413754855,-0.03655989583333334,0.0,1199,1200,9600,2000,230348488,paired cluster bootstrap over cached out-of-fold predictions; conditional on the fitted fold models
selector,100,ita.V.orth.mgn,low_confidence@250 - random@500,edit_distance_macro,0.21291666666666667,0.2690625,-0.05614583333333331,-0.07664368413754855,-0.03655989583333334,0.0,1199,1200,9600,2000,230348488,paired cluster bootstrap over cached out-of-fold predictions; conditional on the fitted fold models
selector,100,ita.V.orth.mgn,low_confidence@250 - random@500,norm_edit_distance_micro,0.022959079230327775,0.028454807504730107,-0.0054957282744023325,-0.007793264731805268,-0.0033665589313556102,0.0,1199,1200,9600,2000,230348488,paired cluster bootstrap over cached out-of-fold predictions; conditional on the fitted fold models
selector,100,ita.V.orth.mgn,low_confidence@250 - random@500,norm_edit_distance_macro,0.022959079230327775,0.028454807504730107,-0.0054957282744023325,-0.007793264731805268,-0.0033665589313556102,0.0,1199,1200,9600,2000,230348488,paired cluster bootstrap over cached out-of-fold predictions; conditional on the fitted fold models
