source_id,layer,path,sha256,sha256_matches_audit_provenance,origin,K,reference_setting,row_key,notes
gelato_main_populations,population_metadata,analyses/gelato_feasibility_2026_10_01/sources/gelato_c625fdc/cldf/populations.csv,d269b2a24182d969f0ae7c38162d7ae0f438cacc9b4d60c334275fa22ccf556d,True,https://github.com/gelato-org/gelato-data/tree/c625fdcf0225142cc03ae3a1635edf322e9c7778,,,ID / Name,"397 Human Origins populations: sample size, coordinates, Glottocode, curation notes, source"
gelato_main_genetic_summaries,genetic_summary_gelato,analyses/gelato_feasibility_2026_10_01/sources/gelato_c625fdc/datasets/HumanOrigins_AutosomalSNP/data.csv,40630df0c5020d235a6e0428487fe771d6954e79a0ecac772c6d9f0caff64685,True,https://github.com/gelato-org/gelato-data/tree/c625fdcf0225142cc03ae3a1635edf322e9c7778,,,PopName,GeLaTo FST/Ne summaries (not ancestry proportions); not read by the data stage
zenodo_tableS1,population_metadata,analyses/gelato_feasibility_2026_10_01/sources/zenodo_15263706/geneticAdmixture-linguisticDiffusion/tables/tableS1.csv,02b38caec27d21911c453ef5ea424d2df3a070dcfe15814b1ed084ca89a4483c,True,https://zenodo.org/records/15263706,,,Population,558 analysed populations; curated GeLaTo/GBI/TLI Glottocodes; N_Individuals; reference
zenodo_population_mapping,population_metadata,analyses/gelato_feasibility_2026_10_01/sources/zenodo_15263706/geneticAdmixture-linguisticDiffusion/input/GeLaTo-population-glottocode-mapping.csv,c50ded4e70efb3008523e0ef89e7879b16f2d899b451a7c93c1dab2015ec3049,True,https://zenodo.org/records/15263706,,,PopName,"653-row auxiliary mapping (location, proxy comments); wider than the analysed set"
zenodo_geneticinfo,ancestry_inference_index,analyses/gelato_feasibility_2026_10_01/sources/zenodo_15263706/geneticAdmixture-linguisticDiffusion/input/MegaAdmixtureCatalogue/ADMIXTURE/GeneticInfoID.csv,6808f5e77a82a1f03a34cb267fdd17ebbb7e650ae88a022606370034e28dfe90,True,https://zenodo.org/records/15263706,,,Order / Population,individual rows; row i of every Q matrix is Order i
zenodo_Q_K12,ancestry_inference_Q,analyses/gelato_feasibility_2026_10_01/sources/zenodo_15263706/geneticAdmixture-linguisticDiffusion/input/MegaAdmixtureCatalogue/ADMIXTURE/best_runs/GelatoHO_mergedSetMarchBEDnorelatives_pruned_autosomes_K12.Q,db8bff4d87111f696b8da8e4a28689f79b69db7de74143d473d003a45b144b62,True,https://zenodo.org/records/15263706,12,"GelatoHO merged set (March), no relatives, LD-pruned autosomes; 4,768 individuals",GeneticInfoID Order,ADMIXTURE best run; component ids local to this K
zenodo_Q_K13,ancestry_inference_Q,analyses/gelato_feasibility_2026_10_01/sources/zenodo_15263706/geneticAdmixture-linguisticDiffusion/input/MegaAdmixtureCatalogue/ADMIXTURE/best_runs/GelatoHO_mergedSetMarchBEDnorelatives_pruned_autosomes_K13.Q,22d247ba4ae35c9ac55a21997e76efa109fcc600f965f29e9ea6075b1de1a296,True,https://zenodo.org/records/15263706,13,"GelatoHO merged set (March), no relatives, LD-pruned autosomes; 4,768 individuals",GeneticInfoID Order,ADMIXTURE best run; component ids local to this K
zenodo_Q_K14,ancestry_inference_Q,analyses/gelato_feasibility_2026_10_01/sources/zenodo_15263706/geneticAdmixture-linguisticDiffusion/input/MegaAdmixtureCatalogue/ADMIXTURE/best_runs/GelatoHO_mergedSetMarchBEDnorelatives_pruned_autosomes_K14.Q,f94aa3d70a2cdc67159fb5724ee9b800378f20d690c3b4e71d04e07a68fb4367,True,https://zenodo.org/records/15263706,14,"GelatoHO merged set (March), no relatives, LD-pruned autosomes; 4,768 individuals",GeneticInfoID Order,ADMIXTURE best run; component ids local to this K
zenodo_Q_K15,ancestry_inference_Q,analyses/gelato_feasibility_2026_10_01/sources/zenodo_15263706/geneticAdmixture-linguisticDiffusion/input/MegaAdmixtureCatalogue/ADMIXTURE/best_runs/GelatoHO_mergedSetMarchBEDnorelatives_pruned_autosomes_K15.Q,b241ebf993117b16beb04bbccc5464fc4674e5897a87ba90b8e04a7446fcc67b,True,https://zenodo.org/records/15263706,15,"GelatoHO merged set (March), no relatives, LD-pruned autosomes; 4,768 individuals",GeneticInfoID Order,ADMIXTURE best run; component ids local to this K
zenodo_Q_K16,ancestry_inference_Q,analyses/gelato_feasibility_2026_10_01/sources/zenodo_15263706/geneticAdmixture-linguisticDiffusion/input/MegaAdmixtureCatalogue/ADMIXTURE/best_runs/GelatoHO_mergedSetMarchBEDnorelatives_pruned_autosomes_K16.Q,36f836cb6429236eeebaf52cab8281dfb635e47b1a64c1e181bd8c9a14f205ca,True,https://zenodo.org/records/15263706,16,"GelatoHO merged set (March), no relatives, LD-pruned autosomes; 4,768 individuals",GeneticInfoID Order,ADMIXTURE best run; component ids local to this K
zenodo_Q_K17,ancestry_inference_Q,analyses/gelato_feasibility_2026_10_01/sources/zenodo_15263706/geneticAdmixture-linguisticDiffusion/input/MegaAdmixtureCatalogue/ADMIXTURE/best_runs/GelatoHO_mergedSetMarchBEDnorelatives_pruned_autosomes_K17.Q,446ee83b7b2fa73e0e13e1cb177aa4e130d0af33e5f9af8bffe3a89ca7017219,True,https://zenodo.org/records/15263706,17,"GelatoHO merged set (March), no relatives, LD-pruned autosomes; 4,768 individuals",GeneticInfoID Order,ADMIXTURE best run; component ids local to this K
zenodo_Q_K18,ancestry_inference_Q,analyses/gelato_feasibility_2026_10_01/sources/zenodo_15263706/geneticAdmixture-linguisticDiffusion/input/MegaAdmixtureCatalogue/ADMIXTURE/best_runs/GelatoHO_mergedSetMarchBEDnorelatives_pruned_autosomes_K18.Q,a0735acea62a427572fbc757101fc28cfcde30ac9f13fb2b3a2f9d0b0be0f95a,True,https://zenodo.org/records/15263706,18,"GelatoHO merged set (March), no relatives, LD-pruned autosomes; 4,768 individuals",GeneticInfoID Order,ADMIXTURE best run; component ids local to this K
zenodo_Q_K19,ancestry_inference_Q,analyses/gelato_feasibility_2026_10_01/sources/zenodo_15263706/geneticAdmixture-linguisticDiffusion/input/MegaAdmixtureCatalogue/ADMIXTURE/best_runs/GelatoHO_mergedSetMarchBEDnorelatives_pruned_autosomes_K19.Q,359b165dc6d1f00d79331587a2a3a305ff4611c12f73b5a0aa5379503b6de159,True,https://zenodo.org/records/15263706,19,"GelatoHO merged set (March), no relatives, LD-pruned autosomes; 4,768 individuals",GeneticInfoID Order,ADMIXTURE best run; component ids local to this K
zenodo_Q_K20,ancestry_inference_Q,analyses/gelato_feasibility_2026_10_01/sources/zenodo_15263706/geneticAdmixture-linguisticDiffusion/input/MegaAdmixtureCatalogue/ADMIXTURE/best_runs/GelatoHO_mergedSetMarchBEDnorelatives_pruned_autosomes_K20.Q,15150738a930802ac2860004e84054a4ba87b8cd611c69f19888bef4bcf48906,True,https://zenodo.org/records/15263706,20,"GelatoHO merged set (March), no relatives, LD-pruned autosomes; 4,768 individuals",GeneticInfoID Order,ADMIXTURE best run; component ids local to this K
zenodo_Q_K21,ancestry_inference_Q,analyses/gelato_feasibility_2026_10_01/sources/zenodo_15263706/geneticAdmixture-linguisticDiffusion/input/MegaAdmixtureCatalogue/ADMIXTURE/best_runs/GelatoHO_mergedSetMarchBEDnorelatives_pruned_autosomes_K21.Q,72b13d951cfd9bf6120abc199a6e7507950955031819fc23cb192b6bc5869b60,True,https://zenodo.org/records/15263706,21,"GelatoHO merged set (March), no relatives, LD-pruned autosomes; 4,768 individuals",GeneticInfoID Order,ADMIXTURE best run; component ids local to this K
zenodo_Q_K22,ancestry_inference_Q,analyses/gelato_feasibility_2026_10_01/sources/zenodo_15263706/geneticAdmixture-linguisticDiffusion/input/MegaAdmixtureCatalogue/ADMIXTURE/best_runs/GelatoHO_mergedSetMarchBEDnorelatives_pruned_autosomes_K22.Q,8f38789df4f281ae6bded8a04f2f070d1651406b6f76b9603d7973466985edd9,True,https://zenodo.org/records/15263706,22,"GelatoHO merged set (March), no relatives, LD-pruned autosomes; 4,768 individuals",GeneticInfoID Order,ADMIXTURE best run; component ids local to this K
zenodo_Q_K23,ancestry_inference_Q,analyses/gelato_feasibility_2026_10_01/sources/zenodo_15263706/geneticAdmixture-linguisticDiffusion/input/MegaAdmixtureCatalogue/ADMIXTURE/best_runs/GelatoHO_mergedSetMarchBEDnorelatives_pruned_autosomes_K23.Q,9f8c4d7e1a063f88ae0dc5a60e642b775622fc81dbc410fb1aa07cda8ae123d3,True,https://zenodo.org/records/15263706,23,"GelatoHO merged set (March), no relatives, LD-pruned autosomes; 4,768 individuals",GeneticInfoID Order,ADMIXTURE best run; component ids local to this K
zenodo_Q_K24,ancestry_inference_Q,analyses/gelato_feasibility_2026_10_01/sources/zenodo_15263706/geneticAdmixture-linguisticDiffusion/input/MegaAdmixtureCatalogue/ADMIXTURE/best_runs/GelatoHO_mergedSetMarchBEDnorelatives_pruned_autosomes_K24.Q,e2d5f371eb3ce2017c95fbd60b0994b4545f9002bac29b0bc979e8e5fbaddc80,True,https://zenodo.org/records/15263706,24,"GelatoHO merged set (March), no relatives, LD-pruned autosomes; 4,768 individuals",GeneticInfoID Order,ADMIXTURE best run; component ids local to this K
zenodo_Q_K25,ancestry_inference_Q,analyses/gelato_feasibility_2026_10_01/sources/zenodo_15263706/geneticAdmixture-linguisticDiffusion/input/MegaAdmixtureCatalogue/ADMIXTURE/best_runs/GelatoHO_mergedSetMarchBEDnorelatives_pruned_autosomes_K25.Q,d14931782d5fea908fe1de37bf5680f5319bf5ba4029f908ff8e2ae7fdf29f3f,True,https://zenodo.org/records/15263706,25,"GelatoHO merged set (March), no relatives, LD-pruned autosomes; 4,768 individuals",GeneticInfoID Order,ADMIXTURE best run; component ids local to this K
zenodo_Q_K26,ancestry_inference_Q,analyses/gelato_feasibility_2026_10_01/sources/zenodo_15263706/geneticAdmixture-linguisticDiffusion/input/MegaAdmixtureCatalogue/ADMIXTURE/best_runs/GelatoHO_mergedSetMarchBEDnorelatives_pruned_autosomes_K26.Q,abd0518fed9da9c7a8ef08f7ae6158173ad6b57119e84828b1bcd0598134c633,True,https://zenodo.org/records/15263706,26,"GelatoHO merged set (March), no relatives, LD-pruned autosomes; 4,768 individuals",GeneticInfoID Order,ADMIXTURE best run; component ids local to this K
zenodo_Q_K27,ancestry_inference_Q,analyses/gelato_feasibility_2026_10_01/sources/zenodo_15263706/geneticAdmixture-linguisticDiffusion/input/MegaAdmixtureCatalogue/ADMIXTURE/best_runs/GelatoHO_mergedSetMarchBEDnorelatives_pruned_autosomes_K27.Q,f6f9a204832dd05234bafe8245e56d7c66d1aedca57a3f55959bc6ff008c8a56,True,https://zenodo.org/records/15263706,27,"GelatoHO merged set (March), no relatives, LD-pruned autosomes; 4,768 individuals",GeneticInfoID Order,ADMIXTURE best run; component ids local to this K
zenodo_Q_K28,ancestry_inference_Q,analyses/gelato_feasibility_2026_10_01/sources/zenodo_15263706/geneticAdmixture-linguisticDiffusion/input/MegaAdmixtureCatalogue/ADMIXTURE/best_runs/GelatoHO_mergedSetMarchBEDnorelatives_pruned_autosomes_K28.Q,8b2ecbeb8f9eebe4113c51324cc1d3458fb9c1008ce2801afab6fede94d17559,True,https://zenodo.org/records/15263706,28,"GelatoHO merged set (March), no relatives, LD-pruned autosomes; 4,768 individuals",GeneticInfoID Order,ADMIXTURE best run; component ids local to this K
zenodo_Q_K29,ancestry_inference_Q,analyses/gelato_feasibility_2026_10_01/sources/zenodo_15263706/geneticAdmixture-linguisticDiffusion/input/MegaAdmixtureCatalogue/ADMIXTURE/best_runs/GelatoHO_mergedSetMarchBEDnorelatives_pruned_autosomes_K29.Q,8ba9a8b36d8bb7e07bdf2721a94b7beebfb1a495062bb5524e6b96c2ba701011,True,https://zenodo.org/records/15263706,29,"GelatoHO merged set (March), no relatives, LD-pruned autosomes; 4,768 individuals",GeneticInfoID Order,ADMIXTURE best run; component ids local to this K
zenodo_Q_K30,ancestry_inference_Q,analyses/gelato_feasibility_2026_10_01/sources/zenodo_15263706/geneticAdmixture-linguisticDiffusion/input/MegaAdmixtureCatalogue/ADMIXTURE/best_runs/GelatoHO_mergedSetMarchBEDnorelatives_pruned_autosomes_K30.Q,2be8a7f0ea76d1a84e7642f5ef8203354daa337b082bb731c87b7d270ff008cb,True,https://zenodo.org/records/15263706,30,"GelatoHO merged set (March), no relatives, LD-pruned autosomes; 4,768 individuals",GeneticInfoID Order,ADMIXTURE best run; component ids local to this K
audit_K23_population_means,derived_summary,analyses/gelato_feasibility_2026_10_01/outputs/population_ancestry_K23_components.csv,362c68fc9124c1baa9633296510f4b9821beda616f57e0d5f9632dc9d9357f77,,analyses/gelato_feasibility_2026_10_01/audit.py,23,as zenodo_Q_K23,population,mean of individual Q rows per Table S1 population; K=23 only; descriptive
audit_K12_K30_diagnostics,derived_summary,analyses/gelato_feasibility_2026_10_01/outputs/population_ancestry_K12_K30_diagnostics.csv,b401885702c38568d08141d5390a698200c4f56bca2bee600eb2b5900d0c409e,,analyses/gelato_feasibility_2026_10_01/audit.py,12-30,as zenodo_Q_K12..30,population + K,diagnostics for populations whose Table S1 Glottocode is an MGN language; descriptive
audit_K_sensitivity,derived_summary,analyses/gelato_feasibility_2026_10_01/outputs/ancestry_K_sensitivity.csv,285186cb33f9da3ec8894c055271618a315246b741afc43baf9ae2d2a7d2d8ba,,analyses/gelato_feasibility_2026_10_01/audit.py,12-30,as zenodo_Q_K12..30,population,range across K=12..30; descriptive
